LineID,OrderID,ProductID,CustomerID,OrderDate,OrderPriority,OrderQuantity,Sales,Discount,ShipMode,Profit,UnitPrice,ShippingCost
222,16262,954944,73966703,2011-01-01,Low,11,62.84000,0.06,Express Air,9.53,5.18,2.04
3474,52640,508763,24718220,2011-01-01,Medium,18,1163.75000,0.05,Express Air,222.17,63.98,19.99
5123,2277,584340,65058193,2011-01-01,Not Specified,10,66.54000,0.01,Regular Air,-46.03,5.98,4.38
7684,17058,317100,19029328,2011-01-01,High,15,72.67000,0.04,Regular Air,-62.37,4.28,6.72
7927,2277,267787,65058193,2011-01-01,Not Specified,21,845.32000,0.06,Regular Air,33.67,40.99,19.99
3536,10144,476021,17033987,2011-01-02,Critical,16,5403.75000,0.08,Delivery Truck,103.83,355.98,58.92
5261,10144,953470,17033987,2011-01-02,Critical,1,192.49000,0.02,Delivery Truck,-98.30,160.98,30.00
6824,10436,575546,93675598,2011-01-02,Low,24,138.75000,0.09,Regular Air,49.81,5.84,1.00
7881,24033,752280,24718220,2011-01-02,High,50,1227.18000,0.00,Delivery Truck,-252.53,23.99,15.68
912,25188,988535,31869933,2011-01-03,Medium,20,1564.16150,0.00,Regular Air,682.48,85.99,2.50
3061,9221,50693,45612560,2011-01-03,Low,9,79.64000,0.03,Regular Air,-377.74,3.25,49.00
6238,4006,455222,18361125,2011-01-03,Medium,38,1441.61000,0.06,Regular Air,624.84,37.94,5.08
6431,9221,954683,45612560,2011-01-03,Low,25,1527.42000,0.04,Regular Air,326.40,60.98,19.99
128,44198,933326,38038963,2011-01-04,Critical,35,625.94850,0.04,Express Air,-87.02,20.99,3.30
180,802,314991,102252318,2011-01-04,Critical,2,38.50000,0.09,Regular Air,-52.14,15.99,9.40
915,33473,865125,56549626,2011-01-04,Low,50,600.22000,0.08,Regular Air,27.86,12.98,3.14
1938,802,445951,102252318,2011-01-04,Critical,33,378.60000,0.08,Regular Air,12.72,11.70,5.63
3024,54528,152427,38342784,2011-01-04,Medium,17,207.19000,0.01,Regular Air,-85.91,11.66,8.99
3041,58054,332624,92552035,2011-01-04,High,26,61.40000,0.04,Regular Air,-92.11,2.08,5.33
4169,52486,888848,96713610,2011-01-04,Not Specified,41,11883.20000,0.10,Regular Air,4160.88,300.97,7.18
6137,6560,945371,54579803,2011-01-04,Low,20,169.18000,0.09,Regular Air,-18.73,8.67,3.50
6417,54528,325508,38342784,2011-01-04,Medium,8,88.00000,0.06,Regular Air,-6.38,10.48,2.89
7516,54528,827242,97790785,2011-01-04,Medium,15,92.03000,0.03,Regular Air,19.71,6.08,0.91
5233,25028,140526,99162955,2011-01-05,Critical,5,477.39000,0.02,Delivery Truck,-211.36,81.94,55.81
6771,25028,455222,99162955,2011-01-05,Critical,14,552.08000,0.00,Express Air,203.24,37.94,5.08
1434,8195,494051,97790785,2011-01-06,Medium,5,51.30000,0.05,Express Air,-32.48,7.28,11.15
2415,29958,1012355,9969848,2011-01-06,High,47,307.57000,0.00,Regular Air,-72.30,6.37,5.19
2928,43808,845978,81926227,2011-01-06,Low,16,108.73000,0.04,Regular Air,-22.21,6.24,5.22
3077,35845,136430,73763693,2011-01-06,High,15,5713.48000,0.05,Delivery Truck,-712.53,376.13,85.63
4051,29958,528974,9969848,2011-01-06,High,32,14861.07000,0.10,Delivery Truck,3408.29,500.98,26.00
4330,8195,912860,97790785,2011-01-06,Medium,1,8.48000,0.10,Regular Air,-7.90,5.08,3.63
4331,8195,695980,97790785,2011-01-06,Medium,26,87.52000,0.03,Regular Air,-70.02,3.28,3.97
920,50945,444231,50764704,2011-01-07,Critical,27,834.06250,0.01,Regular Air,192.29,35.99,1.25
3121,3488,381761,65592088,2011-01-07,Medium,39,4669.19000,0.06,Delivery Truck,-1864.08,122.99,70.20
6467,3488,625704,65592088,2011-01-07,Medium,6,133.40000,0.02,Regular Air,-0.31,21.98,2.87
866,52672,767830,65797980,2011-01-08,Low,29,1499.52750,0.09,Regular Air,188.98,65.99,5.26
2310,46402,592044,9630170,2011-01-08,Medium,27,826.27000,0.03,Regular Air,322.88,29.18,8.55
3392,58340,199819,8933378,2011-01-08,Medium,36,1936.30000,0.03,Regular Air,278.12,50.98,13.66
4627,7840,391118,62872976,2011-01-08,Low,34,157.56000,0.10,Regular Air,-139.35,4.89,4.93
5688,46402,152521,9630170,2011-01-08,Medium,29,1777.46900,0.01,Regular Air,166.37,66.99,13.99
5689,46402,1037740,9630170,2011-01-08,Medium,12,1219.14650,0.01,Express Air,52.93,115.99,2.50
2273,1445,648476,87932728,2011-01-09,Medium,3,1326.09000,0.00,Regular Air,-20.55,420.98,19.99
3470,40225,888871,47416847,2011-01-09,Low,50,839.07000,0.06,Regular Air,212.73,16.74,5.08
3471,40225,381761,47416847,2011-01-09,Low,45,5643.49000,0.05,Delivery Truck,-1857.06,122.99,70.20
3886,19654,633903,25750022,2011-01-09,High,8,381.69000,0.04,Regular Air,256.18,46.94,6.77
4521,43814,850189,59426264,2011-01-09,Medium,47,199.48000,0.03,Regular Air,13.80,4.20,2.26
4544,23556,689598,35637070,2011-01-09,Medium,34,11747.97000,0.05,Express Air,3302.03,363.25,19.99
5654,1445,361692,87932728,2011-01-09,Medium,30,339.49000,0.08,Regular Air,-74.21,11.97,5.81
5769,14693,945963,76457359,2011-01-09,Critical,38,847.82000,0.05,Delivery Truck,-1348.50,20.98,45.00
7301,14693,272882,76457359,2011-01-09,Critical,39,268.94000,0.02,Regular Air,-87.52,6.48,6.41
7637,43814,99546,59426264,2011-01-09,Medium,40,197.10000,0.09,Regular Air,-12.88,5.28,2.99
393,20805,504878,76162149,2011-01-10,High,12,69.98000,0.06,Regular Air,-58.33,5.53,6.98
394,20805,436896,76162149,2011-01-10,High,12,45.61000,0.10,Regular Air,9.18,3.85,0.70
558,42081,275481,91844273,2011-01-10,Low,26,1493.85800,0.02,Regular Air,183.24,65.99,8.80
964,40420,394140,91889558,2011-01-10,High,50,886.36300,0.08,Regular Air,450.02,20.99,0.99
965,40420,186776,91889558,2011-01-10,High,22,59.08000,0.10,Regular Air,-2.61,2.88,1.49
1567,32901,232452,104494645,2011-01-10,Critical,13,49.74000,0.00,Regular Air,17.70,3.75,0.50
2045,20805,126813,76162149,2011-01-10,High,35,418.34000,0.08,Regular Air,73.57,12.58,5.16
3129,41895,360858,71445870,2011-01-10,Critical,8,27663.92000,0.05,Regular Air,-391.92,3499.99,24.49
4322,35266,757246,11928127,2011-01-10,Not Specified,39,217.25000,0.07,Regular Air,33.50,5.84,1.20
5969,41254,612619,96580875,2011-01-10,Critical,17,1782.68000,0.08,Regular Air,280.64,107.53,5.81
7065,20805,857575,76162149,2011-01-10,High,3,17.70000,0.06,Regular Air,-10.37,4.28,4.79
7128,42081,657298,91844273,2011-01-10,Low,3,32.49000,0.08,Regular Air,-5.05,10.94,1.39
7129,42081,352478,91844273,2011-01-10,Low,36,188.34000,0.04,Regular Air,-110.16,5.18,5.74
121,46468,851117,40615970,2011-01-11,Critical,41,1618.31000,0.08,Express Air,504.71,39.48,1.99
1211,12773,373440,105870693,2011-01-11,Low,6,17.00000,0.07,Regular Air,-4.61,2.78,1.49
1904,46468,351447,40615970,2011-01-11,Critical,46,7535.96000,0.08,Regular Air,2745.87,165.98,19.99
2562,12773,924265,105870693,2011-01-11,Low,15,67.41000,0.04,Regular Air,-49.60,4.14,6.60
4181,12773,793720,105870693,2011-01-11,Low,21,77.62000,0.01,Regular Air,-50.88,3.28,3.97
4360,21670,206992,65028410,2011-01-11,High,24,1965.21000,0.00,Regular Air,830.75,78.69,19.99
5203,4134,630917,90970454,2011-01-11,Critical,23,757.91000,0.02,Regular Air,-16.05,30.97,4.00
5204,4134,34354,90970454,2011-01-11,Critical,48,6403.39000,0.01,Delivery Truck,-824.15,130.98,54.74
6968,46468,1044002,40615970,2011-01-11,Critical,1,11.87000,0.04,Regular Air,-8.89,6.48,5.40
7399,12773,563334,105870693,2011-01-11,Low,19,130.67000,0.05,Regular Air,-77.18,6.48,7.86
594,18370,753117,96063089,2011-01-13,Low,41,1271.04750,0.00,Regular Air,-158.24,35.99,5.00
1735,29409,841964,49229231,2011-01-13,High,23,38.99000,0.09,Regular Air,-33.52,1.70,1.99
3314,55815,450925,54637428,2011-01-13,High,28,2860.19000,0.04,Express Air,458.40,105.29,10.12
4128,21379,990587,7191557,2011-01-14,High,35,5428.49000,0.05,Delivery Truck,-1046.78,150.89,60.20
2309,46147,642280,97965401,2011-01-15,Critical,37,925.80000,0.01,Regular Air,30.69,24.92,12.98
5903,49189,219855,41170795,2011-01-15,Critical,32,249.59000,0.06,Regular Air,101.82,7.64,1.39
7243,46147,523991,97965401,2011-01-15,Critical,39,282.48000,0.08,Express Air,-87.01,7.10,6.05
1540,25669,399302,99377938,2011-01-16,Critical,12,45.63000,0.02,Regular Air,15.42,3.69,0.50
7772,19365,988897,30535909,2011-01-16,Medium,29,181.83000,0.03,Regular Air,-43.36,5.98,5.20
1383,46980,428893,86931361,2011-01-17,Critical,34,216.30000,0.01,Regular Air,103.16,6.30,0.50
2197,11111,760319,88328172,2011-01-17,Medium,7,308.52000,0.10,Regular Air,-59.85,41.47,34.20
5214,35780,519574,96403643,2011-01-17,Medium,6,28.55000,0.01,Regular Air,-4.50,4.28,1.60
7163,11111,620362,88328172,2011-01-17,Medium,29,176.50000,0.10,Regular Air,-119.72,6.48,7.37
3626,15719,279374,12392564,2011-01-18,Critical,18,5405.44000,0.07,Delivery Truck,604.46,300.98,64.73
3648,28642,251048,56352213,2011-01-18,High,27,1592.04150,0.00,Regular Air,-52.70,65.99,19.99
7030,28642,99546,56352213,2011-01-18,High,41,230.29000,0.00,Regular Air,14.48,5.28,2.99
660,16096,147972,99084990,2011-01-19,High,9,42.21000,0.00,Express Air,18.21,2.88,0.99
967,49987,394140,88611817,2011-01-19,High,14,242.28400,0.03,Regular Air,51.75,20.99,0.99
4087,36931,519574,24098604,2011-01-19,Not Specified,46,180.56000,0.10,Regular Air,-15.79,4.28,1.60
6451,49987,698622,82163884,2011-01-19,High,15,1795.49000,0.05,Delivery Truck,-626.04,114.98,58.72
7391,10722,721136,96713610,2011-01-19,Not Specified,8,40.26000,0.01,Regular Air,-27.44,4.28,5.68
2714,22561,1100539,97151439,2011-01-20,Critical,7,128.62000,0.07,Regular Air,-27.78,17.67,8.99
6083,22561,945371,97151439,2011-01-20,Critical,50,424.00000,0.03,Regular Air,-19.77,8.67,3.50
6084,22561,287133,97151439,2011-01-20,Critical,5,504.79000,0.03,Express Air,-245.09,99.99,19.99
1148,35399,368543,44725860,2011-01-21,Low,38,188.38000,0.04,Regular Air,-120.12,4.91,5.68
2347,16837,104120,80369893,2011-01-21,Not Specified,4,997.00000,0.09,Delivery Truck,-307.96,258.98,54.31
3857,57217,730958,55790716,2011-01-21,Medium,35,422.25000,0.06,Regular Air,-116.02,11.66,7.95
827,50208,364648,84895139,2011-01-22,Medium,4,38.76000,0.10,Express Air,-12.13,6.23,6.97
1585,9824,480920,46716126,2011-01-22,Critical,5,21.56000,0.00,Regular Air,2.75,4.13,0.50
2300,2883,835973,97344739,2011-01-22,Low,34,2154.34000,0.10,Regular Air,177.66,64.98,6.88
2816,9824,505095,46716126,2011-01-22,Critical,39,1939.66000,0.03,Express Air,540.67,48.92,4.50
4963,21606,851560,52636682,2011-01-22,Not Specified,29,516.62000,0.06,Regular Air,138.33,17.48,1.99
6197,9824,545294,46716126,2011-01-22,Critical,43,115.81000,0.10,Regular Air,-1.49,2.88,1.01
6794,21606,220034,85839759,2011-01-22,Not Specified,43,1374.70000,0.06,Express Air,-90.30,32.98,5.50
5178,49443,397638,68382142,2011-01-23,High,41,396.15000,0.05,Regular Air,-10.98,9.85,4.82
1396,386,481924,52428882,2011-01-24,High,4,14.96000,0.02,Regular Air,-0.03,3.69,0.50
1397,386,436896,52428882,2011-01-24,High,4,15.69000,0.09,Regular Air,-1.59,3.85,0.70
5227,21890,933643,82568232,2011-01-24,Not Specified,27,81.90000,0.01,Regular Air,4.06,2.94,0.96
6176,49761,191273,12419685,2011-01-24,Not Specified,45,1090.60000,0.07,Regular Air,300.91,23.99,6.30
6733,47136,928702,70402918,2011-01-24,Medium,18,89.99000,0.00,Regular Air,18.96,4.82,1.49
6798,21890,957636,23702536,2011-01-24,Not Specified,44,495.50000,0.06,Regular Air,-12.67,11.58,6.97
429,25095,459677,75768983,2011-01-25,Low,18,693.06000,0.06,Regular Air,148.30,39.98,9.83
3727,25095,250765,75768983,2011-01-25,Low,41,4475.03000,0.08,Delivery Truck,-167.83,115.99,56.14
4663,33091,687346,39765174,2011-01-25,High,24,265.35000,0.02,Regular Air,-128.69,9.99,11.59
114,51974,182998,48076280,2011-01-26,High,2,23.18000,0.05,Regular Air,-14.88,8.60,6.19
3563,51974,487927,48076280,2011-01-26,High,10,1290.37000,0.05,Regular Air,231.16,123.38,24.49
5053,49601,461227,27524985,2011-01-26,Low,15,1756.46000,0.01,Delivery Truck,-101.19,113.98,30.00
5332,24388,339698,26995184,2011-01-26,Critical,15,8662.34000,0.00,Delivery Truck,-704.66,549.99,49.00
7769,52199,276012,83808705,2011-01-26,Medium,19,92.24000,0.05,Regular Air,-60.58,4.82,5.24
374,24960,196617,48760545,2011-01-27,High,35,5797.68000,0.04,Regular Air,1366.57,200.99,4.20
927,59652,328029,56055651,2011-01-27,Medium,17,312.03500,0.05,Regular Air,-55.94,20.99,0.99
2031,24960,661762,48760545,2011-01-27,High,48,1760.35000,0.01,Express Air,-17.08,34.98,7.53
3424,15106,56825,39335289,2011-01-27,Not Specified,42,283.58000,0.03,Regular Air,-14.23,6.64,4.95
4912,15106,840523,39335289,2011-01-27,Not Specified,35,82.15000,0.03,Regular Air,-6.33,2.21,1.12
5428,24960,455222,48760545,2011-01-27,High,37,1436.94000,0.00,Regular Air,639.66,37.94,5.08
6625,15106,399912,39335289,2011-01-27,Not Specified,39,5403.37000,0.06,Delivery Truck,948.79,145.45,17.85
7059,24960,877412,48760545,2011-01-27,High,18,125.80000,0.03,Regular Air,-35.98,6.48,5.87
3334,59047,924265,34725205,2011-01-28,Not Specified,26,113.85000,0.06,Regular Air,-93.93,4.14,6.60
4849,59047,677142,34725205,2011-01-28,Not Specified,10,266.94000,0.09,Regular Air,19.20,28.48,1.99
5242,26529,844963,60559394,2011-01-28,Low,17,201.72000,0.05,Regular Air,-81.61,11.34,11.25
2926,30151,642280,7438025,2011-01-29,Not Specified,31,792.76000,0.02,Regular Air,33.37,24.92,12.98
4243,24640,461227,45162841,2011-01-29,Medium,12,1379.98000,0.06,Delivery Truck,-151.73,113.98,30.00
6725,59139,181963,93857244,2011-01-29,Critical,12,849.51000,0.05,Regular Air,163.10,70.97,3.50
7321,8480,345717,94808461,2011-01-29,High,11,76.36000,0.07,Regular Air,-58.40,6.48,8.74
7932,59139,500519,93857244,2011-01-29,Critical,38,189.49000,0.09,Regular Air,-13.71,5.34,2.99
2248,21760,431822,19346760,2011-01-30,Not Specified,9,71.20000,0.08,Regular Air,1.87,7.38,5.21
1718,58981,91978,37999431,2011-01-31,High,28,1262.75000,0.07,Regular Air,422.23,46.89,5.10
1733,52482,37996,22754409,2011-01-31,Critical,21,848.20000,0.06,Express Air,163.78,40.98,5.33
2927,52482,211351,22754409,2011-01-31,Critical,30,717.21000,0.00,Regular Air,217.06,22.23,3.63
4695,8802,487927,15643761,2011-01-31,Medium,15,1866.12000,0.07,Regular Air,400.69,123.38,24.49
6729,27430,485887,16320930,2011-01-31,High,3,315.27000,0.08,Regular Air,278.60,105.98,13.99
6841,27430,942547,31282636,2011-01-31,High,12,82.64000,0.10,Regular Air,0.35,7.08,2.35
648,21956,986755,83693488,2011-02-01,High,2,125.27300,0.02,Regular Air,-301.91,65.99,8.99
1500,31140,358060,16972966,2011-02-01,Critical,4,13.42000,0.03,Regular Air,-1.26,3.08,0.99
3135,6791,681369,103996019,2011-02-01,Medium,14,730.33000,0.10,Express Air,110.77,51.98,10.17
4979,55075,870163,60006070,2011-02-01,Critical,21,556.45000,0.08,Delivery Truck,-124.42,25.98,14.36
5295,24160,908570,80727603,2011-02-01,Medium,44,3644.59600,0.06,Regular Air,1104.32,95.99,4.90
1108,33958,933326,104577129,2011-02-02,Critical,27,462.36600,0.10,Regular Air,-120.05,20.99,3.30
2479,33958,934530,104577129,2011-02-02,Critical,14,336.48000,0.09,Regular Air,5.56,25.99,5.37
3346,21639,275015,100045626,2011-02-02,Not Specified,3,131.50000,0.01,Regular Air,105.90,39.98,9.20
3347,21639,802904,100045626,2011-02-02,Not Specified,23,158.99000,0.07,Regular Air,-197.13,6.98,9.69
3348,21639,120431,100045626,2011-02-02,Not Specified,38,7814.59000,0.02,Regular Air,3408.46,194.30,11.54
6574,21639,72789,100045626,2011-02-02,Not Specified,24,145.15000,0.07,Regular Air,-169.17,5.94,9.92
6795,12326,390796,85839759,2011-02-02,Critical,4,123.82000,0.05,Regular Air,-0.37,29.34,57.87
797,21057,851117,60083352,2011-02-03,Low,28,1103.67000,0.04,Regular Air,253.61,39.48,1.99
1343,38784,428893,70563874,2011-02-03,Medium,50,298.12000,0.09,Regular Air,137.67,6.30,0.50
3418,45059,719525,33158318,2011-02-03,Not Specified,4,130.14000,0.04,Regular Air,-116.18,30.42,8.65
3433,45059,271693,90155791,2011-02-03,Not Specified,39,3401.80000,0.09,Express Air,-508.87,95.43,19.99
5412,40102,945371,33888882,2011-02-03,Medium,46,412.37000,0.06,Express Air,2.71,8.67,3.50
6634,45059,484548,90155791,2011-02-03,Not Specified,35,1327.59000,0.05,Express Air,371.28,37.74,2.90
3850,32484,279374,101792006,2011-02-04,Not Specified,9,2502.67000,0.10,Delivery Truck,-198.80,300.98,64.73
5513,34978,957535,11934383,2011-02-04,High,49,165.51000,0.08,Regular Air,-269.91,3.52,6.83
6339,50949,746290,86531956,2011-02-04,Medium,46,4804.03850,0.08,Regular Air,1077.92,125.99,8.80
6340,50949,593359,86531956,2011-02-04,Medium,32,73.55000,0.09,Express Air,7.95,2.18,0.78
2167,11719,361951,36255546,2011-02-05,Not Specified,30,616.01000,0.09,Regular Air,-74.88,21.38,8.99
2170,11719,302796,36255546,2011-02-05,Not Specified,3,1566.80000,0.06,Delivery Truck,-1044.92,500.97,69.30
2825,29028,27473,97936435,2011-02-05,Critical,43,17131.36000,0.08,Delivery Truck,4722.77,400.97,14.70
3063,32007,301122,56692640,2011-02-05,Low,41,17448.75000,0.06,Delivery Truck,9.93,417.40,75.23
3840,41926,398909,96421847,2011-02-05,High,43,1562.69000,0.00,Regular Air,287.74,34.76,8.22
4542,29767,330853,69641516,2011-02-05,High,48,4153.06000,0.06,Regular Air,1499.41,90.24,0.99
5530,11719,632964,36255546,2011-02-05,Not Specified,17,438.60850,0.01,Regular Air,-56.05,28.99,8.59
6161,14503,255922,6982655,2011-02-05,Not Specified,14,438.47000,0.02,Express Air,157.89,30.56,2.99
7169,41926,299508,96421847,2011-02-05,High,17,112.57000,0.08,Regular Air,-28.53,6.48,5.14
7546,21155,229862,29705839,2011-02-05,High,4,81.78000,0.07,Regular Air,-12.43,19.98,5.97
129,39270,375694,38038963,2011-02-06,High,11,65.78000,0.07,Regular Air,-17.42,5.81,3.37
601,12066,924094,12859907,2011-02-06,Medium,27,4442.04900,0.10,Regular Air,720.95,200.99,8.08
649,54882,1000550,83693488,2011-02-06,Critical,17,86.29000,0.02,Regular Air,34.98,4.98,0.49
786,2053,654261,33385671,2011-02-06,Critical,7,771.78300,0.08,Regular Air,-449.53,140.99,4.20
1345,57633,213268,99048732,2011-02-06,High,12,351.12000,0.09,Express Air,202.63,30.93,3.92
1935,43110,360858,28130934,2011-02-06,High,1,3457.99000,0.05,Regular Air,-11861.46,3499.99,24.49
2207,54882,686278,83693488,2011-02-06,Critical,2,86.92000,0.03,Regular Air,-43.93,36.55,13.89
3928,2053,528974,33385671,2011-02-06,Critical,39,19342.84000,0.01,Delivery Truck,5603.95,500.98,126.00
5685,46307,910598,15087878,2011-02-06,Medium,27,1217.77000,0.01,Regular Air,283.14,42.76,6.22
6253,30497,942944,91042485,2011-02-06,Critical,34,706.91000,0.03,Express Air,85.68,20.98,8.83
6986,43110,371815,28130934,2011-02-06,High,3,21.01000,0.00,Regular Air,-9.69,4.98,5.02
7241,46307,153113,15087878,2011-02-06,Medium,32,643.53000,0.05,Regular Air,175.97,19.98,5.77
7307,56711,433913,2378178,2011-02-06,Low,25,1279.45000,0.01,Regular Air,558.25,48.04,7.23
7629,30497,484348,91042485,2011-02-06,Critical,31,190.06000,0.06,Regular Air,-61.90,5.98,5.35
386,1637,767300,18716501,2011-02-07,Not Specified,36,1225.52000,0.10,Express Air,-1191.13,35.48,35.00
748,31046,624282,103048242,2011-02-07,Critical,35,248.42000,0.02,Regular Air,-58.81,6.84,4.42
1199,29953,463033,41170795,2011-02-07,Critical,42,619.77000,0.02,Regular Air,50.24,14.45,7.17
2039,1637,403494,18716501,2011-02-07,Not Specified,47,1348.57000,0.08,Regular Air,19.57,30.98,8.99
2539,34881,392183,97850819,2011-02-07,Medium,37,187.37000,0.01,Regular Air,-85.01,4.98,4.95
2749,21824,265590,89767975,2011-02-07,Low,37,3351.55000,0.04,Express Air,-1036.92,90.98,56.20
5651,31046,609559,103048242,2011-02-07,Critical,42,3900.53100,0.08,Regular Air,1144.63,110.99,2.50
7061,1637,690859,18716501,2011-02-07,Not Specified,10,1024.29000,0.07,Regular Air,-95.52,99.99,19.99
431,57922,260010,51940252,2011-02-08,Critical,50,343.26000,0.04,Regular Air,-287.28,6.84,8.37
1303,15300,175848,37535131,2011-02-08,High,42,229.88000,0.05,Express Air,-75.25,5.28,5.06
3477,22532,231361,19237970,2011-02-08,Critical,13,121.66000,0.03,Regular Air,-11.80,8.85,5.60
1070,15428,658101,107838267,2011-02-09,Critical,50,1444.96000,0.09,Express Air,-6.34,29.10,4.00
4099,15428,64446,107838267,2011-02-09,Critical,10,941.62150,0.01,Regular Air,-186.67,110.99,8.99
1089,28773,259517,70928312,2011-02-10,Low,48,2174.41900,0.05,Regular Air,-211.70,55.99,5.00
2385,21989,754038,88555704,2011-02-10,Low,9,118.95000,0.03,Regular Air,30.80,12.07,6.20
3892,49892,242307,77243589,2011-02-10,Low,26,171.14000,0.02,Regular Air,-1172.75,4.48,49.00
4023,21989,952312,88555704,2011-02-10,Low,35,3814.17100,0.04,Regular Air,1077.13,125.99,4.20
4102,33764,538416,35678860,2011-02-10,Critical,4,539.82000,0.00,Regular Air,-64.78,120.33,19.99
5835,33764,240546,35678860,2011-02-10,Critical,6,1029.88550,0.06,Express Air,-620.83,205.99,8.99
6322,51461,453581,22754409,2011-02-10,Not Specified,43,858.53000,0.07,Regular Air,-97.54,19.99,11.17
6842,33764,942547,71600295,2011-02-10,Critical,31,226.15000,0.01,Regular Air,35.98,7.08,2.35
666,34243,494051,34288922,2011-02-11,High,40,297.34000,0.04,Express Air,-270.96,7.28,11.15
667,34243,767300,34288922,2011-02-11,High,35,1264.13000,0.02,Regular Air,-1087.36,35.48,35.00
2218,34243,447798,34288922,2011-02-11,High,10,89.04000,0.08,Regular Air,-16.49,8.75,8.54
3830,18244,949076,58951505,2011-02-11,Critical,1,172.34000,0.00,Regular Air,-73.22,140.81,24.49
5495,6403,98988,43122374,2011-02-11,Low,41,17874.26000,0.00,Regular Air,6247.95,419.19,19.99
464,45156,641495,69981415,2011-02-12,Low,14,174.30000,0.08,Regular Air,75.58,12.53,0.50
544,46562,95746,78769548,2011-02-12,Not Specified,35,5407.90000,0.01,Delivery Truck,-352.79,145.98,46.20
3746,45156,813730,69981415,2011-02-12,Low,30,663.24000,0.01,Regular Air,76.33,20.48,6.32
7096,45156,734492,69981415,2011-02-12,Low,35,238.08000,0.07,Regular Air,31.65,6.75,2.99
457,9537,604088,77418915,2011-02-13,Not Specified,43,170.88000,0.01,Regular Air,-149.09,3.81,5.44
837,7171,892166,106488141,2011-02-13,Medium,28,1703.85050,0.00,Regular Air,316.06,65.99,8.99
838,7171,394140,106488141,2011-02-13,Medium,17,303.18650,0.02,Regular Air,92.59,20.99,0.99
1006,10245,504878,20332788,2011-02-13,Medium,23,127.17000,0.10,Regular Air,-108.13,5.53,6.98
2081,9537,331372,77418915,2011-02-13,Not Specified,6,906.02000,0.10,Delivery Truck,-382.38,150.98,66.27
3107,10245,762722,91774159,2011-02-13,Medium,27,2645.88000,0.06,Delivery Truck,-1231.98,100.98,57.38
3503,10245,381761,47611253,2011-02-13,Medium,20,2573.29000,0.04,Delivery Truck,-896.94,122.99,70.20
5318,49763,209997,50179492,2011-02-13,Critical,8,49.04000,0.02,Regular Air,9.29,5.68,1.39
6152,47015,952554,94347685,2011-02-13,Not Specified,19,5441.06000,0.06,Delivery Truck,-557.20,286.85,61.76
6818,59045,249175,26155039,2011-02-13,Critical,30,140.24000,0.05,Regular Air,32.87,4.55,1.49
215,55808,518917,21909421,2011-02-14,Not Specified,45,837.38600,0.03,Regular Air,104.33,20.99,4.81
699,45991,480920,83750888,2011-02-14,Low,50,196.39000,0.07,Regular Air,82.60,4.13,0.50
747,22849,403726,103048242,2011-02-14,Not Specified,25,4366.34800,0.05,Regular Air,940.57,205.99,3.00
2236,45991,160678,83750888,2011-02-14,Low,1,131.27000,0.10,Delivery Truck,-68.16,100.98,35.84
2263,22849,802904,103048242,2011-02-14,Not Specified,27,198.13000,0.01,Regular Air,-219.92,6.98,9.69
2265,22849,445951,103048242,2011-02-14,Not Specified,27,304.98000,0.08,Regular Air,2.73,11.70,5.63
3612,55808,381761,21909421,2011-02-14,Not Specified,6,830.28000,0.00,Delivery Truck,-382.98,122.99,70.20
4064,35494,679655,93685062,2011-02-14,Medium,18,1731.10400,0.01,Regular Air,-270.57,111.96,69.00
4277,50276,855099,79648189,2011-02-14,Not Specified,34,390.35000,0.05,Regular Air,71.03,11.55,2.36
4449,58500,64446,11321197,2011-02-14,Low,17,1529.01400,0.07,Regular Air,14.01,110.99,8.99
1240,45155,234415,100725173,2011-02-15,Low,44,181.61000,0.03,Regular Air,-150.26,4.13,5.34
2797,5636,896019,23905406,2011-02-15,Medium,23,138.17000,0.00,Regular Air,-1.09,5.85,2.27
4819,14434,1048806,85212736,2011-02-15,Not Specified,39,4733.88000,0.02,Delivery Truck,239.41,119.99,56.14
5925,45155,701718,100725173,2011-02-15,Low,35,111.55000,0.05,Regular Air,-54.25,3.14,1.92
5933,30981,251563,48810863,2011-02-15,Low,22,3653.22000,0.09,Delivery Truck,-116.02,180.98,30.00
5935,30981,409791,48810863,2011-02-15,Low,29,7837.44000,0.10,Delivery Truck,1817.76,279.81,23.19
2261,27105,286374,37499275,2011-02-16,Not Specified,2,26.82000,0.00,Regular Air,26.21,10.40,5.40
3940,23426,192250,54628732,2011-02-16,Critical,12,29.71000,0.09,Regular Air,-23.17,2.52,1.92
3941,23426,87900,54628732,2011-02-16,Critical,45,1009.80000,0.07,Regular Air,352.64,22.98,1.99
5128,52868,463313,25637113,2011-02-16,Low,19,138.05000,0.09,Regular Air,-100.49,7.37,5.53
7208,27105,73356,37499275,2011-02-16,Not Specified,37,223.74000,0.01,Regular Air,39.63,5.98,2.50
4120,10213,868096,69306501,2011-02-17,High,12,464.57000,0.04,Regular Air,-79.18,39.98,4.00
5856,49921,399912,49488637,2011-02-17,Low,5,756.15000,0.06,Delivery Truck,-280.28,145.45,17.85
5857,49921,797793,49488637,2011-02-17,Low,1,18.15000,0.04,Regular Air,-7.26,12.28,6.13
2636,40386,519834,68418756,2011-02-18,High,28,2905.30000,0.00,Express Air,1704.00,98.31,0.49
3223,16481,499554,30755819,2011-02-18,Low,50,3089.06000,0.00,Regular Air,719.26,56.96,13.22
5139,36454,294775,16320930,2011-02-18,Critical,8,69.57000,0.05,Regular Air,-36.06,7.98,6.50
6522,16481,105743,30755819,2011-02-18,Low,47,20265.22000,0.08,Delivery Truck,6168.64,442.14,14.70
3463,51777,507331,53272704,2011-02-19,Medium,4,3465.97000,0.08,Regular Air,194.32,896.99,19.99
4933,51777,23721,53272704,2011-02-19,Medium,13,1307.88000,0.06,Regular Air,206.86,100.97,7.18
5055,9696,188964,85580048,2011-02-19,Not Specified,13,3335.27000,0.03,Delivery Truck,539.69,243.98,43.32
7906,9696,734492,85580048,2011-02-19,Not Specified,15,110.15000,0.02,Regular Air,13.91,6.75,2.99
1745,40962,947046,44875137,2011-02-20,Critical,28,1553.66000,0.03,Regular Air,547.48,54.48,0.99
2684,7462,614969,86396748,2011-02-20,High,3,72.63000,0.07,Express Air,-26.94,22.01,5.53
2794,21475,301122,23344923,2011-02-20,Critical,15,4956.78400,0.06,Delivery Truck,-296.06,417.40,75.23
3108,12486,762722,55010642,2011-02-20,High,31,3081.33000,0.08,Delivery Truck,-1341.11,100.98,57.38
4576,40962,156820,44875137,2011-02-20,Critical,30,3276.99650,0.00,Regular Air,653.06,125.99,8.99
4727,12486,587480,55010642,2011-02-20,High,42,1692.56000,0.04,Regular Air,275.50,40.98,7.20
6170,21475,131747,23344923,2011-02-20,Critical,39,538.14000,0.06,Regular Air,111.42,14.48,1.99
6866,58117,701718,54917669,2011-02-20,Critical,42,134.86000,0.04,Regular Air,-62.84,3.14,1.92
1141,5347,990658,89677213,2011-02-21,Medium,7,525.55500,0.04,Regular Air,-60.67,85.99,1.25
1143,5347,560855,89677213,2011-02-21,Medium,39,276.02900,0.05,Regular Air,-108.19,7.99,5.03
2815,3814,884540,46716126,2011-02-21,Low,43,1225.41000,0.04,Express Air,-138.02,28.28,13.99
4144,5347,391953,89677213,2011-02-21,Medium,1,187.20400,0.01,Regular Air,-796.76,205.99,5.26
6703,49312,612619,50165765,2011-02-21,Critical,19,1882.18000,0.09,Express Air,336.26,107.53,5.81
7914,49312,1073132,50165765,2011-02-21,Critical,30,164.41000,0.00,Regular Air,-128.52,4.98,7.54
2496,12641,149455,90627052,2011-02-22,Low,24,3668.60000,0.07,Regular Air,993.15,155.06,7.07
3877,11651,506093,65762504,2011-02-22,Medium,19,65.85000,0.07,Express Air,3.90,3.28,0.98
7324,33794,84722,12932634,2011-02-22,Critical,18,92.77000,0.06,Regular Air,-17.91,4.91,3.05
7367,12641,985033,90627052,2011-02-22,Low,2,107.12000,0.08,Regular Air,-54.87,55.98,4.86
7368,12641,421821,90627052,2011-02-22,Low,25,676.24000,0.05,Regular Air,219.78,26.38,5.86
4167,3749,290269,79533912,2011-02-23,Medium,27,353.62000,0.01,Regular Air,140.15,12.97,1.49
626,39909,344239,58951505,2011-02-24,Low,50,7778.75800,0.00,Regular Air,2547.30,175.99,4.99
1365,40001,924461,62437020,2011-02-24,Medium,46,1736.53000,0.10,Regular Air,457.03,39.48,3.99
2353,25799,858401,64928711,2011-02-24,Low,38,136.50000,0.05,Regular Air,-216.66,3.34,7.49
2366,18023,651577,31869933,2011-02-24,Medium,38,4502.26000,0.09,Delivery Truck,1272.17,120.97,26.30
3445,37863,567128,47754470,2011-02-24,High,27,305.05000,0.04,Regular Air,23.12,10.98,3.37
4002,18023,1036331,31869933,2011-02-24,Medium,34,192.23000,0.07,Regular Air,-149.84,5.78,7.64
5524,21350,999980,20566789,2011-02-24,Medium,30,278.94000,0.01,Regular Air,-143.70,9.06,9.86
7450,54787,384417,97203720,2011-02-24,High,7,170.02000,0.07,Regular Air,-56.10,22.84,16.87
7638,32965,690859,58941026,2011-02-24,High,25,2427.25000,0.10,Regular Air,227.67,99.99,19.99
7989,32965,538736,22367901,2011-02-24,High,2,11.15000,0.04,Regular Air,-5.54,3.98,2.97
196,19558,638256,3704525,2011-02-25,Low,2,7.98000,0.04,Regular Air,-3.93,3.29,1.35
4970,4960,279374,68911769,2011-02-25,Low,30,8363.65000,0.09,Delivery Truck,763.33,300.98,64.73
8049,4960,345717,22112455,2011-02-25,Low,4,40.87000,0.04,Express Air,-16.38,6.48,8.74
1964,43137,149455,73966703,2011-02-26,High,40,6069.05000,0.05,Regular Air,1816.71,155.06,7.07
2701,50145,699709,59478070,2011-02-26,High,18,325.58000,0.06,Regular Air,152.28,18.84,3.62
3910,4642,991205,87932728,2011-02-26,Critical,9,65.61000,0.08,Regular Air,-39.74,7.28,3.52
4031,46372,672681,88611817,2011-02-26,High,7,375.57000,0.02,Regular Air,12.71,52.40,16.11
4324,50145,633903,59478070,2011-02-26,High,9,458.80000,0.00,Regular Air,305.87,46.94,6.77
5473,15462,642999,69981415,2011-02-26,Critical,20,862.64000,0.08,Regular Air,320.81,43.41,2.99
5653,4642,492902,87932728,2011-02-26,Critical,21,309.62000,0.00,Express Air,-80.20,14.03,9.37
6970,8133,940550,101078507,2011-02-26,Medium,11,405.53000,0.04,Regular Air,130.52,35.44,5.09
7296,46372,1014815,88611817,2011-02-26,High,15,81.97000,0.07,Regular Air,-81.33,4.98,8.33
7723,21125,79826,86724665,2011-02-26,Not Specified,17,155.17000,0.08,Regular Air,2.12,9.27,4.39
6896,7521,1037740,68213457,2011-02-27,Low,19,1942.17350,0.00,Express Air,400.82,115.99,2.50
702,20068,504878,95577022,2011-02-28,Critical,9,53.18000,0.09,Regular Air,-46.13,5.53,6.98
2413,28741,567128,8368712,2011-02-28,Not Specified,5,59.76000,0.04,Regular Air,-10.34,10.98,3.37
4401,40612,840523,37575390,2011-02-28,High,9,19.20000,0.10,Regular Air,-6.84,2.21,1.12
7312,28741,675603,8368712,2011-02-28,Not Specified,13,70.13000,0.02,Regular Air,21.51,5.43,0.95
1760,928,299230,14871276,2011-03-01,Low,21,1222.68000,0.06,Express Air,300.97,59.98,3.99
2945,928,304170,14871276,2011-03-01,Low,26,390.20000,0.02,Express Air,45.00,14.58,7.40
5212,12868,592380,85936564,2011-03-01,Critical,31,53.33000,0.09,Regular Air,-2.44,1.76,0.70
5322,12194,671330,28130934,2011-03-01,Critical,19,3355.15400,0.00,Regular Air,658.50,195.99,3.99
6500,5188,467302,87126998,2011-03-01,Not Specified,24,192.80000,0.05,Regular Air,31.00,8.01,2.87
6877,12868,841268,79695933,2011-03-01,Critical,2,9.37000,0.09,Regular Air,-5.26,4.48,1.22
1204,40165,809305,49422276,2011-03-02,High,50,421.36000,0.07,Regular Air,-75.17,8.62,4.50
1738,46115,284312,63476354,2011-03-02,Critical,35,677.43000,0.10,Regular Air,-37.99,19.98,4.00
7119,16642,550577,67539279,2011-03-02,Not Specified,46,7640.22500,0.07,Regular Air,2027.68,205.99,2.50
7662,46115,50374,63476354,2011-03-02,Critical,38,491.78000,0.00,Regular Air,44.04,12.28,6.47
676,26723,246671,70910022,2011-03-03,Low,8,441.80450,0.03,Regular Air,-201.49,65.99,7.69
1001,22433,106849,7838724,2011-03-03,Critical,44,797.98000,0.05,Regular Air,237.47,20.99,0.99
4881,48071,489031,19473719,2011-03-03,Low,1,22.74000,0.03,Express Air,-13.59,12.64,4.98
110,27811,456509,44817590,2011-03-04,Not Specified,31,197.59000,0.09,Regular Air,-73.62,6.81,5.48
1895,27811,166184,44817590,2011-03-04,Not Specified,4,73.90000,0.06,Regular Air,-39.64,15.99,13.18
3688,450,680591,45168399,2011-03-04,Not Specified,35,543.72000,0.05,Regular Air,-211.13,15.70,11.25
3753,35555,188964,10136898,2011-03-04,Medium,50,11266.40000,0.08,Delivery Truck,1902.99,243.98,43.32
3754,35555,391118,10136898,2011-03-04,Medium,15,71.61000,0.10,Regular Air,-70.31,4.89,4.93
5425,450,573539,45168399,2011-03-04,Not Specified,29,1000.78000,0.05,Express Air,109.33,34.58,8.99
5480,35555,990083,10136898,2011-03-04,Medium,2,10.43000,0.07,Regular Air,-4.72,4.98,0.80
6773,53955,905242,61652309,2011-03-04,Critical,43,5544.99000,0.04,Delivery Truck,-3404.24,130.98,130.00
7652,23968,156272,26802505,2011-03-04,Critical,19,127.48000,0.05,Regular Air,-41.99,6.48,5.84
1152,18688,155970,52327242,2011-03-05,Not Specified,15,40.34000,0.09,Regular Air,10.59,2.89,0.50
1670,20486,436896,38075002,2011-03-05,High,42,163.98000,0.01,Regular Air,55.73,3.85,0.70
4149,18688,952312,52327242,2011-03-05,Not Specified,41,3951.67550,0.10,Regular Air,812.24,125.99,4.20
4150,18688,518671,52327242,2011-03-05,Not Specified,49,14346.73000,0.04,Regular Air,5762.52,304.99,19.99
4846,25603,996963,41191887,2011-03-05,Low,23,862.64000,0.04,Regular Air,122.11,35.89,14.72
7634,20486,79826,38075002,2011-03-05,High,34,306.30000,0.07,Regular Air,18.73,9.27,4.39
1856,52578,899480,60559394,2011-03-07,Critical,38,6230.68000,0.09,Delivery Truck,835.46,217.85,29.10
2292,49026,152427,76978560,2011-03-07,Low,36,411.75000,0.05,Regular Air,-182.87,11.66,8.99
3515,52578,884845,60559394,2011-03-07,Critical,8,1391.81600,0.05,Regular Air,-344.82,209.37,69.00
4936,16100,1005483,64934778,2011-03-07,Medium,44,226.18000,0.01,Regular Air,-115.54,4.82,5.72
5084,14021,642034,88371652,2011-03-07,High,12,27.05000,0.00,Express Air,1.00,1.82,0.83
7673,49600,385812,53838315,2011-03-07,Low,33,1692.03000,0.10,Regular Air,574.44,54.96,10.75
272,59809,145931,72489079,2011-03-08,Not Specified,16,506.84000,0.02,Regular Air,-38.32,30.98,6.50
1993,59809,445951,72489079,2011-03-08,Not Specified,12,138.67000,0.08,Regular Air,-9.72,11.70,5.63
4545,57029,1067744,23544783,2011-03-08,Critical,17,74.25000,0.01,Regular Air,-56.17,3.98,5.26
6042,49797,607882,86396748,2011-03-08,Not Specified,27,341.10000,0.00,Regular Air,-4.75,11.97,4.98
7106,29095,734492,24223712,2011-03-08,Not Specified,40,291.67000,0.01,Regular Air,54.46,6.75,2.99
7510,49797,1017940,86396748,2011-03-08,Not Specified,26,171.68000,0.07,Express Air,-116.56,6.48,8.19
7563,59686,630857,37575390,2011-03-08,Low,41,243.37000,0.01,Regular Air,-106.42,5.80,5.59
7644,57029,317100,23544783,2011-03-08,Critical,4,23.23000,0.09,Regular Air,-19.06,4.28,6.72
3166,1539,166184,78357289,2011-03-09,Low,33,511.83000,0.10,Regular Air,-172.88,15.99,13.18
4770,1539,391118,78357289,2011-03-09,Low,38,184.99000,0.05,Regular Air,-144.55,4.89,4.93
1058,20453,72479,39020168,2011-03-10,Medium,17,1193.11950,0.08,Express Air,137.59,85.99,0.99
1587,44610,480920,91078763,2011-03-10,High,31,127.90000,0.07,Regular Air,54.21,4.13,0.50
1641,58086,504878,76814747,2011-03-10,Medium,27,154.62000,0.04,Regular Air,-118.60,5.53,6.98
1642,47714,504878,58129492,2011-03-10,Medium,30,176.15000,0.01,Regular Air,-125.36,5.53,6.98
1725,47714,671340,78118572,2011-03-10,Medium,29,2946.05000,0.06,Delivery Truck,-690.21,105.49,41.64
1820,10916,730110,19652649,2011-03-10,Medium,23,135.31000,0.06,Regular Air,-49.32,5.74,5.01
2445,20453,1050983,39020168,2011-03-10,Medium,23,450.39000,0.07,Regular Air,152.79,19.23,6.15
4266,54081,677142,79088641,2011-03-10,Low,2,57.50000,0.02,Regular Air,-83.18,28.48,1.99
7414,40034,140003,25165064,2011-03-10,Medium,47,603.69000,0.00,Express Air,131.39,12.28,4.86
7614,58086,196575,76814747,2011-03-10,Medium,31,1638.20000,0.10,Regular Air,471.22,55.98,13.88
975,12867,284312,18074009,2011-03-11,Not Specified,6,127.49000,0.08,Express Air,-57.95,19.98,4.00
5378,50465,845612,8230900,2011-03-11,Medium,29,1337.08000,0.10,Regular Air,-953.00,48.91,35.00
5926,55271,802135,70665879,2011-03-11,Medium,16,1648.33000,0.07,Delivery Truck,-210.14,100.89,42.00
87,18432,793081,25507147,2011-03-12,High,12,76.42000,0.02,Express Air,20.44,5.84,0.83
1882,18432,370731,25507147,2011-03-12,High,42,451.32000,0.04,Regular Air,1.16,10.64,5.16
2980,50789,616694,11861127,2011-03-12,Not Specified,23,8673.90000,0.10,Regular Air,3440.05,387.99,19.99
3549,18432,540818,25507147,2011-03-12,High,15,217.66000,0.10,Express Air,-24.91,14.42,6.75
5278,18432,409791,25507147,2011-03-12,High,5,1374.67000,0.08,Delivery Truck,-126.34,279.81,23.19
7101,20134,620362,10136898,2011-03-12,Low,47,281.47000,0.10,Regular Air,-190.57,6.48,7.37
1144,44612,990658,23462469,2011-03-13,High,6,428.72300,0.06,Regular Air,-147.72,85.99,1.25
3120,23270,784982,65592088,2011-03-13,Low,42,6659.74150,0.05,Express Air,1647.75,195.99,3.99
3416,34727,515586,40300751,2011-03-13,Low,20,159.71000,0.10,Express Air,-114.41,8.04,8.94
4737,23270,475585,65592088,2011-03-13,Low,20,1460.42000,0.04,Delivery Truck,-441.44,68.81,60.00
6787,1767,568048,88389057,2011-03-13,High,10,46.34000,0.05,Regular Air,-7.76,4.71,0.70
5285,24548,1057069,16666221,2011-03-14,High,32,269.30000,0.04,Express Air,22.38,7.96,4.95
1568,57479,232452,51328978,2011-03-15,High,37,132.12000,0.07,Regular Air,54.78,3.75,0.50
3353,50309,802904,62950076,2011-03-15,Low,36,243.18000,0.08,Regular Air,-314.22,6.98,9.69
3361,3526,754038,17356345,2011-03-15,Low,20,246.06000,0.08,Regular Air,20.67,12.07,6.20
3505,37121,542007,68464052,2011-03-15,Not Specified,44,9499.30000,0.01,Delivery Truck,618.36,216.60,64.20
3537,24070,949076,17033987,2011-03-15,High,3,431.29000,0.10,Regular Air,-164.59,140.81,24.49
3539,24070,245427,17033987,2011-03-15,High,48,294.26000,0.00,Express Air,88.80,5.58,0.70
3951,11109,48396,74002740,2011-03-15,Medium,18,130.38000,0.08,Regular Air,31.52,7.40,1.71
4366,55621,269026,40318451,2011-03-15,Low,47,193.15000,0.09,Regular Air,27.76,4.28,0.94
4796,20967,1005949,35250192,2011-03-15,High,50,28664.52000,0.09,Regular Air,13340.26,599.99,24.49
4797,20967,924819,35250192,2011-03-15,High,6,635.74050,0.03,Regular Air,-397.53,125.99,8.08
5262,24070,985540,17033987,2011-03-15,High,36,170.42000,0.10,Regular Air,-98.31,4.91,4.97
6118,55621,715054,40318451,2011-03-15,Low,50,6356.68000,0.03,Regular Air,1812.86,128.24,12.65
383,11968,318215,95816282,2011-03-16,Low,31,109.49000,0.04,Regular Air,26.09,3.38,0.85
2529,3266,49841,86395368,2011-03-16,Low,4,17.12000,0.03,Regular Air,-2.55,3.80,1.49
2766,43239,114229,3837643,2011-03-16,Not Specified,14,270.25000,0.02,Regular Air,100.90,18.94,1.49
4336,3911,680591,102822795,2011-03-16,Not Specified,24,370.72000,0.10,Regular Air,-156.76,15.70,11.25
8001,18789,528466,23808541,2011-03-16,High,50,1558.18000,0.00,Regular Air,417.62,30.98,9.18
801,53637,459677,54628732,2011-03-17,High,12,451.09000,0.10,Express Air,61.27,39.98,9.83
1723,775,154089,90439294,2011-03-17,Critical,35,43.57000,0.10,Regular Air,-19.17,1.26,0.70
2919,775,821950,90439294,2011-03-17,Critical,8,31.87000,0.10,Regular Air,-1.25,4.26,1.20
3349,15205,275015,9854609,2011-03-17,Critical,42,1753.51000,0.02,Regular Air,155.72,39.98,9.20
4856,15205,188964,9854609,2011-03-17,Critical,18,4605.36000,0.02,Delivery Truck,678.26,243.98,43.32
6923,65,958232,40732966,2011-03-17,Critical,32,3812.73000,0.02,Regular Air,1470.30,115.79,1.99
768,3588,213268,79423257,2011-03-18,Not Specified,14,410.27000,0.08,Regular Air,226.72,30.93,3.92
984,32546,577469,28488718,2011-03-18,Critical,47,1294.02300,0.10,Regular Air,607.26,35.99,1.25
985,32546,877669,28488718,2011-03-18,Critical,6,156.09000,0.00,Regular Air,-34.85,22.38,15.10
3917,3588,419790,79423257,2011-03-18,Not Specified,18,1531.93000,0.10,Delivery Truck,326.56,90.97,14.00
5290,51361,37176,59981908,2011-03-18,Critical,50,18056.68000,0.00,Delivery Truck,-6474.65,349.45,60.00
5665,3588,945371,79423257,2011-03-18,Not Specified,42,374.38000,0.03,Regular Air,-1.16,8.67,3.50
6028,48261,905242,32605811,2011-03-18,Medium,15,2130.66000,0.01,Delivery Truck,-113.77,130.98,30.00
6957,51361,721136,59981908,2011-03-18,Low,14,76.06000,0.02,Express Air,-35.99,4.28,5.68
86,26304,529361,25507147,2011-03-19,Medium,43,7452.13700,0.02,Regular Air,2028.36,205.99,5.99
6508,51713,428687,50446311,2011-03-19,Not Specified,35,133.07000,0.02,Regular Air,-15.96,3.74,0.94
7650,28003,239066,23407763,2011-03-19,Critical,31,157.79000,0.09,Regular Air,-95.92,4.98,6.07
1661,31303,207983,25488283,2011-03-20,Low,50,306.13000,0.09,Express Air,87.60,5.98,1.49
2560,28550,302796,12566604,2011-03-20,Not Specified,44,21532.26000,0.09,Delivery Truck,8323.39,500.97,69.30
3490,9062,700485,73163398,2011-03-20,High,19,1825.42000,0.06,Regular Air,1193.19,99.23,8.99
5911,28550,829409,12566604,2011-03-20,Not Specified,1,7.64000,0.10,Regular Air,-6.60,4.76,3.01
6791,9062,866383,102041571,2011-03-20,High,32,119.20000,0.06,Regular Air,30.61,3.93,0.99
1495,58884,147972,19995239,2011-03-21,Low,29,87.68000,0.03,Regular Air,23.14,2.88,0.99
1496,58884,401585,19995239,2011-03-21,Low,46,3732.25000,0.10,Delivery Truck,-1255.86,85.29,60.00
1541,42213,464128,99377938,2011-03-21,Critical,46,110.96000,0.08,Regular Air,35.92,2.61,0.50
6560,35296,967595,90522445,2011-03-21,Low,7,407.87250,0.02,Regular Air,-165.63,65.99,3.99
508,49824,781795,35183561,2011-03-22,High,33,1900.22600,0.01,Express Air,440.20,65.99,5.31
1687,38304,540260,76651111,2011-03-22,High,7,30.10000,0.09,Regular Air,-28.31,3.58,5.47
3640,8580,669077,31379257,2011-03-22,High,37,308.22000,0.00,Regular Air,-215.57,7.77,9.23
5373,8580,957636,31379257,2011-03-22,High,12,151.49000,0.00,Regular Air,-3.95,11.58,6.97
735,57095,456509,57987295,2011-03-23,Medium,37,254.93000,0.01,Regular Air,-62.88,6.81,5.48
2536,24871,105932,56979805,2011-03-23,Medium,6,143.78000,0.04,Regular Air,75.30,22.72,8.99
6279,55361,786593,93607330,2011-03-23,Not Specified,22,51.39000,0.06,Express Air,-64.37,1.76,4.86
6281,55361,780918,93607330,2011-03-23,Not Specified,31,293.52000,0.08,Regular Air,-116.66,9.38,7.28
349,54245,528379,32775334,2011-03-24,Medium,5,83.30000,0.09,Regular Air,-114.91,20.99,2.50
1227,30369,858912,12997708,2011-03-24,Critical,21,174.22000,0.03,Regular Air,-1.23,8.34,2.64
6838,643,126366,94730893,2011-03-24,High,21,2781.82000,0.07,Express Air,-695.26,138.14,35.00
6884,4257,497806,20860077,2011-03-24,Medium,45,253.89000,0.01,Regular Air,-83.66,5.58,5.30
7406,30369,1073132,12997708,2011-03-24,Critical,13,76.81000,0.00,Regular Air,-55.77,4.98,7.54
4648,55686,269538,31708946,2011-03-25,Critical,2,162.49000,0.03,Regular Air,-94.83,81.32,0.99
7718,55686,886377,31708946,2011-03-25,Critical,22,628.39000,0.10,Express Air,181.83,30.98,5.09
223,24384,659453,73966703,2011-03-26,Medium,44,205.11000,0.06,Regular Air,95.52,4.91,0.50
430,50404,754090,51940252,2011-03-26,High,18,3780.43000,0.05,Regular Air,905.57,210.55,9.99
1963,24384,677137,73966703,2011-03-26,Medium,20,2458.24250,0.10,Regular Air,110.54,155.99,8.99
1967,24384,226162,73966703,2011-03-26,Medium,21,3981.23000,0.07,Regular Air,294.94,193.17,19.99
2563,25376,743734,105870693,2011-03-26,Critical,12,76.61000,0.09,Regular Air,-31.83,6.28,5.29
3729,50404,998220,51940252,2011-03-26,High,10,1961.68000,0.04,Regular Air,-367.00,182.55,69.00
4106,48548,695980,19652929,2011-03-26,Critical,3,13.71000,0.03,Regular Air,-10.27,3.28,3.97
6300,30658,126366,23407763,2011-03-26,Medium,44,6040.22000,0.05,Regular Air,-942.50,138.14,35.00
6302,30658,472903,23407763,2011-03-26,Medium,35,17387.65000,0.08,Regular Air,6907.61,499.99,24.49
3172,56804,821997,49397035,2011-03-27,Critical,41,136.45000,0.10,Regular Air,-202.08,3.36,6.27
7782,56804,994750,49397035,2011-03-27,Critical,24,121.81000,0.05,Regular Air,-50.21,4.98,4.86
610,36001,877669,50378986,2011-03-28,Low,45,1038.82000,0.05,Regular Air,-78.36,22.38,15.10
2038,34048,211351,95816282,2011-03-28,Low,1,26.68000,0.04,Regular Air,-10.74,22.23,3.63
2183,36001,222984,50378986,2011-03-28,Low,47,564.39000,0.09,Regular Air,51.82,12.95,4.98
2340,24965,592044,64790573,2011-03-29,Low,42,1146.11000,0.09,Regular Air,330.63,29.18,8.55
2342,24965,648476,64790573,2011-03-29,Low,6,2528.49000,0.07,Express Air,580.15,420.98,19.99
9,40961,189993,68464052,2011-03-30,Medium,7,23.84000,0.02,Regular Air,5.88,3.15,0.50
1066,20646,332331,25602747,2011-03-30,Medium,41,1204.08450,0.04,Regular Air,341.96,35.99,1.10
5830,25191,1037740,107838267,2011-03-30,Medium,42,4091.15200,0.05,Regular Air,1303.92,115.99,2.50
813,32454,456509,9630170,2011-03-31,Critical,12,83.89000,0.05,Regular Air,-29.59,6.81,5.48
8045,28807,1014815,8665453,2011-03-31,High,9,59.35000,0.02,Express Air,-42.61,4.98,8.33
1129,37380,151557,57533478,2011-04-01,Critical,42,151.19000,0.07,Regular Air,27.37,3.55,1.43
4703,58342,728530,54085164,2011-04-01,High,40,1718.87000,0.02,Regular Air,754.10,40.98,1.99
5872,37380,703917,57533478,2011-04-01,Critical,29,737.38000,0.08,Regular Air,90.04,26.64,5.30
7365,37380,87058,57533478,2011-04-01,Critical,47,507.18000,0.00,Regular Air,74.73,9.99,4.78
596,58372,899010,31406507,2011-04-02,Low,48,184.10000,0.04,Regular Air,43.20,3.98,0.70
1276,28805,1038283,87691641,2011-04-02,Medium,46,487.50000,0.05,Regular Air,-25.88,10.23,4.68
1277,28805,207983,87691641,2011-04-02,Medium,4,25.52000,0.07,Regular Air,-1.99,5.98,1.49
3067,12323,431822,7834765,2011-04-02,Not Specified,4,36.80000,0.00,Regular Air,14.19,7.38,5.21
4218,28805,695417,87691641,2011-04-02,Medium,14,97.93000,0.07,Regular Air,-616.81,3.48,49.00
6435,12323,800889,7834765,2011-04-02,Not Specified,32,513.74000,0.02,Regular Air,-28.68,15.15,10.13
6821,58372,616627,36195642,2011-04-02,Low,16,38.20000,0.07,Express Air,4.34,2.21,1.00
7789,55715,99546,78116987,2011-04-02,Critical,28,168.57000,0.02,Express Air,16.65,5.28,2.99
583,38370,381880,81275177,2011-04-03,High,50,169.13000,0.00,Regular Air,43.05,3.14,1.14
4332,9922,326421,79197180,2011-04-03,Not Specified,26,1075.91000,0.03,Regular Air,34.42,39.98,7.12
6065,9922,967595,79197180,2011-04-03,Not Specified,21,1176.85900,0.03,Regular Air,137.86,65.99,3.99
6432,9286,990083,56692640,2011-04-03,Critical,26,123.16000,0.10,Regular Air,45.79,4.98,0.80
6709,45377,914855,101231204,2011-04-03,Low,47,91.43000,0.08,Regular Air,-22.90,2.08,1.49
1696,38212,1000550,69641516,2011-04-04,Medium,24,123.75000,0.09,Express Air,55.42,4.98,0.49
2900,38212,322672,69641516,2011-04-04,Medium,46,3533.97000,0.07,Regular Air,-1329.81,80.98,35.00
6289,38212,1037740,69641516,2011-04-04,Medium,38,3821.40450,0.00,Regular Air,1256.97,115.99,2.50
795,22787,154089,34201014,2011-04-05,Medium,35,46.44000,0.06,Express Air,-16.30,1.26,0.70
3139,17287,56287,70664347,2011-04-05,High,38,5793.46000,0.01,Regular Air,2477.77,150.98,13.99
3140,17287,674664,70664347,2011-04-05,High,11,4558.21000,0.06,Regular Air,993.81,415.88,11.37
4692,37988,41129,35540504,2011-04-05,Not Specified,12,189.19000,0.08,Regular Air,-56.71,16.06,8.34
5962,40643,957636,100125926,2011-04-05,Critical,23,258.74000,0.05,Regular Air,10.80,11.58,5.72
6474,17287,973228,70664347,2011-04-05,High,26,4361.69850,0.05,Regular Air,1069.79,195.99,4.20
1263,197,865125,18837338,2011-04-06,High,23,310.52000,0.01,Regular Air,33.22,12.98,3.14
4270,17860,669077,22050539,2011-04-06,Critical,16,139.00000,0.05,Express Air,-96.33,7.77,9.23
5521,21601,701744,93726727,2011-04-06,Low,20,2227.34000,0.09,Regular Air,-609.09,113.64,35.00
7319,33700,1017940,40482968,2011-04-07,Low,36,260.13000,0.00,Regular Air,-133.98,6.48,8.19
7529,22375,473902,43859307,2011-04-07,Not Specified,43,816.11000,0.04,Regular Air,66.14,18.97,9.54
1466,52929,314991,75566934,2011-04-08,High,43,701.46000,0.04,Express Air,-90.14,15.99,9.40
2737,56550,299849,34851166,2011-04-08,Not Specified,37,823.78000,0.03,Express Air,343.05,22.23,5.08
3900,50083,366386,28773850,2011-04-08,Not Specified,33,13671.94000,0.01,Delivery Truck,5711.96,400.97,48.26
4289,16291,768272,19986307,2011-04-08,Not Specified,31,894.64000,0.01,Regular Air,-27.79,27.42,19.46
4351,52929,924995,75566934,2011-04-08,High,19,53.94000,0.05,Regular Air,-6.53,2.78,1.25
4689,23940,990587,35540504,2011-04-08,Medium,11,1735.59000,0.02,Delivery Truck,-506.43,150.89,60.20
4691,23940,242307,35540504,2011-04-08,Medium,20,138.52000,0.03,Regular Air,-895.24,4.48,49.00
6087,52929,148598,75566934,2011-04-08,High,7,46.94000,0.02,Regular Air,7.34,6.47,1.22
6088,52929,866383,75566934,2011-04-08,High,20,77.99000,0.03,Regular Air,19.68,3.93,0.99
6119,56550,623868,34851166,2011-04-08,Not Specified,8,469.83750,0.00,Regular Air,-159.24,65.99,8.99
7281,7680,574567,97449295,2011-04-08,Not Specified,32,1141.37000,0.04,Regular Air,-0.14,35.44,19.99
7768,56550,153113,83738891,2011-04-08,Not Specified,33,647.77000,0.09,Regular Air,166.85,19.98,5.77
112,23104,375694,48076280,2011-04-09,Medium,24,142.80000,0.01,Regular Air,-25.00,5.81,3.37
1069,19424,332331,107838267,2011-04-09,Not Specified,37,1129.05500,0.05,Regular Air,337.73,35.99,1.10
1072,19424,221283,107838267,2011-04-09,Not Specified,29,60.68000,0.09,Regular Air,-115.71,1.98,4.77
1714,51652,1000550,103956879,2011-04-09,Not Specified,37,195.51000,0.03,Express Air,95.56,4.98,0.49
1897,23104,168172,48076280,2011-04-09,Medium,3,30.92000,0.02,Express Air,28.64,6.98,2.83
2915,51652,689019,103956879,2011-04-09,Not Specified,38,4992.63000,0.07,Express Air,44.13,140.85,19.99
3693,30820,840523,48760545,2011-04-09,Critical,21,48.01000,0.10,Express Air,-6.85,2.21,1.12
4378,11648,118378,58580475,2011-04-09,Low,1,32.51000,0.10,Regular Air,-90.94,35.41,1.99
6131,11648,331004,58580475,2011-04-09,Low,33,570.51000,0.00,Regular Air,-142.75,16.74,7.04
7761,53825,433913,90958961,2011-04-09,Low,36,1646.05000,0.08,Regular Air,649.80,48.04,7.23
1634,13569,186776,101248528,2011-04-10,Critical,16,47.45000,0.05,Regular Air,1.07,2.88,1.49
2716,13795,166184,75566934,2011-04-10,Not Specified,30,501.32000,0.04,Regular Air,-119.08,15.99,13.18
3251,18182,735084,42995013,2011-04-10,Medium,45,2673.08000,0.01,Regular Air,-1363.12,55.50,52.20
3252,18182,775181,42995013,2011-04-10,Medium,12,396.69000,0.09,Express Air,-18.45,33.29,8.74
4492,13569,587480,101248528,2011-04-10,Critical,13,563.18000,0.02,Express Air,67.98,40.98,7.20
6536,18182,287133,42995013,2011-04-10,Medium,45,4598.73000,0.04,Regular Air,1049.45,99.99,19.99
7524,13795,103518,75566934,2011-04-10,Not Specified,23,275.16000,0.05,Express Air,43.35,11.34,5.01
7525,13795,940550,75566934,2011-04-10,Not Specified,37,1302.99000,0.02,Regular Air,545.49,35.44,5.09
2,5251,497741,40732966,2011-04-11,Medium,38,3821.03900,0.05,Express Air,1057.89,115.99,5.99
650,23522,986755,59235527,2011-04-11,Critical,20,1077.80850,0.06,Express Air,17.25,65.99,8.99
1636,45025,186776,76319822,2011-04-11,High,26,73.82000,0.08,Regular Air,2.01,2.88,1.49
2491,49027,1100539,57533478,2011-04-11,High,41,708.83000,0.08,Regular Air,35.08,17.67,8.99
3848,23522,381438,59235527,2011-04-11,Critical,19,2899.98000,0.10,Regular Air,666.01,159.99,5.50
4347,15907,575569,61874205,2011-04-11,High,36,1837.44000,0.01,Delivery Truck,-1414.41,48.58,54.11
5012,52423,118378,74126979,2011-04-11,Critical,49,1734.40000,0.02,Regular Air,749.16,35.41,1.99
6086,15907,485887,61874205,2011-04-11,High,36,3722.29000,0.04,Express Air,950.68,105.98,13.99
6638,6180,967595,43506335,2011-04-11,Medium,44,2443.34200,0.01,Regular Air,590.32,65.99,3.99
6682,52423,910598,74126979,2011-04-11,Critical,25,1128.03000,0.01,Regular Air,256.30,42.76,6.22
6908,23522,453581,102283498,2011-04-11,Critical,8,180.43000,0.02,Regular Air,-44.86,19.99,11.17
7175,23522,723460,59235527,2011-04-11,Critical,36,233.38000,0.10,Regular Air,-180.17,6.48,8.73
7523,15907,598953,61874205,2011-04-11,High,4,28.05000,0.09,Regular Air,-5.41,7.04,2.17
712,17985,933326,73939563,2011-04-12,Medium,50,849.03100,0.07,Regular Air,-133.31,20.99,3.30
5325,26406,272408,66378277,2011-04-12,Not Specified,40,167.46000,0.09,Regular Air,-134.30,4.24,5.41
5615,17985,285357,73939563,2011-04-12,Medium,4,473.88000,0.01,Delivery Truck,-183.26,110.98,30.00
1292,4769,533786,100125926,2011-04-13,Not Specified,41,117.40000,0.01,Regular Air,48.63,2.88,0.50
3301,40803,49841,11409165,2011-04-13,Low,22,83.02000,0.08,Regular Air,9.24,3.80,1.49
4837,40803,279374,11409165,2011-04-13,Low,35,10278.79000,0.04,Delivery Truck,1512.07,300.98,64.73
5389,15780,200320,13884388,2011-04-13,Critical,19,71.77000,0.03,Regular Air,22.71,3.78,0.71
7616,11975,352478,58852314,2011-04-13,Critical,43,210.66000,0.08,Regular Air,-145.72,5.18,5.74
1031,9216,1021753,97155515,2011-04-14,Medium,36,5977.63000,0.10,Delivery Truck,-86.68,180.98,55.24
111,24646,234470,48076280,2011-04-15,Not Specified,46,662.51000,0.09,Regular Air,293.32,15.67,1.39
1254,21063,95746,13788018,2011-04-15,Low,48,7339.24000,0.00,Delivery Truck,-279.74,145.98,51.92
1477,29510,329429,73337961,2011-04-15,Critical,22,6123.94000,0.01,Delivery Truck,1292.44,260.98,41.91
3564,24646,116812,48076280,2011-04-15,Not Specified,21,61.18000,0.00,Regular Air,6.85,2.88,0.70
5930,21063,942547,13788018,2011-04-15,Low,49,377.02000,0.00,Regular Air,84.66,7.08,2.35
6298,21444,672413,30256039,2011-04-15,Medium,17,34.16000,0.09,Regular Air,-2.29,2.10,0.70
7676,52293,813690,39901794,2011-04-15,High,4,31.14000,0.08,Regular Air,-14.59,6.48,5.86
363,47367,1015676,65181272,2011-04-16,Medium,6,21.07000,0.08,Regular Air,2.28,3.69,0.50
2028,47367,49841,65181272,2011-04-16,Medium,7,27.99000,0.06,Regular Air,-0.17,3.80,1.49
4230,40770,1012577,97203720,2011-04-16,Low,19,217.69000,0.09,Regular Air,-11.66,11.33,6.12
5082,45248,755639,64966840,2011-04-16,Medium,38,154.85000,0.05,Regular Air,-136.55,3.95,5.13
6248,41157,612619,98766204,2011-04-16,Medium,39,3854.40000,0.09,Regular Air,1116.98,107.53,5.81
6705,45248,538394,64966840,2011-04-16,Medium,32,4941.77250,0.10,Regular Air,704.89,195.99,8.99
261,29639,805629,4221093,2011-04-17,Critical,8,22.37000,0.04,Regular Air,-14.09,2.60,2.40
375,39492,196617,55650115,2011-04-17,Not Specified,31,5347.98750,0.01,Regular Air,1332.44,200.99,4.20
1308,39527,424146,107335664,2011-04-17,Low,29,213.35000,0.01,Regular Air,63.78,6.88,2.00
1506,38530,639682,89767975,2011-04-17,Critical,47,1980.37000,0.03,Regular Air,904.83,40.98,2.99
2751,38530,520419,89767975,2011-04-17,Critical,13,642.66000,0.05,Regular Air,-82.35,49.43,19.99
4810,39492,375957,31353881,2011-04-17,Not Specified,38,1541.92000,0.03,Regular Air,-564.06,40.48,19.99
7803,39492,721136,31353881,2011-04-17,Not Specified,40,169.48000,0.08,Regular Air,-134.76,4.28,5.68
413,38118,284312,61555104,2011-04-18,Not Specified,7,138.91000,0.09,Regular Air,-64.11,19.98,4.00
2570,35360,539739,9279285,2011-04-18,Critical,4,41.06000,0.04,Regular Air,-16.39,8.88,6.28
3781,23301,192351,67539279,2011-04-18,High,4,28.46000,0.02,Regular Air,-27.13,5.98,3.85
4177,13634,326421,49422276,2011-04-18,High,46,1824.13000,0.05,Regular Air,104.51,39.98,7.12
5905,13634,497806,49422276,2011-04-18,High,27,151.38000,0.04,Regular Air,-55.61,5.58,5.30
7123,23301,988897,67539279,2011-04-18,High,3,23.44000,0.05,Regular Air,-10.58,5.98,5.20
60,21799,805629,104239922,2011-04-19,Not Specified,42,115.99000,0.05,Express Air,-53.35,2.60,2.40
3889,41026,1083564,73939563,2011-04-19,Medium,8,709.37000,0.10,Delivery Truck,-281.76,89.99,42.00
5618,41026,701718,73939563,2011-04-19,Medium,19,59.76000,0.10,Express Air,-33.11,3.14,1.92
316,10308,250333,15023876,2011-04-20,High,40,5554.03600,0.09,Regular Air,1153.84,175.99,8.99
1209,55362,147972,12566604,2011-04-20,High,24,67.84000,0.07,Regular Air,13.44,2.88,0.99
1598,37828,659453,97070934,2011-04-20,Low,42,206.20000,0.01,Regular Air,101.14,4.91,0.50
3992,7812,768272,9569456,2011-04-20,Low,17,475.90000,0.04,Regular Air,-5.18,27.42,19.46
4344,16802,308871,23386707,2011-04-20,Medium,44,302.59000,0.05,Express Air,-124.44,6.68,6.93
6081,16802,1064589,23386707,2011-04-20,Medium,26,2703.45000,0.01,Regular Air,-445.04,95.99,35.00
7165,31271,236787,5130941,2011-04-20,Low,4,43.29000,0.03,Regular Air,-0.36,8.37,10.16
7869,48354,175765,8347794,2011-04-20,Medium,25,1387.29000,0.03,Express Air,405.64,55.48,14.30
283,26503,709485,8230900,2011-04-21,Medium,12,262.09000,0.01,Regular Air,58.69,19.98,10.49
2116,40454,403494,72112650,2011-04-21,Not Specified,43,1243.88000,0.10,Regular Air,22.71,30.98,8.99
5376,26503,845743,8230900,2011-04-21,Medium,47,671.78000,0.10,Regular Air,297.23,15.57,1.39
323,25863,518917,65938413,2011-04-22,Not Specified,18,340.68850,0.00,Express Air,-10.85,20.99,4.81
2889,33287,852926,73053407,2011-04-22,Critical,44,11904.55000,0.00,Delivery Truck,3909.33,270.97,28.06
2998,43013,661590,89379992,2011-04-22,Low,50,2437.67000,0.08,Regular Air,25.68,50.98,22.24
3739,24486,665810,61746358,2011-04-22,Medium,3,28.11000,0.03,Regular Air,-31.62,8.12,2.83
3740,24486,592380,61746358,2011-04-22,Medium,14,27.06000,0.00,Regular Air,-0.06,1.76,0.70
5115,43013,398909,94666608,2011-04-22,Low,43,1438.33000,0.08,Regular Air,163.38,34.76,8.22
5444,39268,428687,75226845,2011-04-22,Not Specified,45,156.95000,0.10,Regular Air,-32.52,3.74,0.94
7076,39268,523991,75226845,2011-04-22,Not Specified,44,324.20000,0.02,Express Air,-89.75,7.10,6.05
1279,6402,1038283,59645894,2011-04-23,Low,35,373.33000,0.01,Regular Air,-22.18,10.23,4.68
2396,38311,689019,23074221,2011-04-23,Medium,9,1201.51000,0.10,Express Air,-185.48,140.85,19.99
6715,37826,1029403,12119240,2011-04-23,Medium,45,325.80000,0.03,Regular Air,-84.85,6.78,6.18
4534,43398,948291,20484349,2011-04-24,Not Specified,10,1600.85000,0.07,Delivery Truck,-193.97,159.31,60.00
5875,16710,399912,79845128,2011-04-24,High,47,5549.79000,0.09,Delivery Truck,1300.80,145.45,17.85
1361,52611,302517,98340679,2011-04-25,Medium,11,24.95000,0.09,Regular Air,-5.14,2.18,1.38
3533,59271,947059,104239922,2011-04-25,Not Specified,40,630.38000,0.02,Express Air,-186.77,14.81,13.32
5951,30626,717095,59645894,2011-04-25,Critical,23,220.82000,0.10,Express Air,77.68,9.93,1.09
6068,56162,251563,36941796,2011-04-25,Not Specified,30,5217.79000,0.09,Delivery Truck,209.54,180.98,30.00
6946,59271,988897,104239922,2011-04-25,Not Specified,23,144.03000,0.02,Regular Air,-37.04,5.98,5.20
7094,2947,694962,61746358,2011-04-25,Critical,8,57.04000,0.05,Regular Air,-29.06,6.48,6.81
4013,25697,905400,28931462,2011-04-26,Low,46,400.25000,0.02,Regular Air,-37.50,8.46,3.62
410,35238,397917,61555104,2011-04-28,Low,27,1403.02700,0.10,Express Air,153.80,65.99,5.63
714,25479,990658,77243589,2011-04-28,Critical,3,210.50250,0.04,Regular Air,-315.33,85.99,1.25
2110,10054,581893,34697007,2011-04-28,High,2,203.30000,0.08,Regular Air,148.25,79.52,48.20
3759,10054,393245,34697007,2011-04-28,High,2,196.85150,0.09,Regular Air,-606.60,125.99,5.99
4199,39008,381761,37304343,2011-04-28,Not Specified,28,3582.79000,0.00,Delivery Truck,-1177.14,122.99,70.20
6466,34694,254988,40872584,2011-04-28,Low,11,55.49000,0.04,Regular Air,-37.32,4.48,7.24
1221,16674,778385,17355109,2011-04-29,Low,49,1959.43000,0.09,Regular Air,467.72,42.98,4.62
2315,42727,886452,74002740,2011-04-29,Not Specified,21,177.06000,0.10,Regular Air,-100.61,8.45,7.77
3950,42727,528974,74002740,2011-04-29,Not Specified,11,5510.23000,0.01,Delivery Truck,915.80,500.98,26.00
4185,16674,476021,17355109,2011-04-29,Low,39,14072.64000,0.02,Delivery Truck,2177.54,355.98,58.92
5048,17252,839366,40189087,2011-04-29,Not Specified,49,11365.61600,0.08,Delivery Truck,229.22,296.18,54.12
6976,26791,852845,97428330,2011-04-29,Low,45,500.48000,0.08,Regular Air,-48.20,11.29,5.03
7540,3750,988897,48889817,2011-04-29,Medium,12,76.16000,0.04,Regular Air,-24.03,5.98,5.20
7904,17252,536441,40189087,2011-04-29,Not Specified,48,2283.22000,0.03,Regular Air,1006.72,48.91,5.97
487,38305,364705,33681614,2011-04-30,Critical,21,2561.67050,0.08,Regular Air,88.77,155.99,8.08
1776,22850,428422,59523989,2011-04-30,Medium,4,105.13000,0.08,Regular Air,-103.23,27.48,4.00
4135,513,990587,39400605,2011-04-30,High,33,5437.92000,0.00,Delivery Truck,-684.57,150.89,60.20
5008,2208,1005949,32001706,2011-04-30,Not Specified,41,23281.05000,0.09,Regular Air,9097.65,599.99,24.49
5009,2208,663528,32001706,2011-04-30,Not Specified,7,82.06000,0.07,Regular Air,-26.99,11.50,7.19
6239,18528,864079,18361125,2011-04-30,Critical,33,340.97000,0.07,Regular Air,-22.82,10.98,3.99
7612,18528,552704,18361125,2011-04-30,Critical,22,136.24000,0.03,Regular Air,-96.22,5.78,7.96
1170,7878,375694,39471769,2011-05-01,Low,42,256.64000,0.03,Regular Air,-28.29,5.81,3.37
2489,2311,408433,57533478,2011-05-01,High,31,1324.09000,0.01,Regular Air,94.96,40.89,18.98
2530,7878,610002,39471769,2011-05-01,Critical,41,343.64000,0.06,Regular Air,13.29,8.57,3.44
4161,7878,140526,39471769,2011-05-01,Critical,50,3904.12000,0.07,Delivery Truck,-1508.46,81.94,55.81
5023,56834,789291,33281016,2011-05-01,High,22,1900.47000,0.00,Delivery Truck,202.73,80.97,30.06
5321,42979,798350,28130934,2011-05-01,Not Specified,29,2770.79000,0.02,Delivery Truck,109.39,90.98,30.00
7477,6755,523991,65013142,2011-05-01,High,20,156.47000,0.01,Regular Air,-39.23,7.10,6.05
7901,56834,621412,33281016,2011-05-01,High,33,205.52000,0.09,Regular Air,-118.55,6.48,7.03
376,2978,196617,23674656,2011-05-02,Critical,28,4671.14950,0.07,Regular Air,947.31,200.99,4.20
4659,2978,479225,90398325,2011-05-02,Critical,34,6264.18550,0.01,Regular Air,1312.04,205.99,19.99
4660,2978,685823,90398325,2011-05-02,Critical,36,5410.95000,0.09,Regular Air,2077.91,162.93,19.99
6414,42725,797793,8807770,2011-05-02,Medium,18,231.06000,0.04,Regular Air,-29.83,12.28,6.13
6530,32929,217562,107565533,2011-05-02,Low,13,152.14000,0.09,Regular Air,-26.87,12.21,4.81
6531,32929,209997,107565533,2011-05-02,Low,8,44.56000,0.05,Regular Air,4.81,5.68,1.39
7894,10695,550577,75296554,2011-05-02,High,39,6330.08600,0.10,Regular Air,1421.89,205.99,2.50
51,44960,225839,74639533,2011-05-03,Low,22,180.92000,0.10,Regular Air,-82.54,8.57,6.14
52,44960,841964,74639533,2011-05-03,Low,17,31.68000,0.04,Regular Air,-23.69,1.70,1.99
3004,5696,686879,29012034,2011-05-03,Critical,4,2206.17000,0.02,Regular Air,251.43,525.98,19.99
3235,35584,278621,84599405,2011-05-03,Medium,15,150.33000,0.08,Express Air,-98.23,9.71,9.45
4639,5696,192351,29012034,2011-05-03,Critical,31,175.92000,0.09,Regular Air,-93.41,5.98,3.85
4640,5696,90345,29012034,2011-05-03,Critical,40,621.12000,0.10,Regular Air,190.53,16.51,2.99
4873,44871,448778,34402979,2011-05-03,Critical,27,94.46000,0.02,Regular Air,-75.09,3.28,4.20
5621,41539,317714,13719044,2011-05-03,High,24,41.85000,0.04,Express Air,-8.44,1.60,1.29
6944,44960,102789,74639533,2011-05-03,Low,16,112.91000,0.04,Regular Air,-72.81,6.48,8.40
7201,41539,781122,13719044,2011-05-03,High,41,2303.71250,0.04,Regular Air,398.22,65.99,8.99
7315,33925,339779,25362542,2011-05-03,Low,47,1488.86000,0.03,Regular Air,-95.05,30.98,19.99
853,21414,567704,54678268,2011-05-04,Critical,33,3491.61300,0.05,Regular Air,717.70,125.99,5.63
854,21414,357620,54678268,2011-05-04,Critical,34,117.91000,0.05,Regular Air,29.27,3.38,1.09
2331,21414,224170,54678268,2011-05-04,Critical,46,3644.60000,0.05,Regular Air,-1144.67,80.98,35.00
3253,37314,532104,102946420,2011-05-04,Medium,21,210.86000,0.04,Regular Air,5.50,9.77,6.02
3800,39745,250765,20566789,2011-05-04,Not Specified,8,955.29000,0.05,Delivery Truck,-286.20,115.99,56.14
3973,21414,192250,54678268,2011-05-04,Critical,43,103.60000,0.09,Express Air,-72.86,2.52,1.92
4878,19649,540818,30320771,2011-05-04,High,25,375.74000,0.05,Express Air,-9.31,14.42,6.75
4879,19649,688094,30320771,2011-05-04,High,36,1095.11000,0.10,Delivery Truck,-1286.43,31.76,45.51
5154,25955,41129,42923007,2011-05-04,Not Specified,10,170.35000,0.03,Regular Air,-39.92,16.06,8.34
760,18503,594736,12674110,2011-05-05,Not Specified,13,928.90550,0.06,Regular Air,-23.93,85.99,2.79
1378,49346,680802,17241550,2011-05-05,Not Specified,8,94.35000,0.10,Regular Air,42.22,12.22,2.85
5657,18503,399912,12674110,2011-05-05,Not Specified,46,6637.63000,0.03,Delivery Truck,1487.94,145.45,17.85
5822,42628,37176,38551290,2011-05-05,Not Specified,4,1199.33600,0.01,Delivery Truck,224.80,349.45,60.00
7494,49346,295902,17241550,2011-05-05,Not Specified,50,276.75000,0.04,Regular Air,-117.91,5.28,5.57
7815,23617,604095,86434424,2011-05-05,Not Specified,6,247.34000,0.04,Express Air,63.61,37.70,2.99
2765,41857,134249,3837643,2011-05-06,Low,45,461.05000,0.04,Express Air,-38.39,9.65,6.22
3694,14883,870163,55650115,2011-05-06,Low,38,978.40000,0.07,Delivery Truck,-211.58,25.98,14.36
3695,14883,585386,55650115,2011-05-06,Low,47,5126.41800,0.03,Regular Air,1557.64,125.99,2.50
6225,1702,853927,103723976,2011-05-06,High,23,67.24000,0.06,Regular Air,4.90,2.84,0.93
8038,58407,175765,63543640,2011-05-06,High,29,1669.88000,0.02,Regular Air,548.92,55.48,14.30
4676,24679,231193,104853129,2011-05-07,Not Specified,7,33.99000,0.09,Regular Air,-25.86,4.77,2.39
5189,34791,725611,88686363,2011-05-07,Medium,37,284.58000,0.03,Regular Air,33.81,7.59,4.00
5190,34791,264955,88686363,2011-05-07,Medium,9,1010.26000,0.01,Regular Air,271.50,104.85,19.99
6489,55520,217793,12756390,2011-05-07,Critical,43,525.77000,0.08,Express Air,34.63,11.99,5.99
6583,31876,1064589,88719131,2011-05-07,High,8,741.49000,0.08,Regular Air,-360.18,95.99,35.00
212,35841,321823,17767864,2011-05-08,Medium,23,230.41000,0.06,Regular Air,94.39,9.90,1.39
1020,55616,586808,93685062,2011-05-08,High,24,437.47800,0.02,Regular Air,-42.23,20.99,1.25
2810,14242,279720,10691025,2011-05-08,High,35,1078.58000,0.03,Regular Air,9.00,30.73,4.00
3610,35841,924819,17767864,2011-05-08,Medium,48,5163.01050,0.07,Regular Air,1448.33,125.99,8.08
4325,16128,924921,59478070,2011-05-08,High,46,2968.66000,0.07,Regular Air,1077.49,63.94,14.48
5125,55616,584340,79874489,2011-05-08,High,29,184.74000,0.00,Regular Air,-102.25,5.98,4.38
6102,28035,269814,73337961,2011-05-08,Not Specified,19,376.21000,0.03,Regular Air,89.56,18.99,5.23
556,34434,1000550,63210192,2011-05-09,Not Specified,23,116.56000,0.04,Regular Air,50.66,4.98,0.49
2826,8288,240412,97936435,2011-05-09,Critical,22,1337.81000,0.02,Regular Air,407.12,59.78,10.29
7125,34434,468575,63210192,2011-05-09,Not Specified,16,32.35000,0.08,Regular Air,-63.19,1.80,4.79
7790,30657,937092,87531847,2011-05-10,High,8,179.66000,0.01,Regular Air,-1.73,22.24,1.99
2994,12322,1007032,28227347,2011-05-11,Critical,36,3436.90000,0.03,Express Air,-398.11,92.23,39.61
4906,53127,918877,33158318,2011-05-11,High,49,2628.04700,0.05,Regular Air,-137.95,65.99,19.99
7861,53127,604095,33158318,2011-05-11,High,50,1893.29000,0.07,Regular Air,857.34,37.70,2.99
516,31973,494051,21396956,2011-05-12,Not Specified,16,124.89000,0.07,Regular Air,-111.17,7.28,11.15
3671,8064,575277,90627719,2011-05-12,High,44,10445.95000,0.07,Delivery Truck,1069.61,243.98,62.94
4060,43397,295705,4067436,2011-05-12,Critical,35,2130.31000,0.08,Delivery Truck,-319.26,60.89,32.41
5508,31973,703917,21396956,2011-05-12,Not Specified,15,404.54000,0.03,Regular Air,43.99,26.64,5.30
7729,48486,983577,8807770,2011-05-12,High,42,271.14000,0.07,Regular Air,-174.74,6.48,7.91
7893,10662,694962,99851365,2011-05-12,Low,45,283.13000,0.08,Regular Air,-141.26,6.48,6.81
1945,40327,697651,26995184,2011-05-13,Medium,42,152.55000,0.06,Regular Air,-20.27,3.69,2.50
6994,40327,762620,26995184,2011-05-13,Medium,36,152.96000,0.09,Regular Air,-123.87,4.28,5.74
115,9921,234470,80727603,2011-05-14,Low,23,356.09000,0.05,Regular Air,155.82,15.67,1.39
3290,57444,516201,91967987,2011-05-14,Critical,24,178.92000,0.09,Regular Air,-56.11,7.68,6.16
6827,39590,334736,96116604,2011-05-14,Low,9,79.25000,0.00,Express Air,-13.25,7.64,5.83
7136,34215,500519,103284166,2011-05-14,High,6,35.65000,0.02,Regular Air,-5.92,5.34,2.99
1358,26887,778385,22050539,2011-05-15,Critical,38,1637.78000,0.08,Express Air,461.65,42.98,4.62
2663,26887,515586,22050539,2011-05-15,Critical,23,193.84000,0.07,Express Air,-117.10,8.04,8.94
7923,16450,73356,37199328,2011-05-15,Medium,12,73.50000,0.03,Regular Air,5.71,5.98,2.50
412,48544,106849,61555104,2011-05-16,High,44,831.58050,0.01,Regular Air,273.05,20.99,0.99
3957,43267,317279,46187622,2011-05-16,Critical,17,1368.14000,0.05,Express Air,171.26,76.72,19.95
267,14951,805629,72489079,2011-05-17,Medium,26,65.21000,0.08,Regular Air,-41.60,2.60,2.40
570,51938,567704,17332515,2011-05-17,Low,5,503.32750,0.06,Regular Air,-488.31,125.99,5.63
3635,14951,588162,72489079,2011-05-17,Medium,34,2779.20000,0.02,Regular Air,889.57,80.98,7.18
4001,8995,854211,77040900,2011-05-17,High,35,3389.93000,0.08,Express Air,737.94,102.30,21.26
5515,8995,357719,68223869,2011-05-17,High,5,24.16000,0.08,Express Air,8.05,1.88,1.49
5736,8995,489579,77040900,2011-05-17,High,46,89.41000,0.01,Regular Air,-21.49,1.89,0.76
7278,8995,813690,77040900,2011-05-17,High,41,270.84000,0.10,Express Air,-78.02,6.48,5.86
7279,8995,1017940,77040900,2011-05-17,High,42,266.36000,0.07,Regular Air,-191.28,6.48,8.19
3383,1317,445951,30320771,2011-05-18,High,44,523.42000,0.06,Regular Air,39.42,11.70,5.63
7847,1317,584472,30320771,2011-05-18,High,40,192.54000,0.08,Regular Air,-186.73,4.98,7.44
7848,1317,295902,30320771,2011-05-18,High,29,156.70000,0.06,Regular Air,-76.64,5.28,5.57
1021,7585,586808,59694432,2011-05-19,High,34,650.13950,0.00,Regular Air,22.57,20.99,1.25
1662,964,207983,62373543,2011-05-19,Medium,50,315.02000,0.02,Regular Air,95.16,5.98,1.49
2587,512,678382,87106625,2011-05-19,Low,48,806.37000,0.01,Express Air,-166.40,15.42,10.68
4209,512,251746,87106625,2011-05-19,Low,6,1309.53000,0.06,Regular Air,19.18,218.08,18.06
5828,39586,957535,25602747,2011-05-19,Not Specified,1,10.48000,0.04,Regular Air,-5.44,3.52,6.83
6654,964,717095,15408772,2011-05-19,Medium,4,40.02000,0.02,Regular Air,-1.28,9.93,1.09
116,26976,234470,20148851,2011-05-20,Not Specified,44,729.75000,0.02,Regular Air,375.25,15.67,1.39
117,26976,259219,20148851,2011-05-20,Not Specified,11,1154.93750,0.04,Express Air,-176.06,125.99,8.99
1331,56387,642251,94998229,2011-05-20,Medium,32,128.14000,0.10,Express Air,-163.58,3.89,7.01
1637,27364,186776,81675705,2011-05-20,Medium,25,74.07000,0.04,Regular Air,4.37,2.88,1.49
1899,26976,998209,20148851,2011-05-20,Not Specified,28,1417.21000,0.07,Regular Air,63.88,51.65,18.45
2033,50306,420010,76519514,2011-05-20,Medium,34,2010.89000,0.09,Regular Air,564.07,63.98,11.55
4484,17312,585386,18334625,2011-05-20,Not Specified,41,4610.28950,0.00,Regular Air,1432.86,125.99,2.50
6169,24099,572974,91212453,2011-05-20,Not Specified,36,825.82000,0.00,Regular Air,-1049.26,20.34,35.00
6237,27364,967595,81675705,2011-05-20,Medium,29,1529.05650,0.06,Regular Air,201.73,65.99,3.99
7459,56387,653263,94998229,2011-05-20,Medium,9,67.46000,0.08,Regular Air,-57.53,6.48,10.05
7604,17312,570116,18334625,2011-05-20,Not Specified,37,258.54000,0.05,Regular Air,-116.37,6.68,7.30
7933,52900,333937,93857244,2011-05-20,High,16,101.14000,0.00,Regular Air,-32.62,5.98,5.46
680,21477,424146,38326802,2011-05-21,Low,40,278.80000,0.06,Regular Air,77.71,6.88,2.00
1497,38403,147972,47237797,2011-05-21,Low,49,142.10000,0.01,Regular Air,37.03,2.88,0.99
2079,21542,361951,84624337,2011-05-21,High,18,404.30000,0.04,Regular Air,-27.34,21.38,8.99
2618,4422,361951,83620837,2011-05-21,Medium,17,390.11000,0.02,Regular Air,-19.92,21.38,8.99
2619,4422,980324,83620837,2011-05-21,Medium,12,313.43000,0.02,Regular Air,104.03,25.38,8.99
3869,21477,444448,38326802,2011-05-21,Low,7,189.73000,0.01,Regular Air,43.17,24.95,2.99
4527,6566,315687,71636340,2011-05-21,Critical,21,748.83000,0.01,Regular Air,250.01,33.98,1.99
4947,25280,649376,15408772,2011-05-21,Not Specified,47,202.64000,0.03,Regular Air,28.75,4.13,1.17
5007,25280,672241,45684102,2011-05-21,Not Specified,16,179.26000,0.01,Regular Air,36.78,10.91,2.99
308,37152,275481,13884388,2011-05-22,Medium,45,2503.32650,0.04,Regular Air,447.12,65.99,8.80
1842,41891,408433,40732966,2011-05-22,High,22,846.59000,0.08,Regular Air,-1.95,40.89,18.98
2508,46117,629210,97394565,2011-05-22,Low,22,1168.28000,0.02,Delivery Truck,126.07,50.98,14.19
3200,47553,826113,80406839,2011-05-22,Medium,49,20701.92800,0.08,Delivery Truck,3918.54,550.98,45.70
3466,42918,962312,67374454,2011-05-22,High,46,648.26000,0.07,Regular Air,30.48,14.27,7.27
3653,37152,461227,13884388,2011-05-22,Medium,39,4647.69000,0.02,Delivery Truck,182.53,113.98,30.00
3883,42918,663528,92656557,2011-05-22,High,38,468.95000,0.02,Express Air,-2.38,11.50,7.19
6649,42918,991431,67374454,2011-05-22,High,46,410.43000,0.10,Regular Air,-54.58,9.49,5.76
900,48161,382992,85555346,2011-05-23,Not Specified,39,6030.58000,0.09,Regular Air,1197.86,195.99,8.99
1212,39937,373440,38079848,2011-05-23,Medium,42,113.33000,0.07,Regular Air,-0.40,2.78,1.49
1248,40964,260010,37304343,2011-05-23,Critical,40,301.12000,0.00,Regular Air,-206.05,6.84,8.37
3113,57185,91652,57583255,2011-05-23,Medium,28,1360.82000,0.06,Regular Air,385.03,49.34,10.25
3996,48161,669077,85555346,2011-05-23,Not Specified,16,139.69000,0.01,Regular Air,-95.64,7.77,9.23
1379,42214,680802,14961350,2011-05-24,Low,46,569.92000,0.03,Regular Air,154.09,12.22,2.85
4812,20259,238464,42995013,2011-05-24,Critical,42,539.06000,0.05,Regular Air,-123.07,12.88,4.59
4914,225,245427,89960282,2011-05-24,Critical,24,126.58000,0.06,Regular Air,18.27,5.58,0.70
6626,225,479758,89960282,2011-05-24,Critical,1,23.70000,0.05,Regular Air,-8.97,19.84,4.10
7498,42214,156272,14961350,2011-05-24,Low,28,183.65000,0.02,Regular Air,-59.96,6.48,5.84
1917,49924,335488,90514203,2011-05-25,Critical,13,33.11000,0.08,Regular Air,-35.96,2.23,4.57
2802,33665,622193,12419685,2011-05-25,Low,45,12457.63000,0.08,Delivery Truck,1063.46,284.98,69.55
3157,45958,710507,12756390,2011-05-25,Medium,28,17599.39000,0.03,Regular Air,5513.86,599.99,24.49
5312,49924,272408,90514203,2011-05-25,Critical,48,204.15000,0.07,Regular Air,-155.53,4.24,5.41
5355,57350,746290,72906222,2011-05-25,High,50,4872.66750,0.09,Regular Air,851.31,125.99,8.80
7010,57350,721136,72906222,2011-05-25,High,33,140.63000,0.09,Regular Air,-111.87,4.28,5.68
7776,45958,764895,12756390,2011-05-25,Medium,16,115.34000,0.02,Regular Air,13.83,6.69,3.10
266,45893,943159,4221093,2011-05-26,High,15,68.03000,0.05,Regular Air,8.87,4.49,1.49
560,14471,236065,20566789,2011-05-26,Not Specified,44,823.63000,0.03,Regular Air,375.02,18.65,3.77
2053,31751,962312,57347993,2011-05-26,High,31,413.12000,0.10,Express Air,-10.22,14.27,7.27
7133,14471,938591,20566789,2011-05-26,Not Specified,42,286.73000,0.05,Regular Air,-141.51,6.48,7.49
326,41794,518917,51065809,2011-05-27,Critical,49,891.60750,0.06,Regular Air,100.59,20.99,4.81
1605,56515,428893,102974960,2011-05-27,Medium,18,126.62000,0.08,Express Air,60.79,6.30,0.50
3020,24804,278621,2907098,2011-05-27,Not Specified,20,211.42000,0.00,Regular Air,-113.52,9.71,9.45
3668,41794,662058,51065809,2011-05-27,Critical,48,836.59000,0.06,Regular Air,-106.80,17.99,8.65
3670,41794,529422,51065809,2011-05-27,Critical,21,58.14000,0.04,Regular Air,-2.23,2.78,0.97
4197,10535,860962,39140094,2011-05-27,Low,25,854.88000,0.09,Regular Air,-44.14,33.98,19.99
4198,10535,828731,39140094,2011-05-27,Low,46,80.27000,0.09,Regular Air,-0.79,1.76,0.70
4464,56515,724277,102974960,2011-05-27,Medium,17,979.52000,0.10,Delivery Truck,-362.04,58.14,36.61
1544,4132,533786,45065842,2011-05-28,Not Specified,5,14.76000,0.01,Regular Air,1.32,2.88,0.50
1622,8993,1015676,9523535,2011-05-28,Medium,41,172.15000,0.02,Express Air,86.78,3.69,0.50
1925,14948,160678,24088027,2011-05-28,Medium,6,647.78000,0.00,Delivery Truck,-144.87,100.98,35.84
5083,12355,755639,88371652,2011-05-28,Not Specified,45,168.66000,0.08,Regular Air,-167.06,3.95,5.13
6589,12355,109003,13012156,2011-05-28,Not Specified,14,225.47000,0.00,Regular Air,-29.07,14.97,7.51
7270,28898,552704,68926150,2011-05-28,Low,44,246.00000,0.10,Regular Air,-207.36,5.78,7.96
7846,12355,971876,13012156,2011-05-28,Not Specified,36,209.53000,0.03,Regular Air,-81.06,5.78,5.67
911,36135,771470,77040900,2011-05-30,Not Specified,33,999.22600,0.02,Regular Air,381.17,35.99,3.30
4839,44007,308520,98760164,2011-05-30,Medium,50,281.81000,0.07,Regular Air,42.45,5.98,0.96
7478,995,522924,76850542,2011-05-30,Medium,46,1815.49000,0.03,Regular Air,782.91,39.89,3.04
572,23557,217285,36255546,2011-05-31,Not Specified,7,1011.16000,0.02,Regular Air,547.96,136.98,24.49
1394,50533,736726,11233852,2011-05-31,Not Specified,3,73.44000,0.00,Delivery Truck,-53.78,15.23,27.75
4151,38438,868096,52327242,2011-05-31,Critical,16,621.93000,0.08,Regular Air,-49.77,39.98,4.00
4651,59971,224619,38922248,2011-05-31,Critical,26,437.77000,0.01,Express Air,-125.80,15.98,8.99
6040,50533,462054,11233852,2011-05-31,Not Specified,32,1974.66000,0.06,Express Air,-929.68,64.65,35.00
7195,13953,103518,57944229,2011-05-31,Critical,32,381.24000,0.04,Regular Air,67.60,11.34,5.01
7376,38438,165314,52327242,2011-05-31,Critical,17,121.09000,0.05,Regular Air,-30.51,6.68,5.66
7721,59971,50374,38922248,2011-05-31,Critical,45,514.86000,0.08,Regular Air,-10.84,12.28,6.47
7722,59971,886377,38922248,2011-05-31,Critical,12,356.27000,0.10,Express Air,84.53,30.98,5.09
2775,51650,852926,62992734,2011-06-01,High,43,10854.83000,0.08,Delivery Truck,2039.41,270.97,28.06
3241,57059,519834,107565533,2011-06-01,Medium,25,2455.54000,0.03,Regular Air,1361.88,98.31,0.49
3622,49349,475585,104516246,2011-06-01,High,23,1642.47000,0.01,Delivery Truck,-524.03,68.81,60.00
4405,51650,933643,62992734,2011-06-01,High,19,51.23000,0.10,Regular Air,-5.29,2.94,0.96
4800,57059,1067744,107565533,2011-06-01,Medium,50,212.12000,0.01,Regular Air,-154.63,3.98,5.26
7012,49349,103518,104516246,2011-06-01,High,11,123.34000,0.07,Regular Air,0.64,11.34,5.01
7566,51650,229862,62992734,2011-06-01,High,25,470.11000,0.08,Regular Air,91.09,19.98,5.97
4807,39457,381761,38059837,2011-06-02,Critical,40,4842.21000,0.03,Delivery Truck,-1975.26,122.99,70.20
5274,57063,864642,69563791,2011-06-02,Medium,22,41.18000,0.07,Regular Air,-0.64,1.88,0.79
6133,8996,828775,41264800,2011-06-02,Low,13,772.26750,0.02,Regular Air,-48.85,65.99,8.99
6953,57063,938591,69563791,2011-06-02,Medium,26,173.78000,0.06,Regular Air,-96.26,6.48,7.49
970,50117,155970,55827442,2011-06-03,Critical,17,47.44000,0.09,Regular Air,14.49,2.89,0.50
1338,326,375694,69084540,2011-06-03,High,17,100.95000,0.05,Regular Air,-21.30,5.81,3.37
2635,37505,134974,30311200,2011-06-03,Low,1,29.19000,0.03,Regular Air,-23.10,16.98,12.39
2646,326,731946,69084540,2011-06-03,High,34,218.27000,0.03,Regular Air,-44.14,5.99,4.92
4239,37505,229792,30311200,2011-06-03,Low,9,2007.24000,0.03,Express Air,600.40,225.04,11.79
4815,44579,251746,31645785,2011-06-03,Not Specified,19,3896.39000,0.10,Regular Air,755.28,218.08,18.06
5986,37505,991431,30311200,2011-06-03,Low,42,384.41000,0.05,Regular Air,-44.30,9.49,5.76
7186,8006,598592,57407328,2011-06-03,Medium,27,197.15000,0.00,Express Air,-23.34,6.68,5.20
6909,27264,453581,22477532,2011-06-04,Low,3,74.05000,0.02,Regular Air,44.54,19.99,11.17
2865,38948,149455,30028735,2011-06-05,Not Specified,9,1394.28000,0.03,Regular Air,197.16,155.06,7.07
6873,7367,994793,10983392,2011-06-05,Low,46,303.62000,0.02,Regular Air,-59.98,6.48,2.74
7615,38948,641174,30028735,2011-06-05,Not Specified,44,6862.23700,0.05,Express Air,1839.20,179.99,13.99
7633,7367,675603,34034789,2011-06-05,Low,48,269.93000,0.05,Express Air,119.64,5.43,0.95
7645,20102,937092,73881886,2011-06-05,High,15,333.30000,0.03,Regular Air,71.04,22.24,1.99
2958,41571,981209,93242448,2011-06-06,Low,42,906.07000,0.00,Regular Air,-2.66,20.15,8.99
4053,33540,397638,9969848,2011-06-06,Low,21,190.99000,0.10,Regular Air,-27.15,9.85,4.82
4288,5568,510087,14961350,2011-06-06,Medium,8,120.22000,0.07,Regular Air,52.69,14.34,5.00
7965,25412,981266,31295548,2011-06-06,Not Specified,18,129.77000,0.01,Regular Air,-99.42,6.48,9.68
1081,18144,367450,67912275,2011-06-07,Critical,41,1779.89150,0.09,Regular Air,-250.17,55.99,5.00
2459,18144,884540,67912275,2011-06-07,Critical,8,234.28000,0.09,Regular Air,-65.42,28.28,13.99
2849,46885,872912,76319822,2011-06-07,Low,48,90.96000,0.02,Regular Air,-30.11,1.81,1.56
2850,46885,105932,76319822,2011-06-07,Low,27,632.55000,0.05,Regular Air,165.35,22.72,8.99
4494,46885,924921,76319822,2011-06-07,Low,32,1997.13000,0.05,Regular Air,720.45,63.94,14.48
5596,21159,112938,34113194,2011-06-07,Low,5,20.28000,0.05,Express Air,-4.32,2.98,2.03
5597,21346,999980,34113194,2011-06-07,High,46,400.49000,0.09,Regular Air,-237.89,9.06,9.86
7341,18144,59843,67912275,2011-06-07,Critical,48,207.08000,0.09,Regular Air,-131.82,4.28,5.17
15,58470,657768,38512011,2011-06-08,High,13,49.08000,0.06,Regular Air,-0.31,3.71,1.93
1850,58470,1003701,38512011,2011-06-08,High,45,854.14000,0.01,Regular Air,94.00,18.97,9.03
1851,58470,430772,38512011,2011-06-08,High,36,236.19000,0.06,Regular Air,-76.92,6.48,5.94
1852,58470,300581,38512011,2011-06-08,High,5,159.50000,0.09,Regular Air,-57.98,31.98,6.72
3510,58470,269538,38512011,2011-06-08,High,24,1811.55000,0.09,Regular Air,512.69,81.32,0.99
4572,5221,677142,62607421,2011-06-08,Not Specified,48,1347.63000,0.07,Regular Air,562.89,28.48,1.99
494,11074,529361,34495598,2011-06-09,High,44,7164.74350,0.07,Regular Air,1609.29,205.99,5.99
495,11074,559119,34495598,2011-06-09,High,21,114.53000,0.07,Regular Air,-39.23,5.68,3.60
1222,47462,638256,73798026,2011-06-09,High,41,137.51000,0.02,Regular Air,21.62,3.29,1.35
1224,47462,540260,73798026,2011-06-09,High,43,154.18000,0.08,Regular Air,-166.92,3.58,5.47
2181,31169,593564,50378986,2011-06-09,Low,6,254.76000,0.06,Regular Air,109.88,40.97,14.45
2571,47462,896019,73798026,2011-06-09,High,18,110.31000,0.05,Regular Air,-1.22,5.85,2.27
941,38274,335550,100130172,2011-06-10,High,10,484.21950,0.02,Express Air,-33.79,55.99,1.25
1441,53671,730110,77123402,2011-06-10,Medium,41,236.68000,0.08,Regular Air,-82.79,5.74,5.01
1719,16519,846871,7178696,2011-06-10,Medium,39,158.97000,0.08,Regular Air,-30.27,4.18,2.99
2705,53671,689019,77123402,2011-06-10,Medium,43,6255.81000,0.01,Regular Air,693.26,140.85,19.99
2706,53671,995197,77123402,2011-06-10,Medium,39,616.50000,0.02,Regular Air,25.99,15.01,8.40
3356,9095,789960,50169727,2011-06-10,High,23,294.91000,0.03,Regular Air,-37.27,12.44,6.27
4017,38274,949076,100130172,2011-06-10,High,9,1225.37000,0.08,Regular Air,0.98,140.81,24.49
4558,16519,116812,7178696,2011-06-10,Medium,49,138.96000,0.03,Regular Air,19.87,2.88,0.70
5348,37702,747572,73966703,2011-06-10,Not Specified,44,601.78000,0.05,Regular Air,26.44,13.48,4.51
5747,38274,455572,100130172,2011-06-10,High,27,1199.57000,0.06,Regular Air,23.70,43.57,16.36
397,4871,577331,23988283,2011-06-11,Critical,26,238.34000,0.06,Regular Air,-19.31,9.31,3.98
1198,23107,259382,53947199,2011-06-11,Medium,7,43.29000,0.07,Regular Air,-39.12,5.38,7.57
3703,4871,1083564,23988283,2011-06-11,Critical,8,775.74000,0.02,Delivery Truck,-215.39,89.99,42.00
4774,4070,677142,54537998,2011-06-11,High,22,646.07000,0.06,Express Air,237.75,28.48,1.99
6223,24519,953860,104393625,2011-06-11,Critical,22,127.56000,0.03,Regular Air,-60.72,5.34,5.63
7513,58496,653263,28941888,2011-06-11,Not Specified,20,137.97000,0.06,Regular Air,-123.94,6.48,10.05
2122,54592,594094,35183561,2011-06-12,Low,34,154.43000,0.03,Regular Air,-133.77,4.18,6.92
2164,50852,1047536,13226561,2011-06-12,Medium,24,188.47000,0.03,Regular Air,-191.23,7.38,11.51
2247,45671,532104,13719044,2011-06-12,Low,13,126.68000,0.05,Regular Air,7.00,9.77,6.02
5501,54592,248300,35183561,2011-06-12,Low,28,1971.56000,0.05,Delivery Truck,-15.29,70.98,26.85
1486,30048,1021753,14291205,2011-06-13,Medium,44,7765.13000,0.06,Delivery Truck,433.63,180.98,55.24
5564,29249,165300,67569954,2011-06-13,Low,12,3156.60000,0.10,Regular Air,454.26,276.20,24.49
5565,29249,444836,67569954,2011-06-13,Low,47,302.69000,0.05,Express Air,125.65,6.35,1.02
1422,44292,954944,25228465,2011-06-14,Not Specified,1,10.48000,0.00,Express Air,-3.78,5.18,2.04
2114,35875,567128,34495598,2011-06-14,High,31,348.92000,0.06,Regular Air,28.47,10.98,3.37
3151,38693,205200,9193847,2011-06-14,Low,3,2222.61000,0.02,Regular Air,196.08,699.99,24.49
5631,29506,249175,87466123,2011-06-14,Critical,46,221.13000,0.01,Regular Air,59.70,4.55,1.49
5632,29506,357719,87466123,2011-06-14,Critical,8,16.35000,0.05,Regular Air,-5.62,1.88,1.49
5818,52642,751465,39020168,2011-06-14,Low,9,742.84000,0.01,Delivery Truck,-320.70,70.98,59.81
7332,52642,985033,39020168,2011-06-14,Low,15,764.13000,0.09,Regular Air,276.98,55.98,4.86
775,11910,221283,31343539,2011-06-15,High,21,49.23000,0.01,Regular Air,-77.71,1.98,4.77
5250,49762,117213,14649835,2011-06-15,High,35,99.13000,0.09,Regular Air,23.74,2.94,0.81
149,26050,789601,90514203,2011-06-16,High,44,365.24000,0.09,Regular Air,-163.13,8.74,8.29
1135,36704,381880,90627052,2011-06-16,High,43,134.33000,0.07,Express Air,25.02,3.14,1.14
1136,36704,737723,90627052,2011-06-16,High,19,70.32000,0.08,Regular Air,-56.07,3.57,4.17
5770,9472,573049,28488718,2011-06-16,Critical,17,53.91000,0.05,Regular Air,19.47,3.15,0.49
7014,771,195368,101777049,2011-06-16,Critical,18,88.84000,0.08,Regular Air,-38.35,4.98,4.72
7553,12579,5889,67857024,2011-06-16,Not Specified,5,70.33000,0.10,Regular Air,1.07,15.04,1.97
7845,3554,50374,13012156,2011-06-16,Low,25,288.91000,0.08,Regular Air,-14.06,12.28,6.47
1406,613,69354,41626962,2011-06-17,High,12,93.54000,0.03,Regular Air,-54.04,7.30,7.72
1435,18340,494051,79197180,2011-06-17,Medium,20,148.65000,0.10,Express Air,-142.78,7.28,11.15
1798,47398,593570,30238656,2011-06-17,Medium,6,1307.18400,0.03,Delivery Truck,-184.06,262.11,62.74
5248,1538,908570,79674261,2011-06-17,Not Specified,15,1297.30400,0.00,Regular Air,149.82,95.99,4.90
6047,613,910598,41626962,2011-06-17,High,22,905.08000,0.09,Regular Air,127.70,42.76,6.22
6774,36994,905242,90467666,2011-06-17,Critical,40,5264.48000,0.03,Delivery Truck,-284.06,130.98,30.00
7517,18340,653263,79197180,2011-06-17,Medium,28,198.21000,0.01,Express Air,-163.28,6.48,10.05
155,12293,789601,97428330,2011-06-18,High,31,283.17000,0.00,Regular Air,119.64,8.74,1.39
1284,44609,746518,81921479,2011-06-18,Low,37,61.77000,0.04,Express Air,12.65,1.48,0.70
5954,44609,479758,81921479,2011-06-18,Low,28,525.40000,0.08,Regular Air,126.49,19.84,4.10
8002,38786,752280,18723161,2011-06-18,Medium,10,236.17000,0.09,Delivery Truck,-21.39,23.99,15.68
509,57376,781795,19544810,2011-06-19,Critical,6,326.89300,0.07,Regular Air,-223.21,65.99,5.31
3342,8902,430772,74561513,2011-06-19,High,27,180.46000,0.05,Regular Air,-57.62,6.48,5.94
7109,57376,541296,19544810,2011-06-19,Critical,44,442.72000,0.07,Regular Air,-168.38,10.52,7.94
7206,29862,813690,86285514,2011-06-19,Medium,34,214.64000,0.08,Regular Air,-76.88,6.48,5.86
867,24038,767830,64790573,2011-06-20,High,15,896.18050,0.00,Express Air,82.04,65.99,5.26
1436,51360,481924,79197180,2011-06-20,Medium,12,46.55000,0.00,Regular Air,16.34,3.69,0.50
4908,26531,391953,74145267,2011-06-20,Medium,26,4688.94850,0.00,Regular Air,1215.44,205.99,5.26
6648,16737,639545,15814455,2011-06-20,Not Specified,15,1390.49000,0.01,Regular Air,366.80,90.48,19.99
1522,32806,399302,3837643,2011-06-21,High,48,175.99000,0.10,Express Air,77.30,3.69,0.50
3248,32806,116706,38059837,2011-06-21,Critical,8,178.78000,0.02,Regular Air,-28.34,20.24,8.99
4769,42850,875716,55460332,2011-06-21,Medium,27,822.70000,0.05,Express Air,141.28,29.99,5.50
7557,32806,598592,3837643,2011-06-21,High,33,221.23000,0.02,Regular Air,-45.29,6.68,5.20
2043,10340,614969,76162149,2011-06-22,High,15,311.98000,0.09,Regular Air,-9.78,22.01,5.53
2075,56743,682156,15571411,2011-06-22,Medium,23,524.25000,0.06,Express Air,152.31,22.23,8.99
2316,30944,888871,74002740,2011-06-22,Critical,32,546.01000,0.01,Regular Air,133.56,16.74,5.08
2744,46565,1100539,45622197,2011-06-22,Not Specified,50,804.14000,0.10,Regular Air,-25.27,17.67,8.99
2898,54150,784982,89540355,2011-06-22,Critical,12,2011.63550,0.01,Express Air,-53.69,195.99,3.99
3045,51462,524772,59074343,2011-06-22,Medium,15,417.88000,0.08,Express Air,-13.95,28.15,8.99
3156,11425,677137,37204966,2011-06-22,Critical,23,2969.63650,0.04,Express Air,383.45,155.99,8.99
3431,59812,226162,107356343,2011-06-22,Medium,46,9261.24000,0.00,Regular Air,1646.43,193.17,19.99
3699,10340,332190,76162149,2011-06-22,High,24,7547.14000,0.03,Regular Air,2080.48,320.98,24.49
4372,46565,1070903,45622197,2011-06-22,Not Specified,16,4691.27000,0.05,Express Air,1196.72,300.65,24.49
4916,59812,489031,107356343,2011-06-22,Medium,2,28.98000,0.06,Regular Air,-18.39,12.64,4.98
5433,10340,221286,76162149,2011-06-22,High,2,224.32000,0.08,Regular Air,-178.77,110.98,13.99
6122,46565,462054,45622197,2011-06-22,Not Specified,8,567.51000,0.01,Regular Air,-255.55,64.65,35.00
6485,11425,203328,37204966,2011-06-22,Critical,29,482.91000,0.10,Regular Air,-16.59,16.91,6.25
437,23943,751450,99434135,2011-06-23,Critical,24,376.53000,0.03,Regular Air,3.44,15.94,5.45
798,2465,851117,97344739,2011-06-23,Critical,28,1082.45000,0.04,Regular Air,271.87,39.48,1.99
5177,23169,588162,51397901,2011-06-23,Critical,22,1683.57000,0.10,Regular Air,346.54,80.98,7.18
7947,23169,490474,51397901,2011-06-23,Critical,27,172.70000,0.07,Regular Air,-42.97,6.48,5.11
4406,18884,870163,76590642,2011-06-24,Not Specified,5,131.27000,0.10,Delivery Truck,-70.43,25.98,14.36
6377,14500,573539,11861127,2011-06-24,Not Specified,46,1662.50000,0.01,Regular Air,289.02,34.58,8.99
7693,14500,153113,11861127,2011-06-24,Not Specified,44,839.70000,0.07,Regular Air,211.79,19.98,5.77
787,31939,654261,37846168,2011-06-25,High,13,1506.83750,0.07,Regular Air,-75.01,140.99,4.20
2923,7846,442073,87627247,2011-06-25,Low,47,2926.33000,0.09,Regular Air,499.27,67.28,19.99
2924,7846,1036156,87627247,2011-06-25,Low,20,40.05000,0.10,Regular Air,-10.22,2.08,1.49
4564,7846,647762,87627247,2011-06-25,Low,20,552.87000,0.01,Regular Air,-64.82,26.31,5.89
6321,7846,786593,87627247,2011-06-25,Low,12,26.33000,0.05,Regular Air,-33.61,1.76,4.86
595,8135,367450,96063089,2011-06-26,Not Specified,16,772.41200,0.03,Regular Air,-184.69,55.99,5.00
5557,31524,802135,29419345,2011-06-26,Low,10,1025.88000,0.08,Delivery Truck,-211.33,100.89,42.00
540,31461,299230,67539279,2011-06-27,Medium,26,1463.42000,0.08,Regular Air,350.82,59.98,3.99
7353,26277,632804,53790877,2011-06-27,Medium,17,877.81000,0.02,Regular Air,-44.40,49.99,19.99
1225,15619,638256,29954303,2011-06-28,Low,36,123.13000,0.05,Express Air,20.57,3.29,1.35
1239,8961,954252,105982998,2011-06-28,Low,48,4644.87000,0.08,Delivery Truck,-1291.39,100.80,60.00
2384,50983,224170,54172200,2011-06-28,Critical,39,3063.10000,0.06,Regular Air,-1022.02,80.98,35.00
4599,8961,868096,48962730,2011-06-28,Low,15,627.69000,0.00,Regular Air,-12.02,39.98,4.00
5750,50983,1018236,54172200,2011-06-28,Critical,15,229.03000,0.05,Regular Air,-28.58,15.51,5.80
5918,15619,953470,29954303,2011-06-28,Low,9,1425.21000,0.10,Delivery Truck,-65.02,160.98,30.00
1005,18951,753117,20332788,2011-06-29,Critical,10,324.31750,0.03,Express Air,-169.74,35.99,5.00
5118,7239,538416,7583923,2011-06-29,Medium,50,6206.16000,0.03,Regular Air,1416.27,120.33,19.99
5226,44516,793720,102153138,2011-06-29,Critical,17,57.96000,0.06,Regular Air,-47.32,3.28,3.97
7304,27844,761140,49508194,2011-06-29,Low,27,135.86000,0.04,Regular Air,-73.42,4.98,5.49
7314,18951,538736,20332788,2011-06-29,Critical,16,61.50000,0.09,Regular Air,-16.27,3.98,2.97
8010,27844,630857,5403622,2011-06-29,Low,1,11.08000,0.09,Regular Air,-9.69,5.80,5.59
1511,11270,182998,41264800,2011-06-30,High,15,140.07000,0.04,Express Air,-21.85,8.60,6.19
6075,29318,126366,50130217,2011-06-30,Not Specified,21,2954.14000,0.04,Express Air,-522.94,138.14,35.00
6077,29318,123797,50130217,2011-06-30,Not Specified,34,3375.30750,0.10,Regular Air,562.13,125.99,8.08
6804,8704,717095,71617670,2011-06-30,Medium,43,449.17000,0.01,Regular Air,198.83,9.93,1.09
6805,8704,616627,71617670,2011-06-30,Medium,38,79.81000,0.08,Regular Air,5.48,2.21,1.00
7545,12037,79826,29705839,2011-06-30,Low,14,135.21000,0.04,Regular Air,5.89,9.27,4.39
799,6918,851117,54628732,2011-07-01,Critical,38,1559.50000,0.01,Regular Air,515.83,39.48,1.99
6441,58433,251563,83042763,2011-07-01,High,11,2020.58000,0.01,Delivery Truck,-45.02,180.98,30.00
6929,30566,265285,38512011,2011-07-01,Low,34,225.45000,0.02,Regular Air,-193.39,6.48,9.54
7750,58433,629734,83042763,2011-07-01,High,30,1533.46000,0.00,Regular Air,730.44,48.04,5.79
987,38950,399791,19748793,2011-07-02,Not Specified,24,109.23000,0.02,Regular Air,-100.58,4.38,6.21
988,38950,577331,19748793,2011-07-02,Not Specified,30,288.45000,0.03,Regular Air,-5.98,9.31,3.98
3105,31844,331372,70860081,2011-07-02,Not Specified,14,2085.93000,0.09,Delivery Truck,-517.73,150.98,66.27
3427,50405,483546,76333349,2011-07-02,Medium,8,876.01000,0.07,Regular Air,-108.00,111.03,8.64
4226,32129,629536,47742901,2011-07-02,Critical,4,8467.68000,0.01,Delivery Truck,-3669.05,2036.48,14.70
5772,38950,489579,19748793,2011-07-02,Not Specified,39,74.00000,0.08,Regular Air,-20.60,1.89,0.76
7439,32129,345717,47742901,2011-07-02,Critical,20,129.27000,0.07,Regular Air,-105.15,6.48,8.74
2707,3393,285119,30236526,2011-07-03,High,33,325.92000,0.03,Regular Air,-36.47,9.48,7.29
4182,29569,1005949,38079848,2011-07-03,High,46,27720.98000,0.07,Regular Air,11984.40,599.99,24.49
4795,52160,924819,25961578,2011-07-03,Critical,6,631.49900,0.09,Regular Air,-403.02,125.99,8.08
6112,11876,612619,65028410,2011-07-03,High,47,5051.89000,0.02,Regular Air,1708.84,107.53,5.81
6323,36675,117213,81926227,2011-07-03,High,39,113.09000,0.04,Regular Air,29.76,2.94,0.81
6526,52160,593359,25961578,2011-07-03,Critical,5,15.60000,0.09,Express Air,1.67,2.18,0.78
7183,29986,604095,47872917,2011-07-03,Critical,40,1477.39000,0.03,Regular Air,641.40,37.70,2.99
7401,29569,373891,38079848,2011-07-03,High,29,520.13000,0.10,Regular Air,127.55,18.97,5.21
7430,22727,1017681,76208299,2011-07-03,Not Specified,45,296.82000,0.07,Regular Air,-120.37,6.48,6.65
324,26145,368543,65938413,2011-07-04,Low,18,99.36000,0.00,Regular Air,-51.20,4.91,5.68
1973,805,482686,79755549,2011-07-04,Not Specified,39,197.56000,0.02,Regular Air,-119.86,4.97,5.71
2016,26145,525720,65938413,2011-07-04,Low,49,510.15000,0.04,Regular Air,-362.11,9.98,12.52
4977,17382,156820,64261965,2011-07-04,Not Specified,20,2162.81650,0.01,Regular Air,223.25,125.99,8.99
5133,57447,905400,7602649,2011-07-04,Not Specified,39,315.88000,0.09,Regular Air,-60.40,8.46,3.62
5398,26145,390796,65938413,2011-07-04,Low,27,735.09000,0.10,Regular Air,153.50,29.34,7.87
2088,15714,520419,72691604,2011-07-05,High,50,2510.71000,0.01,Express Air,3.60,49.43,19.99
2233,36482,728557,65762504,2011-07-05,Medium,27,2675.08000,0.07,Express Air,489.58,105.34,24.49
4287,19363,308520,14961350,2011-07-05,High,41,248.10000,0.04,Regular Air,49.67,5.98,0.96
5598,36482,967842,65762504,2011-07-05,Medium,47,14588.28000,0.06,Delivery Truck,861.78,328.14,91.05
7194,36482,591346,65762504,2011-07-05,Medium,7,55.68000,0.10,Express Air,-7.40,5.98,5.15
7496,19363,165314,14961350,2011-07-05,High,44,286.06000,0.10,Regular Air,-85.09,6.68,5.66
472,12263,924461,34141840,2011-07-06,High,12,515.65000,0.00,Regular Air,123.50,39.48,3.99
3974,34663,49746,10406639,2011-07-06,Not Specified,38,29186.49000,0.05,Delivery Truck,11562.08,808.49,55.30
4342,51493,164015,100010565,2011-07-06,Low,31,286.26000,0.01,Regular Air,8.34,8.56,5.16
5589,16258,942547,14517596,2011-07-06,Medium,48,331.99000,0.03,Regular Air,45.31,7.08,2.35
7188,16258,195368,14517596,2011-07-06,Medium,1,9.69000,0.05,Regular Air,-6.78,4.98,4.72
742,52512,730110,4569162,2011-07-07,High,32,197.49000,0.08,Express Air,-52.84,5.74,5.01
1047,27936,209111,102737308,2011-07-07,High,23,1028.16000,0.07,Regular Air,405.16,55.99,1.25
5636,52512,607882,4569162,2011-07-07,High,4,49.86000,0.09,Regular Air,-21.77,11.97,4.98
6235,27558,511714,55591205,2011-07-07,Not Specified,21,423.24000,0.10,Regular Air,128.83,21.38,2.99
6785,27936,394339,46897051,2011-07-07,High,3,9172.32000,0.06,Delivery Truck,-8570.45,3502.14,8.73
2828,5284,820841,103723976,2011-07-08,Not Specified,7,59.38000,0.10,Regular Air,-3.05,8.69,2.99
4699,42855,294775,103104706,2011-07-08,Not Specified,17,135.38000,0.05,Regular Air,-71.12,7.98,6.50
1027,12481,196162,40482968,2011-07-10,Critical,12,388.86650,0.01,Regular Air,103.05,35.99,0.99
2004,54977,211281,18293658,2011-07-10,Low,24,344.25000,0.10,Regular Air,23.96,14.48,6.46
3064,43298,1039462,56692640,2011-07-10,Not Specified,33,5964.19000,0.10,Regular Air,988.20,199.99,24.49
4068,12481,116401,40482968,2011-07-10,Critical,37,744.00000,0.04,Regular Air,215.80,20.89,1.99
5381,54977,575546,18293658,2011-07-10,Low,12,64.77000,0.09,Regular Air,14.46,5.84,1.00
6704,49126,953470,64966840,2011-07-10,Low,33,5661.08000,0.00,Delivery Truck,1055.47,160.98,30.00
6750,483,671330,95834317,2011-07-10,High,30,4965.75950,0.08,Regular Air,1198.97,195.99,3.99
7742,43298,620362,56692640,2011-07-10,Not Specified,15,109.20000,0.03,Regular Air,-50.27,6.48,7.37
4723,31618,209835,74001204,2011-07-11,Critical,14,403.17000,0.02,Regular Air,147.45,28.53,1.49
409,36933,481924,57347993,2011-07-12,High,32,115.81000,0.07,Regular Air,47.56,3.69,0.50
1599,55013,659453,61322431,2011-07-12,Low,5,24.30000,0.02,Regular Air,3.14,4.91,0.50
2823,55013,614969,61322431,2011-07-12,Low,14,322.61000,0.02,Regular Air,19.37,22.01,5.53
5132,57572,401561,93857244,2011-07-12,Medium,30,139.08000,0.10,Regular Air,-120.04,4.98,4.62
5191,57760,725611,57428241,2011-07-12,Not Specified,38,275.11000,0.06,Regular Air,17.15,7.59,4.00
6724,57572,334736,93857244,2011-07-12,Medium,9,75.28000,0.00,Regular Air,-17.22,7.64,5.83
6747,57760,112938,57428241,2011-07-12,Not Specified,34,102.34000,0.01,Regular Air,-30.39,2.98,2.03
7191,39232,574567,50857062,2011-07-12,Low,11,391.90000,0.10,Regular Air,-47.01,35.44,19.99
7192,39232,175765,50857062,2011-07-12,Low,26,1451.59000,0.06,Regular Air,435.11,55.48,14.30
7403,35366,105479,38079848,2011-07-12,Low,23,149.31000,0.06,Regular Air,-98.42,6.48,7.81
1534,21412,466225,76590642,2011-07-13,Not Specified,28,203.99000,0.02,Regular Air,-8.51,7.28,4.23
1606,27845,428893,34013170,2011-07-13,Not Specified,36,220.45000,0.10,Regular Air,101.40,6.30,0.50
3305,41217,559984,98760164,2011-07-13,High,23,1314.64000,0.03,Express Air,575.38,55.48,6.79
5202,13764,269026,14547307,2011-07-13,Medium,31,123.93000,0.10,Regular Air,11.93,4.28,0.94
6151,21412,957535,76590642,2011-07-13,Not Specified,38,137.07000,0.09,Regular Air,-199.30,3.52,6.83
750,23907,796442,15879065,2011-07-14,Not Specified,7,384.20000,0.05,Regular Air,-164.46,65.99,2.50
3352,6274,448604,40929835,2011-07-14,Not Specified,22,46.36000,0.05,Express Air,-56.73,1.74,4.08
4184,29827,647762,38079848,2011-07-14,Critical,35,926.65000,0.01,Regular Air,-75.38,26.31,5.89
4541,10338,603630,89092013,2011-07-14,Not Specified,7,363.57000,0.02,Delivery Truck,33.99,44.43,46.59
4953,10338,419790,96643883,2011-07-14,Not Specified,9,799.98000,0.04,Delivery Truck,15.36,90.97,14.00
310,740,1000550,13884388,2011-07-15,Medium,6,28.01000,0.09,Regular Air,3.46,4.98,0.49
1205,8513,809305,39390141,2011-07-15,Low,8,84.64000,0.00,Express Air,-9.29,8.62,4.50
1786,32,560855,52197137,2011-07-15,High,23,160.23350,0.04,Regular Air,-85.13,7.99,5.03
2367,33061,483546,31869933,2011-07-15,High,48,5318.89000,0.06,Regular Air,525.15,111.03,8.64
2726,8513,445991,5768603,2011-07-15,Low,9,163.78000,0.05,Regular Air,-43.03,17.98,8.51
5078,32,124105,69473872,2011-07-15,High,15,140.56000,0.04,Regular Air,-128.38,8.46,8.99
5890,2467,399912,97850819,2011-07-15,Not Specified,30,4147.47000,0.09,Delivery Truck,586.61,145.45,17.85
6364,32,612619,52197137,2011-07-15,High,26,2808.08000,0.07,Regular Air,1054.82,107.53,5.81
432,50563,754090,97257760,2011-07-16,High,2,423.04000,0.05,Express Air,-270.70,210.55,9.99
2279,50790,482686,31343539,2011-07-16,Critical,47,255.65000,0.00,Regular Air,-148.80,4.97,5.71
3229,26243,412528,51916993,2011-07-16,Low,42,71.32000,0.08,Regular Air,-4.90,1.82,1.00
6840,4324,930243,33774473,2011-07-16,Critical,28,1165.33000,0.04,Regular Air,154.85,40.97,8.99
5253,47301,940440,99328710,2011-07-17,Low,6,460.71000,0.02,Regular Air,-231.95,70.98,35.00
726,32452,607679,79221218,2011-07-18,Medium,3,8.60000,0.09,Regular Air,-2.03,2.88,0.50
1116,22534,695818,24306819,2011-07-18,Medium,3,279.33000,0.00,Regular Air,-44.18,83.93,19.99
1167,12897,399302,86395368,2011-07-18,Not Specified,39,141.49000,0.03,Regular Air,59.92,3.69,0.50
5639,40422,967595,4569162,2011-07-18,Critical,39,2192.43900,0.06,Express Air,517.82,65.99,3.99
6134,48837,101065,41264800,2011-07-18,Not Specified,39,4799.78850,0.09,Regular Air,1231.89,155.99,3.90
6379,20482,778120,19529123,2011-07-18,Medium,38,4650.07000,0.04,Delivery Truck,-1143.15,120.98,60.19
7385,12897,983577,86395368,2011-07-18,Not Specified,31,211.55000,0.05,Express Air,-120.95,6.48,7.91
7695,20482,830130,19529123,2011-07-18,Medium,39,497.52000,0.03,Regular Air,92.46,12.28,5.09
1265,2757,865125,76208299,2011-07-19,High,42,569.32000,0.05,Express Air,84.38,12.98,3.14
1808,2757,682640,13117414,2011-07-19,Critical,39,3554.46000,0.07,Delivery Truck,-1766.01,95.95,74.35
1930,449,431822,20071951,2011-07-19,High,45,356.70000,0.02,Regular Air,-48.97,7.38,5.21
3269,6947,998209,47232636,2011-07-19,Critical,9,520.49000,0.00,Regular Air,-51.01,51.65,18.45
133,59044,358060,60181220,2011-07-20,Critical,6,20.19000,0.02,Regular Air,1.25,3.08,0.99
1578,7142,481924,7210830,2011-07-21,Critical,36,132.86000,0.06,Regular Air,57.00,3.69,0.50
2996,55845,331372,89379992,2011-07-21,Low,29,4203.88000,0.10,Delivery Truck,-865.88,150.98,66.27
4321,41409,663528,11928127,2011-07-21,Not Specified,1,18.92000,0.00,Regular Air,-18.25,11.50,7.19
4551,6596,585869,71736805,2011-07-21,Low,36,18028.07000,0.02,Delivery Truck,8157.70,500.98,28.14
6103,54083,409791,73337961,2011-07-21,High,10,2700.41000,0.08,Delivery Truck,258.01,279.81,23.19
7168,54912,764895,96421847,2011-07-21,Low,17,117.33000,0.07,Regular Air,10.31,6.69,3.10
173,28867,66293,28130934,2011-07-22,Medium,26,2169.75250,0.02,Regular Air,374.75,95.99,8.99
3594,28867,264955,28130934,2011-07-22,Medium,6,642.42000,0.03,Regular Air,80.01,104.85,19.99
5235,48288,34354,12518883,2011-07-22,Medium,25,3308.28000,0.08,Delivery Truck,-581.59,130.98,54.74
5982,25536,717095,64147312,2011-07-22,Low,19,193.25000,0.03,Regular Air,71.55,9.93,1.09
6575,14976,766319,24482846,2011-07-22,High,46,231.35000,0.03,Regular Air,-81.86,4.98,4.70
549,9792,89922,39916227,2011-07-23,Low,14,84.09000,0.02,Regular Air,-73.14,5.40,7.78
1748,16160,681809,93179234,2011-07-23,Critical,50,514.86000,0.09,Regular Air,-53.18,10.89,4.50
3203,47492,719525,50446311,2011-07-23,High,22,649.71000,0.07,Regular Air,-157.51,30.42,8.65
3354,29152,802904,97800678,2011-07-23,Low,13,94.99000,0.06,Regular Air,-106.29,6.98,9.69
3807,31558,1070903,103284166,2011-07-23,Low,12,3671.30000,0.04,Regular Air,900.06,300.65,24.49
4863,29152,457455,97800678,2011-07-23,Low,3,58.63000,0.00,Regular Air,-40.86,17.48,1.99
7135,31558,403940,103284166,2011-07-23,Low,42,1763.60000,0.08,Regular Air,455.37,45.19,1.99
7493,5575,715760,17241550,2011-07-23,Low,41,254.69000,0.06,Regular Air,-269.37,5.98,10.39
36,56420,259219,45311141,2011-07-24,Low,22,2403.13700,0.00,Regular Air,377.62,125.99,8.99
1736,26851,841964,60230536,2011-07-24,High,44,73.64000,0.07,Regular Air,-58.87,1.70,1.99
1859,56420,800064,45311141,2011-07-24,Low,16,597.44000,0.09,Regular Air,108.30,38.06,4.50
3522,56420,344017,45311141,2011-07-24,Low,26,132.23000,0.07,Regular Air,22.25,5.08,2.03
5247,56420,123797,45311141,2011-07-24,Low,48,5138.33500,0.02,Regular Air,1422.20,125.99,8.08
1173,2306,729684,44235784,2011-07-25,High,15,113.50000,0.05,Regular Air,-46.35,7.45,6.28
3080,46311,211351,95436894,2011-07-25,High,42,981.73000,0.03,Regular Air,388.23,22.23,3.63
3366,30593,594094,68444699,2011-07-25,Critical,20,97.65000,0.04,Express Air,-90.07,4.18,6.92
3731,39111,888848,99434135,2011-07-25,Medium,20,6004.35000,0.05,Regular Air,1767.56,300.97,7.18
3732,39111,314204,99434135,2011-07-25,Medium,1,182.40000,0.09,Regular Air,-114.22,178.47,19.99
4568,36516,1019643,34598354,2011-07-25,Medium,9,883.37000,0.10,Regular Air,51.30,100.98,7.18
4709,46311,677142,95436894,2011-07-25,High,42,1244.01000,0.00,Regular Air,539.57,28.48,1.99
5402,15425,287133,51065809,2011-07-25,Low,29,2896.14000,0.08,Express Air,366.63,99.99,19.99
6586,30593,573539,68444699,2011-07-25,Critical,41,1408.34000,0.06,Regular Air,176.63,34.58,8.99
7752,46311,102789,95436894,2011-07-25,High,44,302.07000,0.00,Regular Air,-185.98,6.48,8.40
1750,19041,681809,52863444,2011-07-26,Low,3,36.06000,0.08,Regular Air,-18.50,10.89,4.50
1752,19041,778385,52863444,2011-07-26,Low,43,1849.80000,0.04,Regular Air,530.22,42.98,4.62
1229,30853,656848,49950601,2011-07-27,Medium,40,254.02000,0.04,Regular Air,123.14,6.30,0.50
1389,30853,417731,85418259,2011-07-27,Medium,16,41.52000,0.06,Regular Air,-85.17,2.18,7.09
1600,52934,659453,59879429,2011-07-27,Critical,20,92.15000,0.08,Regular Air,36.98,4.91,0.50
2154,31556,243623,16060471,2011-07-27,Critical,35,269.35000,0.07,Regular Air,-14.99,7.70,3.68
2466,49479,651577,24082624,2011-07-27,Medium,46,5615.40000,0.07,Delivery Truck,1807.16,120.97,26.30
3785,31938,1083564,28382862,2011-07-27,Medium,13,1193.62000,0.08,Delivery Truck,-304.47,89.99,42.00
3786,31938,725611,28382862,2011-07-27,Medium,47,363.23000,0.05,Regular Air,40.58,7.59,4.00
5158,56768,419790,69983258,2011-07-27,Critical,13,1207.02000,0.03,Delivery Truck,235.40,90.97,14.00
5219,56768,674668,51524374,2011-07-27,Critical,37,111.39000,0.02,Regular Air,20.06,2.88,0.70
5906,34725,126366,39390141,2011-07-27,Low,14,1885.41000,0.08,Regular Air,-524.74,138.14,35.00
2319,3362,131291,92512595,2011-07-28,Low,50,760.85000,0.03,Regular Air,-109.10,15.14,4.53
3955,3362,728530,92512595,2011-07-28,Low,40,1699.52000,0.04,Regular Air,734.75,40.98,1.99
4801,47271,401561,107565533,2011-07-28,Medium,44,221.42000,0.03,Regular Air,-142.02,4.98,4.62
4844,21089,381761,17118153,2011-07-28,Medium,4,559.75000,0.07,Delivery Truck,-331.08,122.99,70.20
35,46336,293693,45311141,2011-07-29,High,31,143.85000,0.10,Regular Air,34.14,4.84,0.71
4238,56838,1019643,35080446,2011-07-29,Critical,44,4326.27000,0.09,Regular Air,1728.20,100.98,7.18
7244,31237,464694,101147911,2011-07-29,Not Specified,13,589.78000,0.00,Regular Air,225.26,42.80,2.99
933,46305,312562,38732068,2011-07-30,Low,30,299.66000,0.08,Regular Air,-18.25,10.44,5.75
4948,9574,663528,60200887,2011-07-30,Medium,40,434.62000,0.08,Regular Air,-68.98,11.50,7.19
6000,23202,361692,59450419,2011-07-30,High,48,608.29000,0.02,Regular Air,-39.27,11.97,5.81
6738,54279,119069,34003222,2011-07-30,High,41,10071.09000,0.10,Delivery Truck,1977.69,264.98,17.86
7475,23202,363937,59450419,2011-07-30,High,39,307.42000,0.05,Regular Air,104.09,8.17,1.69
1423,33377,954944,11928127,2011-07-31,High,20,100.40000,0.06,Regular Air,11.94,5.18,2.04
1440,31812,154089,77123402,2011-07-31,High,31,38.52000,0.06,Regular Air,-17.34,1.26,0.70
2696,33377,591499,11928127,2011-07-31,High,19,327.15000,0.04,Regular Air,47.30,17.24,3.26
7518,31812,267787,77123402,2011-07-31,High,14,593.62000,0.02,Regular Air,25.19,40.99,19.99
1803,25633,95746,39521873,2011-08-01,Low,36,5140.08000,0.06,Delivery Truck,-582.43,145.98,51.92
7785,610,1022569,54537998,2011-08-01,Critical,38,283.65000,0.02,Express Air,-29.21,6.68,5.41
479,5799,738036,57153957,2011-08-02,Critical,34,9626.86000,0.08,Delivery Truck,1882.20,294.62,42.52
1538,16356,58607,49819071,2011-08-02,Critical,6,157.94000,0.04,Express Air,9.15,22.98,4.50
2017,20448,697651,88815489,2011-08-02,Critical,23,104.82000,0.02,Express Air,6.84,3.69,2.50
6098,17345,334736,7031126,2011-08-02,Critical,23,195.61000,0.00,Regular Air,-17.02,7.64,5.83
2550,56647,525720,102020359,2011-08-03,Medium,41,417.53000,0.02,Regular Air,-309.06,9.98,12.52
5432,51494,217793,64043844,2011-08-03,Critical,42,493.56000,0.06,Regular Air,12.73,11.99,5.99
6186,35684,852337,7210830,2011-08-03,Low,10,910.98000,0.07,Regular Air,18.77,96.45,13.99
6338,48512,117213,23111538,2011-08-03,Not Specified,47,148.26000,0.04,Express Air,49.04,2.94,0.81
7668,48512,195368,23111538,2011-08-03,Not Specified,48,238.79000,0.04,Regular Air,-83.78,4.98,4.72
1450,6788,947521,102822795,2011-08-04,Not Specified,6,11.15000,0.07,Regular Air,-2.62,1.81,0.75
2109,14113,136430,34697007,2011-08-04,High,22,8218.16000,0.09,Delivery Truck,-774.14,376.13,85.63
4338,6788,933643,102822795,2011-08-04,Not Specified,41,127.84000,0.02,Express Air,12.69,2.94,0.96
5833,14401,609559,94848024,2011-08-04,Not Specified,10,931.14950,0.06,Regular Air,-128.83,110.99,2.50
68,35782,671340,8480164,2011-08-05,Low,13,1330.73000,0.06,Delivery Truck,-450.10,105.49,41.64
1872,35782,351447,8480164,2011-08-05,Low,42,6427.18000,0.09,Regular Air,2097.10,165.98,19.99
3577,38787,92451,92369283,2011-08-05,Low,22,79.04000,0.05,Regular Air,-77.93,3.28,5.00
1848,36196,403305,63834266,2011-08-06,Not Specified,7,39.01000,0.07,Regular Air,-38.44,4.98,4.32
3254,36196,532104,29648423,2011-08-06,Not Specified,6,62.03000,0.09,Regular Air,17.31,9.77,6.02
1817,6374,746518,15610164,2011-08-07,Critical,1,2.24000,0.01,Regular Air,-1.97,1.48,0.70
3983,21378,209835,64790573,2011-08-07,Medium,34,937.04000,0.08,Regular Air,391.60,28.53,1.49
4637,6374,139334,15610164,2011-08-07,Critical,29,857.42000,0.07,Express Air,51.18,31.11,3.60
5719,21378,287133,64790573,2011-08-07,Medium,17,1616.64000,0.07,Regular Air,26.94,99.99,19.99
6700,28324,945371,50327280,2011-08-07,High,48,385.99000,0.09,Regular Air,-40.72,8.67,3.50
6836,7110,165300,10791341,2011-08-07,Low,22,6396.20000,0.02,Regular Air,1902.24,276.20,24.49
1296,19811,225839,96580875,2011-08-08,Low,49,450.66000,0.01,Express Air,-115.10,8.57,6.14
2831,23427,995197,84641727,2011-08-08,Low,30,442.76000,0.09,Regular Air,-17.11,15.01,8.40
2832,23427,87215,84641727,2011-08-08,Low,22,2684.98000,0.03,Regular Air,1115.14,120.98,9.07
3956,26370,1067150,46187622,2011-08-08,Not Specified,20,660.27000,0.09,Express Air,63.83,34.76,5.49
5744,9700,701718,38732068,2011-08-08,Critical,35,106.06000,0.08,Regular Air,-59.74,3.14,1.92
7248,26370,253064,46187622,2011-08-08,Not Specified,12,270.23000,0.08,Regular Air,52.02,22.84,5.47
8027,53956,709916,83349544,2011-08-08,High,43,1779.87000,0.01,Regular Air,311.72,40.99,17.48
1341,15972,375694,59450419,2011-08-09,Not Specified,2,14.39000,0.07,Regular Air,-10.24,5.81,3.37
3076,1440,1100539,70909580,2011-08-09,Low,41,726.22000,0.01,Regular Air,52.47,17.67,8.99
4766,23558,688094,55460332,2011-08-09,Low,17,579.71000,0.03,Delivery Truck,24.30,31.76,45.51
5704,24583,1029916,64444841,2011-08-09,Critical,17,42.29000,0.06,Regular Air,-85.27,2.16,6.05
5999,15972,102816,59450419,2011-08-09,Not Specified,3,10.33000,0.04,Regular Air,-3.86,2.98,1.58
7779,23558,195368,55460332,2011-08-09,Low,4,25.82000,0.01,Regular Air,-10.19,4.98,4.72
2420,24387,593564,91345374,2011-08-10,Critical,23,1003.31000,0.01,Regular Air,51.90,40.97,14.45
2586,39683,246243,2465224,2011-08-10,High,6,126.02000,0.09,Regular Air,66.97,20.24,6.67
4205,39683,251746,2465224,2011-08-10,High,41,8387.10000,0.10,Regular Air,2113.95,218.08,18.06
5094,52288,206992,101231204,2011-08-10,High,19,1410.44000,0.07,Regular Air,545.11,78.69,19.99
5786,24387,37176,91345374,2011-08-10,Critical,17,6048.18000,0.04,Delivery Truck,1418.36,349.45,60.00
5937,39683,269814,2465224,2011-08-10,High,31,615.58000,0.04,Regular Air,168.00,18.99,5.23
5938,39683,593359,2465224,2011-08-10,High,30,68.14000,0.00,Regular Air,6.37,2.18,0.78
352,54051,871664,33888882,2011-08-11,Medium,28,126.95000,0.06,Express Air,45.87,4.13,0.99
706,31620,691869,25750022,2011-08-11,Critical,20,1108.36600,0.05,Regular Air,178.31,65.99,2.50
2613,17958,541994,104752832,2011-08-11,Low,33,1053.74000,0.07,Regular Air,359.53,32.48,7.09
4784,6754,391953,50446311,2011-08-11,High,13,2388.63600,0.01,Regular Air,191.00,205.99,5.26
5411,54051,698263,33888882,2011-08-11,Medium,23,3301.33000,0.05,Delivery Truck,-307.46,140.98,36.09
7770,6304,1017681,83808705,2011-08-11,High,30,199.11000,0.01,Regular Air,-83.33,6.48,6.65
1309,6465,424146,68210083,2011-08-12,Low,36,240.14000,0.06,Express Air,57.78,6.88,2.00
5527,27553,79342,17332515,2011-08-12,Medium,48,18235.47000,0.03,Delivery Truck,1166.93,370.98,99.00
7134,27553,641174,17332515,2011-08-12,Medium,16,2631.10700,0.00,Regular Air,297.11,179.99,13.99
184,9763,480920,30354681,2011-08-13,Medium,44,176.26000,0.07,Regular Air,75.13,4.13,0.50
3405,49220,427305,48663618,2011-08-13,Critical,13,409.97000,0.07,Regular Air,39.36,33.62,3.50
4960,31846,180041,30509837,2011-08-13,Critical,7,261.17000,0.03,Delivery Truck,-78.84,33.94,19.19
3978,47810,757246,74076626,2011-08-14,Critical,3,19.57000,0.02,Regular Air,-5.35,5.84,1.20
5709,17379,698622,54678268,2011-08-14,Critical,29,3218.42000,0.08,Delivery Truck,-1248.58,114.98,58.72
6327,56580,952554,49129535,2011-08-14,Not Specified,29,8122.53000,0.05,Delivery Truck,-693.23,286.85,61.76
6328,56580,674000,49129535,2011-08-14,Not Specified,9,73.05000,0.10,Regular Air,-17.03,8.34,4.82
6330,56580,947094,49129535,2011-08-14,Not Specified,44,950.30000,0.10,Delivery Truck,-2103.05,20.98,53.03
1726,1414,671340,74751607,2011-08-15,Critical,44,4530.96000,0.07,Delivery Truck,-993.35,105.49,41.64
7323,28674,971876,81690820,2011-08-15,High,26,161.96000,0.00,Regular Air,-51.12,5.78,5.67
7622,54659,598592,83021824,2011-08-15,High,38,262.90000,0.06,Regular Air,-41.98,6.68,5.20
1226,14247,638256,12997708,2011-08-16,Critical,4,14.75000,0.03,Regular Air,-2.49,3.29,1.35
3101,9927,893965,103116846,2011-08-16,High,32,4655.07000,0.00,Delivery Truck,-270.63,140.98,53.48
4721,9927,251746,103116846,2011-08-16,High,44,10087.60000,0.01,Regular Air,3387.35,218.08,18.06
4722,9927,332937,103116846,2011-08-16,High,34,1608.08000,0.09,Express Air,-82.16,50.98,6.50
7174,49409,632804,83693488,2011-08-16,High,28,1457.78000,0.04,Regular Air,68.23,49.99,19.99
754,38466,155970,96392681,2011-08-17,Critical,37,111.37000,0.04,Regular Air,46.46,2.89,0.50
1679,47459,178608,42880061,2011-08-17,Not Specified,10,197.21000,0.06,Regular Air,56.88,20.98,1.49
4673,42373,672241,39007820,2011-08-17,Not Specified,11,127.32000,0.10,Express Air,22.96,10.91,2.99
5383,17253,957535,60636010,2011-08-17,Critical,13,50.19000,0.08,Regular Air,-64.39,3.52,6.83
7213,38466,333937,96392681,2011-08-17,Critical,22,136.18000,0.08,Regular Air,-43.26,5.98,5.46
7214,38466,620362,96392681,2011-08-17,Critical,15,105.48000,0.02,Regular Air,-53.99,6.48,7.37
510,8768,781795,96628821,2011-08-18,High,44,2422.44050,0.03,Regular Air,568.18,65.99,5.31
552,33604,89922,46365602,2011-08-18,High,10,59.62000,0.04,Regular Air,-56.30,5.40,7.78
1156,43424,58607,97394565,2011-08-18,Not Specified,34,772.56000,0.04,Express Air,143.87,22.98,4.50
6315,1639,1029403,36470311,2011-08-19,Not Specified,24,163.14000,0.09,Regular Air,-62.20,6.78,6.18
7054,16967,153113,100100202,2011-08-19,Low,34,676.26000,0.06,Regular Air,181.98,19.98,5.77
7828,10791,153113,66098717,2011-08-19,Not Specified,20,400.57000,0.05,Regular Air,93.36,19.98,5.77
3124,8901,203194,31043562,2011-08-20,Low,15,168.90000,0.09,Express Air,-16.19,9.99,6.24
3607,31648,500073,98185921,2011-08-20,High,8,68.94000,0.00,Regular Air,-32.63,8.32,2.38
3758,51008,238464,33681614,2011-08-20,High,20,269.66000,0.02,Regular Air,-59.13,12.88,4.59
5119,448,251048,84793691,2011-08-20,Medium,22,1162.40050,0.09,Regular Air,-284.63,65.99,19.99
6244,6502,334736,58852314,2011-08-20,Medium,16,116.11000,0.10,Express Air,-36.46,7.64,5.83
6406,24899,942547,103383612,2011-08-20,Not Specified,37,252.99000,0.08,Regular Air,28.76,7.08,2.35
6699,36133,410393,49065676,2011-08-20,Medium,6,128.56000,0.00,Regular Air,-7.84,19.98,8.68
7001,31648,570116,98185921,2011-08-20,High,10,74.04000,0.03,Regular Air,-37.04,6.68,7.30
7618,6502,177660,58852314,2011-08-20,Medium,30,306.92000,0.05,Regular Air,13.46,9.99,5.12
1821,45381,730110,85623474,2011-08-21,Medium,26,164.10000,0.03,Express Air,-41.22,5.74,5.01
2953,46531,49841,84747948,2011-08-21,Low,23,84.47000,0.06,Regular Air,7.98,3.80,1.49
2954,46531,280185,84747948,2011-08-21,Low,17,3064.65800,0.01,Regular Air,447.34,205.99,2.79
3007,45381,623150,85623474,2011-08-21,Medium,1,11.81000,0.01,Regular Air,-7.95,5.89,5.57
3766,17445,500073,96628821,2011-08-21,Not Specified,33,249.48000,0.10,Regular Air,-73.83,8.32,2.38
4201,2882,728530,25165064,2011-08-21,High,9,356.72000,0.07,Regular Air,12.61,40.98,1.99
4352,46531,679655,81466627,2011-08-21,Low,39,4211.00000,0.07,Regular Air,-270.57,111.96,69.00
4643,45381,705599,85623474,2011-08-21,Medium,23,1316.87000,0.02,Express Air,204.70,53.98,5.50
5928,2882,953470,25165064,2011-08-21,High,23,3872.87000,0.03,Delivery Truck,565.34,160.98,30.00
7809,1095,195368,63405025,2011-08-21,Medium,28,142.18000,0.07,Regular Air,-50.14,4.98,4.72
8015,46531,523991,52653679,2011-08-21,Low,2,19.34000,0.10,Regular Air,-14.38,7.10,6.05
151,58598,75225,90514203,2011-08-22,Medium,25,89.32000,0.01,Regular Air,33.46,3.41,0.70
3583,58598,279374,90514203,2011-08-22,Medium,50,13608.83000,0.10,Delivery Truck,1342.93,300.98,64.73
971,43302,394140,71376437,2011-08-23,Low,43,720.61300,0.07,Regular Air,329.68,20.99,0.99
1666,43302,819688,28782880,2011-08-23,Low,4,8.87000,0.09,Regular Air,-5.14,1.95,1.63
2399,58566,450925,67516943,2011-08-23,Not Specified,45,4680.89000,0.07,Regular Air,693.01,105.29,10.12
2435,53189,430772,51000782,2011-08-23,Critical,29,214.19000,0.00,Express Air,-40.56,6.48,5.94
3837,28545,689598,86967557,2011-08-23,High,15,5296.19000,0.10,Regular Air,1164.05,363.25,19.99
4037,58566,75029,67516943,2011-08-23,Not Specified,42,2414.99450,0.01,Express Air,624.71,65.99,4.99
5762,43302,218863,71376437,2011-08-23,Low,39,6888.66350,0.03,Regular Air,1925.58,205.99,5.00
5182,55202,871061,82879640,2011-08-24,Low,49,6335.85750,0.08,Regular Air,1620.23,155.99,8.99
6378,51302,609474,11861127,2011-08-24,Not Specified,44,167.55000,0.03,Regular Air,-223.50,3.75,7.50
6631,55202,1064589,48835684,2011-08-24,Low,33,3093.76000,0.07,Express Air,-850.71,95.99,35.00
238,15622,861428,95284420,2011-08-25,High,34,8581.25000,0.00,Delivery Truck,1464.23,240.98,60.20
969,45861,394140,55827442,2011-08-25,Medium,39,680.85850,0.05,Regular Air,319.10,20.99,0.99
4115,36676,112415,58915465,2011-08-25,Not Specified,32,3046.01000,0.08,Delivery Truck,998.65,100.97,14.00
4148,49319,463313,44725860,2011-08-25,Low,13,98.82000,0.09,Regular Air,-68.66,7.37,5.53
6107,5153,715054,14291205,2011-08-25,Critical,37,4896.93000,0.04,Express Air,1467.82,128.24,12.65
6633,56640,465557,66362746,2011-08-25,High,2,29.31000,0.00,Regular Air,-12.78,11.48,5.43
7009,15622,981266,95284420,2011-08-25,High,21,135.99000,0.09,Regular Air,-129.24,6.48,9.68
7344,36676,621870,58915465,2011-08-25,Not Specified,15,353.52000,0.04,Regular Air,51.53,22.84,8.18
7375,49319,712492,44725860,2011-08-25,Low,40,289.19000,0.01,Regular Air,-69.03,6.68,6.15
7863,56640,165314,66362746,2011-08-25,High,11,80.26000,0.06,Regular Air,-22.55,6.68,5.66
38,39169,293693,78224739,2011-08-26,Medium,5,24.91000,0.00,Regular Air,-0.90,4.84,0.71
1073,30276,332331,80187376,2011-08-26,Low,44,1453.70400,0.00,Regular Air,549.84,35.99,1.10
4097,53767,940865,107838267,2011-08-26,Not Specified,35,1131.15000,0.03,Regular Air,433.87,30.98,5.76
4101,30276,839366,80187376,2011-08-26,Low,34,7656.30400,0.10,Delivery Truck,-715.78,296.18,54.12
6022,17924,226603,93331830,2011-08-26,Critical,42,2507.48000,0.04,Regular Air,762.53,60.97,4.50
1457,48709,421568,100010565,2011-08-28,High,17,47.12000,0.01,Regular Air,-47.01,2.52,4.28
2610,54914,789960,40629636,2011-08-28,Critical,7,90.58000,0.06,Regular Air,-27.83,12.44,6.27
4971,8391,279374,45991563,2011-08-28,High,4,1266.72000,0.04,Delivery Truck,-268.36,300.98,64.73
7442,54914,333937,40629636,2011-08-28,Critical,32,197.93000,0.06,Regular Air,-57.64,5.98,5.46
7940,6336,523991,35175537,2011-08-28,High,43,320.26000,0.01,Express Air,-84.13,7.10,6.05
2999,38561,285119,27000509,2011-08-30,Critical,19,169.40000,0.10,Regular Air,-59.64,9.48,7.29
5186,11233,694506,59257458,2011-08-30,Not Specified,25,276.50000,0.02,Regular Air,35.72,10.98,4.80
6535,36679,623868,42995013,2011-08-30,Critical,28,1491.82650,0.10,Regular Air,124.83,65.99,8.99
8051,49828,160229,62695095,2011-08-30,Medium,39,272.39000,0.03,Express Air,-91.48,6.48,6.60
1613,4676,816179,103723976,2011-08-31,High,50,187.83000,0.03,Regular Air,85.96,3.75,0.50
2439,6337,136430,55895790,2011-08-31,Not Specified,1,449.42000,0.07,Delivery Truck,-261.61,376.13,85.63
2769,34596,516201,74510177,2011-08-31,Critical,39,302.09000,0.05,Regular Air,-67.09,7.68,6.16
3382,57799,302796,30320771,2011-08-31,High,25,12343.07000,0.02,Delivery Truck,3972.72,500.97,69.30
4473,4676,871061,103723976,2011-08-31,High,30,4253.00900,0.01,Regular Air,1115.69,155.99,8.99
5812,6337,802024,55895790,2011-08-31,Not Specified,48,3397.72000,0.01,Regular Air,-912.08,70.71,37.58
7597,4676,50374,103723976,2011-08-31,High,3,49.59000,0.07,Express Air,-8.38,12.28,6.47
3911,51906,905400,83020097,2011-09-01,High,24,206.34000,0.04,Regular Air,-38.23,8.46,3.62
5394,34112,632964,15023876,2011-09-01,Critical,13,315.79200,0.10,Regular Air,-105.77,28.99,8.59
1030,9027,196162,97155515,2011-09-02,Low,30,932.89200,0.05,Regular Air,458.98,35.99,0.99
3104,27778,801720,74001204,2011-09-02,Critical,1,232.67000,0.02,Regular Air,-105.14,223.98,15.01
3159,27778,710507,91977284,2011-09-02,Critical,10,6350.29000,0.02,Regular Air,-735.97,599.99,24.49
5142,40896,48396,23953185,2011-09-02,Not Specified,21,155.73000,0.03,Express Air,42.86,7.40,1.71
6457,27778,698263,74001204,2011-09-02,Critical,34,4805.92000,0.07,Delivery Truck,-393.96,140.98,36.09
6752,8578,545992,9690051,2011-09-02,High,40,366.87000,0.10,Regular Air,-1.79,9.74,5.71
1193,34660,368543,6954303,2011-09-03,Not Specified,4,24.77000,0.10,Regular Air,-17.07,4.91,5.68
2386,42274,754038,88555704,2011-09-03,High,45,508.49000,0.10,Express Air,-28.81,12.07,6.20
2933,2309,49841,96299089,2011-09-03,Low,7,27.01000,0.05,Regular Air,-1.30,3.80,1.49
3735,41152,317279,98258765,2011-09-03,High,49,3702.92000,0.03,Regular Air,541.92,76.72,19.95
5461,41152,357719,98258765,2011-09-03,High,29,53.99000,0.10,Regular Air,-15.12,1.88,1.49
5901,34660,612619,6954303,2011-09-03,Not Specified,36,3832.37000,0.01,Regular Air,1322.07,107.53,5.81
6343,27904,623868,14871276,2011-09-03,High,8,460.58950,0.02,Regular Air,-171.20,65.99,8.99
7290,42274,690859,88555704,2011-09-03,High,23,2296.76000,0.01,Regular Air,241.15,99.99,19.99
7591,34180,394308,97936435,2011-09-03,High,2,27.00000,0.02,Express Air,-4.90,5.78,8.09
729,51969,275481,101188741,2011-09-04,High,33,1756.69500,0.10,Regular Air,164.97,65.99,8.80
3256,17573,285119,31645785,2011-09-04,Low,23,220.97000,0.02,Regular Air,-25.86,9.48,7.29
3497,13889,104120,89851873,2011-09-04,Medium,49,12979.10000,0.03,Delivery Truck,2820.44,258.98,54.31
4561,9863,592380,36470311,2011-09-04,Critical,18,33.96000,0.00,Regular Air,0.10,1.76,0.70
5921,53895,98988,79410087,2011-09-04,Not Specified,21,7922.69000,0.10,Regular Air,1558.79,419.19,19.99
6363,9955,908570,52197137,2011-09-04,Critical,37,2912.01500,0.09,Regular Air,698.17,95.99,4.90
7202,51969,50374,101188741,2011-09-04,High,16,196.98000,0.04,Regular Air,-5.76,12.28,6.47
3743,43363,884090,69981415,2011-09-05,Critical,35,12908.40000,0.03,Delivery Truck,4084.86,350.99,59.00
5825,27684,325508,18517094,2011-09-05,Low,1,13.04000,0.06,Regular Air,-6.62,10.48,2.89
5923,19138,797793,102100618,2011-09-05,Low,30,387.00000,0.01,Express Air,-31.45,12.28,6.13
6799,58179,957636,57727451,2011-09-05,Medium,3,39.49000,0.10,Regular Air,-12.99,11.58,5.72
553,40806,89922,63210192,2011-09-06,Critical,8,53.14000,0.00,Regular Air,-41.26,5.40,7.78
1101,8323,528379,72854769,2011-09-06,High,45,766.96350,0.05,Express Air,-88.25,20.99,2.50
6887,50500,1031140,10656473,2011-09-06,Low,45,109.39000,0.07,Express Air,16.31,2.47,1.02
7983,50500,675603,10656473,2011-09-06,Low,11,64.86000,0.00,Regular Air,22.05,5.43,0.95
993,47333,925732,838250,2011-09-07,Critical,16,760.24850,0.04,Regular Air,29.80,55.99,3.30
1583,2626,643923,78620006,2011-09-07,Not Specified,16,48.37000,0.02,Regular Air,18.02,2.88,0.50
3216,39079,632742,18255550,2011-09-07,High,46,75.60000,0.09,Regular Air,-225.25,1.68,5.28
4463,19621,294775,97936435,2011-09-07,Critical,15,140.82000,0.08,Express Air,-43.26,7.98,6.50
5478,50566,945371,34141840,2011-09-07,Not Specified,48,389.28000,0.10,Regular Air,-37.43,8.67,3.50
6213,19621,701718,97936435,2011-09-07,Critical,20,67.03000,0.04,Regular Air,-30.40,3.14,1.92
2040,6054,678382,18716501,2011-09-08,Low,43,643.31000,0.08,Express Air,-231.34,15.42,10.68
2041,6054,332624,18716501,2011-09-08,Low,6,27.32000,0.05,Express Air,-5.87,2.08,5.33
4281,706,828731,20872558,2011-09-08,Critical,42,75.14000,0.05,Regular Air,0.82,1.76,0.70
6760,2823,299699,41561683,2011-09-08,High,21,4754.08000,0.00,Delivery Truck,299.88,225.02,28.66
6910,58593,802024,62248248,2011-09-08,Critical,29,2018.45000,0.08,Regular Air,-812.25,70.71,37.58
6954,27266,958232,25507147,2011-09-08,Critical,9,1031.06000,0.03,Regular Air,39.36,115.79,1.99
2555,56257,482686,20711305,2011-09-09,Medium,49,266.30000,0.03,Express Air,-135.06,4.97,5.71
6918,34151,240546,5982894,2011-09-09,Not Specified,26,4097.14450,0.10,Regular Air,501.54,205.99,8.99
2667,54084,629210,79954809,2011-09-10,Critical,3,160.52000,0.08,Delivery Truck,-69.66,50.98,14.19
3472,10752,166184,100390992,2011-09-10,Critical,5,95.38000,0.03,Regular Air,-36.89,15.99,13.18
4711,55809,620553,55459419,2011-09-10,Critical,2,250.70000,0.03,Delivery Truck,-180.61,100.98,45.00
6691,14368,573539,40189087,2011-09-10,High,37,1218.08000,0.10,Regular Air,99.79,34.58,8.99
6692,14368,485887,40189087,2011-09-10,High,5,522.06000,0.06,Regular Air,319.64,105.98,13.99
7120,2436,253064,67539279,2011-09-10,Not Specified,14,330.21000,0.07,Express Air,83.24,22.84,5.47
7683,13702,373161,59254130,2011-09-10,Low,6,209.00000,0.08,Regular Air,12.32,35.44,7.50
1695,44451,221283,69641516,2011-09-11,Low,4,12.49000,0.08,Regular Air,-13.50,1.98,4.77
3718,166,138468,102101268,2011-09-11,High,10,567.93600,0.02,Express Air,-126.09,65.99,8.99
6218,51687,497806,34013170,2011-09-11,Low,42,248.92000,0.01,Regular Air,-66.87,5.58,5.30
6324,47109,715054,63476354,2011-09-11,High,47,6131.54000,0.06,Regular Air,1844.96,128.24,12.65
6869,44451,805551,84497472,2011-09-11,Critical,4,103.90000,0.07,Express Air,-19.26,22.98,7.58
7843,27169,655557,32444392,2011-09-11,Not Specified,16,109.90000,0.01,Regular Air,-28.95,6.54,5.27
640,1575,767830,15369322,2011-09-12,Medium,10,525.67400,0.08,Regular Air,-147.02,65.99,5.26
1251,11815,911552,13788018,2011-09-12,Low,22,351.27000,0.08,Regular Air,-37.22,15.73,7.42
1351,2181,464128,65013142,2011-09-12,Medium,40,102.56000,0.06,Regular Air,36.62,2.61,0.50
2157,43111,351447,39916227,2011-09-12,High,27,4722.83000,0.01,Regular Air,1749.78,165.98,19.99
4771,10278,77414,49397035,2011-09-12,Low,25,1907.71000,0.00,Delivery Truck,32.55,70.98,26.74
5225,59171,116812,51140110,2011-09-12,Medium,39,105.07000,0.08,Regular Air,9.11,2.88,0.70
5568,1575,990083,15369322,2011-09-12,Medium,26,133.65000,0.05,Regular Air,56.28,4.98,0.80
5944,9671,357719,70050666,2011-09-12,High,6,12.61000,0.07,Regular Air,-4.90,1.88,1.49
6006,2181,1040869,65013142,2011-09-12,Medium,3,15.87000,0.01,Express Air,2.53,3.49,0.76
7249,48101,384417,46187622,2011-09-12,High,4,108.87000,0.05,Regular Air,-39.92,22.84,16.87
1115,30659,529796,24306819,2011-09-13,Critical,45,3116.77150,0.08,Regular Air,-106.51,85.99,0.99
3408,39331,918216,12263605,2011-09-13,High,23,149.40000,0.06,Express Air,-126.05,5.81,8.49
3478,40871,231361,60200887,2011-09-13,Not Specified,32,294.04000,0.03,Regular Air,-5.53,8.85,5.60
6656,40871,285357,60200887,2011-09-13,Not Specified,18,2022.65000,0.05,Delivery Truck,-157.63,110.98,30.00
5200,27271,180041,106662918,2011-09-14,Not Specified,8,301.57000,0.00,Delivery Truck,-77.31,33.94,19.19
6624,17283,588803,39335289,2011-09-14,Not Specified,4,5472.12000,0.06,Delivery Truck,-2816.34,1360.14,14.70
45,24705,69354,85111166,2011-09-15,Critical,34,260.51000,0.03,Regular Air,-127.52,7.30,7.72
802,27589,851117,31290794,2011-09-15,Medium,20,845.70000,0.02,Express Air,221.60,39.48,1.99
1255,23078,911552,43284892,2011-09-15,Medium,39,577.95000,0.07,Regular Air,-86.43,15.73,7.42
1768,26439,145931,102688731,2011-09-15,Medium,38,1230.83000,0.00,Regular Air,75.50,30.98,6.50
1926,27781,697651,24088027,2011-09-15,High,47,181.13000,0.00,Regular Air,-11.39,3.69,2.50
2304,27589,1100539,31290794,2011-09-15,Medium,25,467.00000,0.04,Regular Air,69.97,17.67,8.99
3152,5958,205200,67300487,2011-09-15,Medium,3,2036.97000,0.03,Regular Air,-2397.44,699.99,24.49
3516,17539,510087,60559394,2011-09-15,Not Specified,28,381.79000,0.08,Regular Air,73.73,14.34,5.00
4482,32580,48396,98541198,2011-09-15,High,23,166.80000,0.03,Regular Air,44.59,7.40,1.71
4591,26439,75029,102688731,2011-09-15,Medium,23,1176.94400,0.10,Regular Air,53.65,65.99,4.99
4759,5958,948291,67300487,2011-09-15,Medium,21,2629.66400,0.09,Delivery Truck,27.74,159.31,60.00
5243,17539,538394,60559394,2011-09-15,Not Specified,10,1529.31150,0.10,Regular Air,-491.26,195.99,8.99
6171,17765,1029916,23905406,2011-09-15,Not Specified,36,79.02000,0.08,Regular Air,-192.68,2.16,6.05
6940,24705,247078,85111166,2011-09-15,Critical,15,466.28000,0.00,Regular Air,92.70,29.89,1.99
7262,18273,90051,64790573,2011-09-15,Low,18,925.03000,0.06,Regular Air,-3.68,49.99,19.99
7419,23078,267787,43284892,2011-09-15,Medium,8,342.27000,0.09,Regular Air,-17.68,40.99,19.99
7602,32580,345717,98541198,2011-09-15,High,38,261.38000,0.05,Regular Air,-172.35,6.48,8.74
7679,26439,762620,102688731,2011-09-15,Medium,37,169.93000,0.04,Regular Air,-114.35,4.28,5.74
6520,47174,250373,44637256,2011-09-16,Critical,42,642.10000,0.00,Regular Air,41.56,13.99,7.51
3806,20071,870163,103284166,2011-09-17,Medium,31,789.94000,0.10,Delivery Truck,-190.41,25.98,14.36
5588,1127,221286,57407328,2011-09-18,Not Specified,48,5340.50000,0.01,Regular Air,1215.28,110.98,13.99
1174,27715,729684,35330575,2011-09-19,High,12,94.52000,0.06,Regular Air,-36.23,7.45,6.28
3851,36708,122114,101792006,2011-09-19,Not Specified,46,636.50000,0.01,Regular Air,-71.98,12.99,9.44
5089,28992,314204,33619929,2011-09-19,Critical,41,6863.95000,0.10,Express Air,1662.92,178.47,19.99
6872,22210,701926,21270971,2011-09-19,Critical,37,1033.44000,0.10,Regular Air,385.63,29.14,4.86
7280,18852,229862,29527556,2011-09-19,High,17,351.25000,0.01,Express Air,80.73,19.98,5.97
7705,26787,629734,17497455,2011-09-19,High,25,1119.91000,0.08,Express Air,434.71,48.04,5.79
2651,19462,224170,70563874,2011-09-20,Medium,2,206.68000,0.00,Regular Air,-156.47,80.98,35.00
1878,21188,920949,69563791,2011-09-21,Critical,29,21046.74000,0.04,Regular Air,5217.27,699.99,24.49
919,18375,816179,29527556,2011-09-22,Low,20,76.89000,0.03,Regular Air,31.64,3.75,0.50
2364,3363,674664,10766748,2011-09-22,High,21,8185.89000,0.09,Regular Air,2137.28,415.88,11.37
3009,2658,678382,73091440,2011-09-22,Medium,32,473.00000,0.09,Express Air,-185.80,15.42,10.68
3194,45606,896019,43761129,2011-09-22,Medium,24,136.42000,0.09,Regular Air,-8.38,5.85,2.27
3195,45606,447798,43761129,2011-09-22,Medium,38,325.75000,0.10,Regular Air,-124.25,8.75,8.54
4555,18593,888848,37999431,2011-09-22,High,23,6572.04000,0.06,Regular Air,1579.34,300.97,7.18
4750,41184,680591,51305287,2011-09-22,High,7,120.03000,0.02,Regular Air,-56.06,15.70,11.25
7398,6086,574567,55158361,2011-09-22,Critical,48,1734.72000,0.04,Regular Air,57.89,35.44,19.99
7715,2658,265285,73091440,2011-09-22,Medium,34,229.51000,0.04,Regular Air,-189.33,6.48,9.54
1364,52711,375694,62437020,2011-09-23,Not Specified,37,201.14000,0.08,Regular Air,-51.25,5.81,3.37
3097,22149,821950,47933319,2011-09-23,Low,47,191.13000,0.07,Regular Air,38.11,4.26,1.20
3397,52711,1100539,98224666,2011-09-23,Not Specified,41,755.19000,0.00,Regular Air,81.44,17.67,8.99
4221,58247,301579,40351884,2011-09-23,Not Specified,8,1058.82000,0.02,Regular Air,211.73,131.12,0.99
4886,52711,630917,98224666,2011-09-23,Not Specified,7,220.79000,0.00,Regular Air,-91.51,30.97,4.00
5608,22149,545294,8387950,2011-09-23,Low,17,48.24000,0.09,Regular Air,-1.62,2.88,1.01
7437,58247,563334,40351884,2011-09-23,Not Specified,14,92.07000,0.09,Regular Air,-64.50,6.48,7.86
342,31233,400178,79337791,2011-09-24,Low,35,590.32000,0.06,Regular Air,-91.31,16.99,8.99
2807,15621,884540,28799558,2011-09-24,Critical,39,1105.66000,0.02,Regular Air,-136.20,28.28,13.99
3386,38758,179381,56693633,2011-09-24,Not Specified,7,497.20000,0.00,Regular Air,-219.61,60.98,49.00
3675,31233,884845,79337791,2011-09-24,Low,19,4245.93000,0.00,Regular Air,-626.45,209.37,69.00
3677,31233,318385,79337791,2011-09-24,Low,41,1298.29000,0.06,Regular Air,542.33,31.78,1.99
4444,15621,744609,28799558,2011-09-24,Critical,18,35.51000,0.02,Express Air,-13.95,1.68,1.57
7046,31233,371815,79337791,2011-09-24,Low,3,19.34000,0.06,Regular Air,-11.36,4.98,5.02
7747,45794,88473,54085164,2011-09-24,Critical,28,1208.35000,0.00,Regular Air,145.54,39.99,10.25
677,24996,990658,70910022,2011-09-25,Critical,2,143.66700,0.09,Regular Air,-363.55,85.99,1.25
678,24996,91978,70910022,2011-09-25,Critical,36,1793.24000,0.01,Regular Air,739.36,46.89,5.10
4702,18085,781610,7834765,2011-09-25,High,33,5352.93450,0.09,Regular Air,1343.21,195.99,4.20
4524,56929,1005967,81859317,2011-09-26,High,22,205.88000,0.08,Regular Air,20.68,9.78,1.99
6919,58947,467302,71789022,2011-09-26,Not Specified,48,410.15000,0.01,Regular Air,102.58,8.01,2.87
6947,45601,229862,44905147,2011-09-26,High,47,945.03000,0.00,Regular Air,267.64,19.98,5.97
7990,58947,371815,71789022,2011-09-26,Not Specified,28,135.72000,0.09,Regular Air,-67.79,4.98,5.02
390,30787,250333,76162149,2011-09-27,High,43,6477.45900,0.05,Regular Air,1836.46,175.99,8.99
1200,50464,463033,86789397,2011-09-27,Critical,7,105.94000,0.07,Regular Air,-13.33,14.45,7.17
6383,14884,908570,38671459,2011-09-27,High,6,473.98550,0.06,Regular Air,-301.68,95.99,4.90
952,36930,877175,16907084,2011-09-28,Medium,34,2632.47550,0.01,Regular Air,1325.82,85.99,3.30
4845,52805,875716,17118153,2011-09-28,High,20,596.56000,0.04,Express Air,60.70,29.99,5.50
5842,36608,625704,70928312,2011-09-28,Low,40,825.80000,0.10,Regular Air,183.48,21.98,2.87
5846,36608,639545,70928312,2011-09-28,Low,49,4273.95000,0.05,Regular Air,1340.07,90.48,19.99
6410,44997,786593,74374530,2011-09-28,Low,46,88.10000,0.03,Regular Air,-161.61,1.76,4.86
1208,24326,772510,12566604,2011-09-29,Critical,37,1596.86000,0.05,Regular Air,418.60,44.01,3.50
3260,34853,556506,14565933,2011-09-29,Critical,49,651.90000,0.16,Regular Air,-74.51,13.73,6.85
4782,19264,1067744,32734260,2011-09-29,High,40,161.72000,0.09,Regular Air,-134.71,3.98,5.26
5910,24326,475614,12566604,2011-09-29,Critical,12,78.36000,0.06,Regular Air,8.52,6.68,1.50
7787,8419,229862,38554560,2011-09-29,Critical,19,368.04000,0.07,Express Air,70.39,19.98,5.97
7788,8419,621412,38554560,2011-09-29,Critical,24,152.60000,0.10,Regular Air,-86.62,6.48,7.03
7792,19264,279111,32734260,2011-09-29,High,23,107.75000,0.07,Regular Air,24.17,4.73,1.52
4902,56322,139334,60748220,2011-09-30,Medium,26,799.84000,0.08,Regular Air,64.13,31.11,3.60
4903,56322,924819,60748220,2011-09-30,Medium,16,1689.13700,0.07,Regular Air,71.06,125.99,8.08
5562,13638,131747,3863253,2011-09-30,High,49,682.77000,0.05,Regular Air,165.20,14.48,1.99
269,49760,238390,72489079,2011-10-01,Medium,13,1281.17950,0.02,Regular Air,-26.62,115.99,5.92
1145,56006,990658,93612953,2011-10-01,Critical,20,1429.08800,0.06,Regular Air,500.05,85.99,1.25
1991,49760,1016325,72489079,2011-10-01,Medium,3,44.84000,0.09,Regular Air,37.74,14.20,5.30
1992,49760,1003701,72489079,2011-10-01,Medium,38,710.33000,0.09,Express Air,62.53,18.97,9.03
7372,56006,981266,93612953,2011-10-01,Critical,16,102.99000,0.10,Regular Air,-102.17,6.48,9.68
1799,44965,746518,30238656,2011-10-02,Low,19,28.82000,0.00,Regular Air,2.16,1.48,0.70
3969,29317,674050,64444841,2011-10-02,Not Specified,40,7789.63000,0.08,Delivery Truck,1774.53,200.98,23.76
4614,44965,115501,30238656,2011-10-02,Low,45,75.39000,0.05,Regular Air,-4.83,1.68,0.70
5561,3460,539839,3863253,2011-10-02,High,27,153.23000,0.08,Regular Air,-95.15,5.98,4.69
5703,29317,772761,64444841,2011-10-02,Not Specified,20,15703.82000,0.06,Delivery Truck,3055.72,810.98,16.06
5707,29317,705403,64444841,2011-10-02,Not Specified,31,140.69000,0.06,Regular Air,-14.54,4.71,0.70
6032,47236,181963,32605811,2011-10-02,High,1,70.91000,0.03,Regular Air,-45.43,70.97,3.50
6120,49223,780918,19995239,2011-10-02,Medium,24,238.25000,0.05,Regular Air,-83.55,9.38,7.28
336,28737,217058,79337791,2011-10-03,Critical,17,1721.64100,0.04,Regular Air,242.44,115.99,4.23
1459,46916,605916,23386707,2011-10-03,High,40,103.79000,0.03,Regular Air,37.85,2.61,0.50
2023,28737,886452,79337791,2011-10-03,Critical,50,413.37000,0.04,Regular Air,-224.41,8.45,7.77
3079,22211,136430,95436894,2011-10-03,Not Specified,47,14493.84000,0.00,Delivery Truck,634.76,376.13,85.63
3423,51971,111176,39335289,2011-10-03,Not Specified,39,1326.04000,0.02,Regular Air,-1129.96,32.48,35.00
4252,46916,951158,47672749,2011-10-03,High,40,115.51000,0.00,Regular Air,5.54,2.78,0.97
4343,46916,199159,23386707,2011-10-03,High,40,2108.21000,0.03,Regular Air,273.61,51.75,19.99
4393,29351,518671,25911898,2011-10-03,Medium,17,5122.61000,0.05,Regular Air,1784.04,304.99,19.99
4911,51971,998220,39335289,2011-10-03,Not Specified,22,3881.89000,0.06,Regular Air,-803.52,182.55,69.00
6331,47010,905242,62607421,2011-10-03,Critical,11,1479.14000,0.06,Delivery Truck,-236.63,130.98,30.00
6945,42657,229862,99328710,2011-10-03,Low,48,945.54000,0.03,Regular Air,254.58,19.98,5.97
7751,22211,339779,95436894,2011-10-03,Not Specified,30,943.44000,0.08,Regular Air,-89.98,30.98,19.99
1013,55077,904387,100815423,2011-10-04,Critical,3,143.98150,0.08,Regular Air,-283.23,55.99,2.50
1232,10979,213268,79410087,2011-10-04,Medium,15,486.43000,0.00,Regular Air,285.35,30.93,3.92
1280,12871,1038283,10797386,2011-10-04,Not Specified,46,459.26000,0.08,Regular Air,-54.12,10.23,4.68
5785,55077,131747,100815423,2011-10-04,Critical,2,31.70000,0.05,Regular Air,-44.39,14.48,1.99
7408,10979,329142,79410087,2011-10-04,Medium,7,144.95000,0.08,Express Air,10.82,19.98,5.86
3350,13156,275015,15836964,2011-10-05,Low,12,502.01000,0.04,Regular Air,159.73,39.98,9.20
5385,32036,109003,56352213,2011-10-05,Medium,25,362.52000,0.07,Regular Air,-68.49,14.97,7.51
5420,1988,747572,66496454,2011-10-05,Not Specified,9,122.14000,0.04,Regular Air,-16.99,13.48,4.51
7031,32036,385812,56352213,2011-10-05,Medium,6,338.89000,0.07,Regular Air,45.76,54.96,10.75
536,19911,114359,17328667,2011-10-06,High,43,1054.70000,0.07,Regular Air,213.26,25.98,5.37
2141,19911,56287,17328667,2011-10-06,High,39,4859.37000,0.07,Regular Air,2472.32,150.98,13.99
2143,19911,345256,17328667,2011-10-06,High,38,5349.21000,0.01,Delivery Truck,61.90,135.99,28.63
6606,42919,973228,16724484,2011-10-06,Medium,7,1143.42850,0.04,Express Air,-475.66,195.99,4.20
7070,4128,177660,48698759,2011-10-06,Not Specified,38,391.42000,0.04,Regular Air,25.03,9.99,5.12
4158,59108,156820,86395368,2011-10-07,Low,39,4215.83000,0.02,Regular Air,972.19,125.99,8.99
4159,59108,793720,86395368,2011-10-07,Low,21,68.53000,0.09,Regular Air,-59.97,3.28,3.97
4297,35077,933643,32605811,2011-10-07,High,29,81.10000,0.06,Regular Air,-2.07,2.94,0.96
5506,22181,175764,23795937,2011-10-07,Low,41,258.13000,0.03,Regular Air,84.10,6.08,1.82
7443,835,299508,40629636,2011-10-07,Not Specified,18,125.16000,0.02,Regular Air,-23.48,6.48,5.14
1007,27174,753117,16737262,2011-10-08,Critical,17,477.50450,0.09,Regular Air,-245.56,35.99,5.00
1607,53443,428893,100729818,2011-10-08,Critical,3,19.46000,0.01,Regular Air,-2.01,6.30,0.50
1608,53443,778385,100729818,2011-10-08,Critical,35,1477.63000,0.04,Regular Air,387.56,42.98,4.62
6220,53443,148598,100729818,2011-10-08,Critical,22,148.80000,0.04,Regular Air,52.08,6.47,1.22
165,40134,681809,24088027,2011-10-09,Low,10,109.37000,0.10,Regular Air,-21.66,10.89,4.50
205,16422,1038283,43018738,2011-10-09,Critical,16,171.50000,0.02,Regular Air,-20.41,10.23,4.68
2071,41318,499554,75768983,2011-10-09,Low,21,1223.11000,0.00,Express Air,161.72,56.96,13.22
3233,39332,593564,72908273,2011-10-09,Critical,4,198.72000,0.01,Express Air,-34.43,40.97,14.45
3410,22689,376545,10166893,2011-10-09,Low,39,2405.00000,0.10,Regular Air,696.17,67.84,0.99
3467,14116,952000,5417421,2011-10-09,High,1,40.10000,0.09,Regular Air,-16.07,30.98,11.63
3468,14116,749689,5417421,2011-10-09,High,42,1414.05000,0.09,Regular Air,161.48,34.54,14.72
3587,40134,318385,24088027,2011-10-09,Low,43,1461.10000,0.01,Regular Air,674.46,31.78,1.99
6600,35649,928702,56693633,2011-10-09,Medium,9,43.26000,0.10,Regular Air,3.90,4.82,1.49
6978,40134,195368,24088027,2011-10-09,Low,1,9.75000,0.00,Regular Air,-6.72,4.98,4.72
7000,16422,299508,43018738,2011-10-09,Critical,40,272.01000,0.01,Regular Air,-42.45,6.48,5.14
7849,35649,250992,56693633,2011-10-09,Medium,25,174.03000,0.02,Regular Air,-42.37,6.48,5.74
1102,2532,528379,48333341,2011-10-10,High,24,426.03700,0.01,Regular Air,-78.96,20.99,2.50
3265,7075,678382,57830169,2011-10-10,Low,15,241.89000,0.02,Regular Air,-83.30,15.42,10.68
4508,52675,231193,10575811,2011-10-10,Medium,4,20.25000,0.10,Regular Air,-22.13,4.77,2.39
4510,52675,840523,10575811,2011-10-10,Medium,22,52.62000,0.01,Regular Air,-4.64,2.21,1.12
5855,2532,459865,48333341,2011-10-10,High,39,282.07000,0.03,Regular Air,140.01,7.31,0.49
6160,9127,587889,12488619,2011-10-10,Not Specified,7,2039.56000,0.04,Express Air,-329.49,279.48,35.00
6549,7075,704958,57830169,2011-10-10,Low,43,83.34000,0.01,Regular Air,-93.18,1.86,2.58
98,13986,851117,38344188,2011-10-11,High,46,1905.79000,0.01,Regular Air,675.65,39.48,1.99
4779,10339,475727,87126998,2011-10-11,Low,49,9752.25000,0.09,Regular Air,3066.17,209.84,21.21
4946,33571,344017,24718220,2011-10-11,Medium,1,7.15000,0.03,Regular Air,-2.55,5.08,2.03
1482,50499,604082,44368691,2011-10-12,Not Specified,18,1758.41000,0.06,Delivery Truck,238.52,100.98,15.66
1521,5217,358060,3837643,2011-10-12,High,11,33.67000,0.09,Regular Air,4.08,3.08,0.99
1524,5217,37996,3837643,2011-10-12,High,8,339.35000,0.03,Express Air,27.88,40.98,5.33
3656,28641,500073,85518221,2011-10-12,Not Specified,33,278.65000,0.05,Express Air,-36.34,8.32,2.38
6245,44322,910598,58852314,2011-10-12,Not Specified,15,600.80000,0.10,Regular Air,43.55,42.76,6.22
2771,27872,962312,37575390,2011-10-13,Not Specified,25,388.71000,0.01,Regular Air,36.43,14.27,7.27
5922,42788,245758,79410087,2011-10-13,Critical,26,241.92000,0.10,Regular Air,67.71,10.14,2.27
537,5989,114359,24207664,2011-10-14,Medium,6,155.48000,0.10,Regular Air,-6.64,25.98,5.37
828,51300,564279,70937265,2011-10-15,Medium,43,344.24000,0.09,Regular Air,30.76,8.33,1.99
4388,12611,290269,31848876,2011-10-15,Medium,13,189.99000,0.03,Express Air,72.82,12.97,1.49
5484,12419,388220,103235308,2011-10-15,Critical,12,22079.47000,0.06,Regular Air,5322.14,1938.02,13.99
4588,2657,138468,53838315,2011-10-16,High,37,2143.21550,0.02,Regular Air,464.36,65.99,8.99
6345,2657,409791,53838315,2011-10-16,High,30,8316.76000,0.05,Delivery Truck,2108.80,279.81,23.19
7466,9124,731168,29954408,2011-10-16,Low,29,157.40000,0.01,Regular Air,-118.56,4.98,7.28
2503,1666,116470,100481316,2011-10-17,Critical,19,5642.18000,0.09,Express Air,1996.68,315.98,19.99
3119,47075,160678,65592088,2011-10-17,Medium,42,4346.98000,0.05,Delivery Truck,10.22,100.98,35.84
6390,33734,701926,13019151,2011-10-17,Not Specified,13,371.94000,0.05,Regular Air,106.53,29.14,4.86
2822,35110,507331,97070934,2011-10-18,High,14,12805.25000,0.01,Regular Air,5065.51,896.99,19.99
3238,27363,246243,35250192,2011-10-18,Medium,16,323.26000,0.06,Regular Air,98.34,20.24,6.67
3658,11271,695980,77579377,2011-10-18,High,46,157.87000,0.00,Regular Air,-115.80,3.28,3.97
5939,27363,795486,98310844,2011-10-18,Medium,6,646.14000,0.07,Regular Air,-265.62,101.41,35.00
7588,35110,247078,97070934,2011-10-18,High,49,1435.32000,0.02,Regular Air,485.95,29.89,1.99
2567,13126,710507,38079848,2011-10-19,Not Specified,43,24233.54000,0.07,Regular Air,6492.67,599.99,24.49
2569,13126,345256,38079848,2011-10-19,Not Specified,45,6325.65000,0.02,Delivery Truck,114.46,135.99,28.63
4818,31777,674050,47232636,2011-10-19,Not Specified,32,6483.42000,0.07,Delivery Truck,1590.95,200.98,23.76
7811,31777,50374,47232636,2011-10-19,Not Specified,10,137.77000,0.01,Regular Air,1.85,12.28,6.47
928,55744,328029,107067931,2011-10-20,Critical,23,415.05500,0.02,Regular Air,-44.13,20.99,0.99
2614,18532,678382,104752832,2011-10-20,Not Specified,31,507.58000,0.01,Regular Air,-131.59,15.42,10.68
2615,18532,886452,104752832,2011-10-20,Not Specified,29,230.77000,0.09,Regular Air,-146.24,8.45,7.77
2982,37891,649343,19529123,2011-10-20,High,21,44.08000,0.06,Express Air,-9.09,1.98,0.70
3686,135,401561,75322156,2011-10-20,Not Specified,25,125.85000,0.09,Regular Air,-89.25,4.98,4.62
4459,29158,674050,48564444,2011-10-20,High,12,2266.70000,0.07,Delivery Truck,180.80,200.98,23.76
4758,16320,924819,30535909,2011-10-20,Not Specified,17,1856.96950,0.00,Regular Air,176.87,125.99,8.08
6718,11493,148598,37199328,2011-10-20,Critical,16,111.90000,0.01,Regular Air,38.03,6.47,1.22
7294,42148,538736,91889558,2011-10-20,Critical,11,45.31000,0.07,Regular Air,-10.64,3.98,2.97
7694,37891,641174,19529123,2011-10-20,High,33,5154.00900,0.03,Regular Air,1184.68,179.99,13.99
7696,37891,160229,19529123,2011-10-20,High,24,163.36000,0.04,Regular Air,-65.54,6.48,6.60
3039,52389,361951,57411052,2011-10-21,Critical,31,655.33000,0.08,Regular Air,-57.16,21.38,8.99
4876,54215,87900,39112993,2011-10-21,High,14,321.21000,0.04,Regular Air,53.44,22.98,1.99
6360,55650,220034,81950874,2011-10-21,Low,41,1258.97000,0.10,Regular Air,-112.58,32.98,5.50
1091,8773,259517,67636836,2011-10-22,Critical,5,220.78750,0.09,Regular Air,-305.32,55.99,5.00
1627,53728,346151,98541198,2011-10-22,High,27,1502.66000,0.07,Regular Air,637.60,58.10,1.49
2267,35,677137,15879065,2011-10-22,Not Specified,14,1892.84800,0.01,Regular Air,48.99,155.99,8.99
2268,35,161487,15879065,2011-10-22,Not Specified,30,288.56000,0.03,Regular Air,60.72,9.11,2.25
6710,20160,1023942,100219185,2011-10-22,Low,42,435.24000,0.08,Express Air,174.89,10.31,1.79
5758,11040,470802,47862852,2011-10-23,Not Specified,44,1102.28000,0.03,Regular Air,389.61,23.99,6.71
5734,21893,266765,10766748,2011-10-24,Critical,30,532.11000,0.01,Express Air,59.47,17.07,8.13
496,47106,529361,72728792,2011-10-25,Medium,40,6618.45700,0.10,Regular Air,1489.96,205.99,5.99
1176,47106,299230,89179979,2011-10-25,Medium,37,2192.63000,0.05,Regular Air,660.06,59.98,3.99
5968,20384,492902,96580875,2011-10-25,Low,30,396.60000,0.08,Regular Air,-148.26,14.03,9.37
6779,33987,798350,45678228,2011-10-25,High,19,1616.87000,0.10,Delivery Truck,-189.55,90.98,30.00
6895,33987,967595,59398504,2011-10-25,High,27,1521.13450,0.07,Regular Air,270.60,65.99,3.99
686,39041,793455,50857062,2011-10-26,Critical,47,418.03000,0.00,Express Air,-158.58,8.09,7.96
1076,52195,463033,18657017,2011-10-26,Not Specified,19,267.00000,0.09,Regular Air,-2.83,14.45,7.17
1498,26144,147972,77652417,2011-10-26,High,28,75.74000,0.10,Regular Air,13.23,2.88,0.99
1588,13472,480920,31765799,2011-10-26,Critical,26,106.03000,0.09,Regular Air,42.89,4.13,0.50
2230,39041,1016325,50857062,2011-10-26,Critical,23,336.86000,0.06,Regular Air,36.32,14.20,5.30
6607,27717,609474,10582134,2011-10-26,Critical,19,75.19000,0.05,Regular Air,-93.67,3.75,7.50
3362,58055,431822,40876754,2011-10-27,Critical,26,208.60000,0.00,Regular Air,-56.45,7.38,5.21
2093,34082,361951,34141840,2011-10-28,Not Specified,35,764.32000,0.02,Regular Air,-34.59,21.38,8.99
2290,31109,945043,74780468,2011-10-28,Low,49,1515.00000,0.08,Regular Air,219.04,31.74,12.62
2893,32001,211351,93607330,2011-10-28,Low,22,494.84000,0.07,Regular Air,205.13,22.23,3.63
3752,34082,872550,34141840,2011-10-28,Not Specified,19,2536.18000,0.10,Regular Air,350.62,142.86,19.99
5459,53283,991431,94892175,2011-10-28,High,2,25.07000,0.04,Regular Air,-27.67,9.49,5.76
5479,34082,357719,34141840,2011-10-28,Not Specified,20,38.56000,0.07,Regular Air,-10.25,1.88,1.49
5781,57287,491548,65395856,2011-10-28,Not Specified,11,472.12000,0.03,Regular Air,56.10,40.97,1.99
6278,32001,871182,93607330,2011-10-28,Low,11,3443.21000,0.00,Regular Air,794.20,300.98,13.99
563,22657,519606,20566789,2011-10-29,High,8,32.92000,0.05,Regular Air,-7.73,3.95,2.00
986,38628,577469,19748793,2011-10-29,Low,23,667.99800,0.06,Regular Air,251.26,35.99,1.25
3100,5092,921326,33584987,2011-10-29,Low,3,709.04000,0.10,Delivery Truck,-337.92,220.98,64.66
3799,22657,945646,20566789,2011-10-29,High,36,9544.18000,0.00,Express Air,3392.88,256.99,11.25
4566,48164,116812,81926227,2011-10-29,High,33,94.39000,0.07,Regular Air,12.31,2.88,0.70
7755,5092,600953,33584987,2011-10-29,Low,25,978.77000,0.06,Regular Air,220.91,38.76,13.26
414,20898,397917,56512681,2011-10-30,Medium,33,1756.59300,0.09,Regular Air,298.21,65.99,5.63
2546,19557,965118,37673316,2011-10-30,Low,9,312.25000,0.05,Regular Air,15.56,33.89,5.10
5898,19557,430465,37673316,2011-10-30,Low,26,66.60000,0.08,Regular Air,13.99,2.62,0.80
7338,420,994750,35678860,2011-10-30,Not Specified,8,43.29000,0.09,Regular Air,-20.69,4.98,4.86
7339,420,120598,35678860,2011-10-30,Not Specified,6,41.70000,0.03,Regular Air,-14.56,5.78,5.37
8034,27559,140003,81625168,2011-10-30,High,38,465.90000,0.05,Regular Air,79.34,12.28,4.86
122,57091,494349,40615970,2011-10-31,Medium,6,14.85000,0.05,Express Air,-2.79,1.68,1.02
275,51557,805629,101656918,2011-10-31,High,14,37.90000,0.08,Regular Air,-22.01,2.60,2.40
403,50726,871664,50111887,2011-10-31,Low,21,98.88000,0.07,Express Air,36.01,4.13,0.99
1491,59205,599985,40318451,2011-10-31,Critical,11,54.59000,0.00,Regular Air,-47.18,4.13,6.89
3706,50726,674050,50111887,2011-10-31,Low,45,9248.74000,0.00,Delivery Truck,2532.00,200.98,23.76
6117,59205,331004,40318451,2011-10-31,Critical,35,597.04000,0.05,Regular Air,-157.42,16.74,7.04
7024,51557,629734,101656918,2011-10-31,High,36,1749.07000,0.04,Regular Air,804.66,48.04,5.79
7984,23781,156272,9194738,2011-10-31,Critical,30,200.24000,0.00,Regular Air,-59.85,6.48,5.84
2036,52162,104120,82445538,2011-11-01,Not Specified,47,155.22000,0.07,Regular Air,23.34,3.29,1.35
3167,55425,278621,24845242,2011-11-01,Critical,7,73.86000,0.08,Regular Air,-52.49,9.71,9.45
3685,55425,888848,66496454,2011-11-01,Critical,8,2302.36000,0.05,Express Air,-114.68,300.97,7.18
3696,52162,884527,82445538,2011-11-01,Not Specified,39,261.16000,0.07,Regular Air,-220.30,6.48,9.68
4074,5281,844618,102737308,2011-11-01,High,36,4733.70000,0.00,Delivery Truck,624.36,120.98,30.00
4075,5281,475727,102737308,2011-11-01,High,14,2718.07000,0.10,Regular Air,1107.53,209.84,21.21
5145,54368,878513,64970238,2011-11-01,Not Specified,43,1680.97700,0.05,Regular Air,383.09,45.99,4.99
6731,54368,334736,64970238,2011-11-01,Not Specified,31,233.20000,0.04,Regular Air,-48.07,7.64,5.83
6892,55425,992059,17649315,2011-11-01,Critical,42,4373.85350,0.04,Express Air,963.68,125.99,7.69
7936,54368,761140,64970238,2011-11-01,Not Specified,16,79.53000,0.08,Regular Air,-48.55,4.98,5.49
736,36,592978,55098417,2011-11-02,Critical,46,2484.74550,0.10,Regular Air,657.48,65.99,4.20
3934,56577,724277,49260132,2011-11-02,Critical,19,1134.20000,0.08,Delivery Truck,-351.51,58.14,36.61
5050,56577,839366,44667886,2011-11-02,Critical,30,7497.08000,0.02,Delivery Truck,698.67,296.18,54.12
6132,34179,131747,58580475,2011-11-02,Not Specified,21,293.27000,0.07,Regular Air,44.56,14.48,1.99
8014,55206,468575,9950200,2011-11-02,Medium,20,52.70000,0.03,Express Air,-64.88,1.80,4.79
1456,53056,454732,100010565,2011-11-03,Critical,13,509.49000,0.07,Regular Air,-51.18,40.99,8.97
2169,33254,275015,36255546,2011-11-03,Not Specified,11,466.35000,0.01,Regular Air,159.25,39.98,9.20
3287,51009,594094,100582712,2011-11-05,Not Specified,10,48.00000,0.09,Regular Air,-29.14,4.18,6.92
3873,31399,878513,88925672,2011-11-05,Not Specified,9,337.20350,0.09,Regular Air,-120.93,45.99,4.99
6650,52321,797793,5417421,2011-11-05,High,48,617.26000,0.04,Regular Air,-37.52,12.28,6.13
6651,52321,37176,5417421,2011-11-05,High,45,13104.99200,0.03,Delivery Truck,5626.42,349.45,60.00
942,46503,335550,45307458,2011-11-06,Not Specified,26,1196.79150,0.07,Regular Air,265.39,55.99,1.25
1731,1191,954252,7438025,2011-11-06,Medium,35,3532.96000,0.08,Delivery Truck,-243.60,100.80,60.00
2249,4672,243623,55426523,2011-11-06,Critical,20,152.44000,0.08,Regular Air,-16.64,7.70,3.68
756,51525,284312,76497937,2011-11-07,Critical,18,360.24000,0.04,Express Air,-36.24,19.98,4.00
2089,24931,888871,72691604,2011-11-07,Low,9,149.64000,0.05,Regular Air,13.77,16.74,5.08
3749,3008,685823,10407796,2011-11-07,Medium,41,6831.72000,0.01,Regular Air,3081.02,162.93,19.99
3907,51525,398909,76497937,2011-11-07,Critical,46,1463.27000,0.09,Regular Air,104.22,34.76,8.22
4377,36387,116401,58580475,2011-11-07,High,32,616.39000,0.09,Regular Air,148.28,20.89,1.99
6546,43459,260366,63405025,2011-11-07,Critical,26,13905.88000,0.05,Regular Air,6441.18,574.74,24.49
158,52930,789601,55283064,2011-11-08,Low,16,136.98000,0.04,Regular Air,44.12,8.74,1.39
159,52930,925732,55283064,2011-11-08,Low,24,1112.15700,0.09,Regular Air,140.81,55.99,3.30
160,52930,209111,55283064,2011-11-08,Low,40,1865.58850,0.02,Regular Air,972.90,55.99,1.25
2798,12448,1047536,23905406,2011-11-08,Critical,33,240.27000,0.07,Regular Air,-269.80,7.38,11.51
2799,12448,622193,23905406,2011-11-08,Critical,24,6802.37000,0.08,Delivery Truck,459.50,284.98,69.55
6977,52930,394308,55283064,2011-11-08,Low,39,225.17000,0.10,Regular Air,-183.05,5.78,8.09
3897,32198,463313,79221218,2011-11-09,Medium,31,240.63000,0.02,Regular Air,-117.92,7.37,5.53
4415,3141,858726,45703891,2011-11-09,Critical,30,534.96000,0.08,Regular Air,-26.72,18.89,3.17
5096,10369,475524,101231204,2011-11-09,Low,23,683.68000,0.00,Regular Air,-95.54,28.48,8.99
7918,10369,672421,101231204,2011-11-09,Low,4,27.34000,0.06,Regular Air,-12.38,5.78,4.96
76,28870,738011,2717381,2011-11-10,High,35,3310.94550,0.05,Regular Air,822.40,115.99,2.50
245,11652,954944,104516246,2011-11-10,Not Specified,25,122.09000,0.10,Regular Air,14.11,5.18,2.04
1530,6432,681809,10356602,2011-11-10,Critical,30,311.08000,0.08,Regular Air,-38.45,10.89,4.50
2156,17926,887573,39916227,2011-11-10,Critical,37,608.33000,0.02,Regular Air,-70.04,15.31,8.78
3552,37223,871061,47450738,2011-11-10,Low,21,2731.73000,0.07,Express Air,310.59,155.99,8.99
4179,28870,576304,12566604,2011-11-10,High,27,1154.89000,0.03,Regular Air,66.36,40.98,6.50
4826,35587,1005483,91967987,2011-11-10,Critical,43,208.77000,0.03,Regular Air,-144.24,4.82,5.72
5281,37223,823075,47450738,2011-11-10,Low,40,679.52000,0.09,Regular Air,-152.40,17.70,9.47
5284,37223,1002941,47450738,2011-11-10,Low,38,5176.27000,0.01,Regular Air,-743.45,135.31,35.00
5356,11652,220034,104516246,2011-11-10,Not Specified,35,1154.14000,0.07,Regular Air,-36.00,32.98,5.50
5358,11652,623868,104516246,2011-11-10,Not Specified,1,61.46350,0.05,Regular Air,-261.35,65.99,8.99
7013,11652,715760,104516246,2011-11-10,Not Specified,37,223.82000,0.09,Regular Air,-249.11,5.98,10.39
7086,51783,629734,75768983,2011-11-11,Medium,13,646.55000,0.05,Regular Air,244.13,48.04,5.79
17,35239,460438,38512011,2011-11-12,Critical,38,2257.88000,0.01,Regular Air,474.98,59.76,9.71
1117,5925,529796,94820281,2011-11-12,Low,25,1733.36250,0.07,Regular Air,-267.01,85.99,0.99
1610,33126,428893,26730000,2011-11-12,Critical,28,175.76000,0.06,Regular Air,80.36,6.30,0.50
1983,57700,640984,104598944,2011-11-12,Medium,38,1806.43000,0.04,Regular Air,134.85,47.98,3.61
2482,5925,1007032,94820281,2011-11-12,Low,44,3922.42000,0.08,Regular Air,-354.90,92.23,39.61
2887,10944,445991,73053407,2011-11-12,High,9,181.66000,0.00,Regular Air,-27.47,17.98,8.51
6221,33126,715054,26730000,2011-11-12,Critical,46,5979.84000,0.01,Express Air,1779.01,128.24,12.65
6930,35239,736435,38512011,2011-11-12,Critical,21,109.29000,0.08,Regular Air,-77.08,5.28,6.26
701,40934,580148,95577022,2011-11-13,Not Specified,11,404.14950,0.07,Regular Air,-107.50,45.99,4.99
3881,40934,828731,95577022,2011-11-13,Not Specified,28,49.49000,0.01,Regular Air,-1.23,1.76,0.70
3070,871,845978,15368315,2011-11-14,Low,17,104.94000,0.06,Regular Air,-34.97,6.24,5.22
5482,3235,705403,10136898,2011-11-14,Low,31,142.97000,0.10,Express Air,-12.26,4.71,0.70
1741,59554,841915,49129535,2011-11-15,Critical,40,718.60000,0.08,Regular Air,-81.49,17.98,4.00
3056,59973,899480,15643761,2011-11-15,Low,30,4982.94400,0.07,Delivery Truck,693.69,217.85,29.10
3058,59973,27473,15643761,2011-11-15,Low,29,11039.75000,0.06,Delivery Truck,2148.97,400.97,14.70
6352,38272,357719,95928627,2011-11-15,Critical,39,71.04000,0.07,Regular Air,-20.65,1.88,1.49
287,6982,709485,36349541,2011-11-16,Not Specified,41,844.09000,0.04,Regular Air,52.56,19.98,10.49
289,6982,851117,36349541,2011-11-16,Not Specified,32,1311.25000,0.00,Express Air,407.44,39.48,1.99
2000,6982,762722,36349541,2011-11-16,Not Specified,5,544.41000,0.09,Delivery Truck,-338.27,100.98,57.38
2476,41413,593564,53790877,2011-11-16,Low,46,1765.64000,0.08,Regular Air,108.65,40.97,14.45
4125,41413,1005949,53790877,2011-11-16,Low,17,10134.55000,0.08,Regular Air,-597.21,599.99,24.49
4994,14662,388781,6149498,2011-11-16,High,48,257.75000,0.02,Regular Air,-66.26,4.98,4.75
4996,14662,156820,6149498,2011-11-16,High,48,5139.88200,0.01,Regular Air,1275.67,125.99,8.99
6814,14662,852778,95681602,2011-11-16,High,24,39.69000,0.05,Regular Air,-1.78,1.68,1.00
6854,57121,973228,23647299,2011-11-16,Not Specified,3,504.67050,0.01,Regular Air,-800.89,195.99,4.20
7355,41413,429039,53790877,2011-11-16,Low,23,156.50000,0.01,Regular Air,-49.60,6.48,6.00
7697,16993,550577,34136970,2011-11-16,Medium,8,1383.91900,0.05,Regular Air,-433.49,205.99,2.50
7977,57121,195368,23647299,2011-11-16,Not Specified,42,199.24000,0.07,Regular Air,-84.26,4.98,4.72
885,46951,238390,27586976,2011-11-17,Critical,26,2379.32850,0.09,Regular Air,284.59,115.99,5.92
2608,15264,158483,100125926,2011-11-17,Medium,3,3581.52000,0.07,Regular Air,-408.22,1270.99,19.99
5963,15264,459865,100125926,2011-11-17,Medium,13,90.15000,0.07,Regular Air,33.05,7.31,0.49
8013,44003,500519,53094905,2011-11-17,Low,38,202.42000,0.09,Regular Air,0.86,5.34,2.99
2854,29383,481236,18361125,2011-11-18,Medium,29,2738.78500,0.07,Regular Air,556.83,115.99,2.50
4497,29383,500073,18361125,2011-11-18,Medium,20,157.13000,0.07,Regular Air,-46.89,8.32,2.38
4498,29383,725611,18361125,2011-11-18,Medium,30,217.42000,0.09,Regular Air,16.97,7.59,4.00
4538,20960,124828,9599437,2011-11-18,Low,19,195.96000,0.10,Regular Air,-104.82,10.97,6.50
4607,35687,489031,19029328,2011-11-18,Not Specified,48,620.23000,0.06,Express Air,115.24,12.64,4.98
4776,51200,705599,42985416,2011-11-18,Medium,29,1617.88000,0.00,Regular Air,271.90,53.98,5.50
6746,21859,545992,59257458,2011-11-18,High,42,401.37000,0.07,Regular Air,13.31,9.74,5.71
7251,59009,1021964,98758480,2011-11-18,Critical,19,614.91000,0.02,Express Air,-7.02,30.98,17.08
7260,36640,937092,41053630,2011-11-18,Not Specified,18,416.39000,0.06,Express Air,119.47,22.24,1.99
7613,29383,723460,18361125,2011-11-18,Medium,28,195.11000,0.04,Regular Air,-129.42,6.48,8.73
290,25318,709485,93429106,2011-11-19,Critical,22,440.92000,0.05,Express Air,-65.18,19.98,10.49
328,26176,518917,90627719,2011-11-19,High,30,554.42950,0.03,Regular Air,34.01,20.99,4.81
3149,27298,1039462,71841102,2011-11-19,Low,40,7813.70000,0.09,Regular Air,2154.33,199.99,24.49
4514,37252,500073,91042485,2011-11-19,Low,1,10.62000,0.02,Regular Air,-31.20,8.32,2.38
6059,49952,612619,11928127,2011-11-19,High,12,1323.67000,0.04,Express Air,630.28,107.53,5.81
6164,44256,930243,102857204,2011-11-19,Low,49,1889.04000,0.10,Express Air,182.15,40.97,8.99
6165,44256,467302,102857204,2011-11-19,Low,39,301.36000,0.09,Regular Air,48.45,8.01,2.87
6255,37252,751161,91042485,2011-11-19,Low,34,29345.27000,0.03,Delivery Truck,7497.55,880.98,44.55
6258,37252,181963,91042485,2011-11-19,Low,21,1503.49000,0.03,Regular Air,408.73,70.97,3.50
6285,55873,79748,89540355,2011-11-19,Low,48,15602.93000,0.00,Delivery Truck,4875.89,306.14,26.53
6427,25318,357719,82716098,2011-11-19,Critical,1,3.20000,0.09,Regular Air,-3.16,1.88,1.49
6792,32069,399912,13009089,2011-11-19,Not Specified,8,1100.00000,0.07,Delivery Truck,-240.31,145.45,17.85
7043,26176,1017940,90627719,2011-11-19,High,14,94.32000,0.06,Regular Air,-66.87,6.48,8.19
7483,32069,981266,93290663,2011-11-19,Not Specified,17,114.94000,0.09,Regular Air,-102.24,6.48,9.68
7574,44256,156272,102857204,2011-11-19,Low,17,114.28000,0.08,Regular Air,-38.72,6.48,5.84
7627,37252,632804,91042485,2011-11-19,Low,50,2337.03000,0.10,Regular Air,-37.19,49.99,19.99
7773,27298,994750,71841102,2011-11-19,Low,31,164.92000,0.04,Regular Air,-54.36,4.98,4.86
202,26214,881139,43018738,2011-11-20,Medium,19,305.68000,0.10,Express Air,128.17,15.74,1.39
3604,26214,633903,43018738,2011-11-20,Medium,41,1901.29000,0.08,Regular Air,870.80,46.94,6.77
1011,42370,1013737,25362542,2011-11-21,High,33,125.27000,0.07,Regular Air,-105.83,3.81,4.83
2902,47747,332624,35637070,2011-11-21,High,40,102.15000,0.03,Express Air,-138.51,2.08,5.33
6294,56484,255922,84941883,2011-11-21,Not Specified,6,176.58000,0.10,Regular Air,28.34,30.56,2.99
1314,26948,69354,22307990,2011-11-22,High,38,273.89000,0.05,Regular Air,-160.40,7.30,7.72
1542,6433,399302,45703891,2011-11-22,Medium,41,159.26000,0.01,Regular Air,73.89,3.69,0.50
1704,34913,456509,54239905,2011-11-22,Medium,15,107.63000,0.00,Regular Air,-29.89,6.81,5.48
2782,26948,161487,45703891,2011-11-22,High,21,203.55000,0.03,Express Air,38.60,9.11,2.25
3085,10342,743841,55459419,2011-11-22,Medium,38,10567.45000,0.10,Regular Air,2925.37,299.99,11.64
3086,10342,593564,55459419,2011-11-22,Medium,38,1679.04000,0.01,Regular Air,324.47,40.97,14.45
6444,10342,637817,55459419,2011-11-22,Medium,2,2055.97000,0.05,Express Air,-2342.01,999.99,13.99
6445,10342,698622,55459419,2011-11-22,Medium,45,5181.08000,0.01,Delivery Truck,-1623.60,114.98,58.72
4646,36359,940865,13888154,2011-11-23,High,2,68.66000,0.06,Regular Air,-29.60,30.98,5.76
1751,12930,58607,52863444,2011-11-24,High,49,1147.64000,0.06,Regular Air,261.87,22.98,4.50
5169,37893,875716,85598616,2011-11-24,Not Specified,14,436.78000,0.04,Regular Air,25.69,29.99,5.50
2961,29795,616694,59254130,2011-11-25,High,49,19325.20000,0.05,Regular Air,8793.54,387.99,19.99
3641,22304,592380,31379257,2011-11-25,Low,24,40.24000,0.10,Regular Air,-3.73,1.76,0.70
6357,29795,1007862,59254130,2011-11-25,High,48,8380.22000,0.00,Delivery Truck,813.83,160.98,35.02
7931,56039,598592,70190430,2011-11-25,Low,23,156.66000,0.07,Regular Air,-33.15,6.68,5.20
88,30532,939925,47450738,2011-11-26,High,23,262.31000,0.04,Express Air,27.55,11.09,5.25
1369,56900,75225,79648189,2011-11-26,Not Specified,16,54.32000,0.09,Regular Air,16.11,3.41,0.70
1884,30532,232999,47450738,2011-11-26,High,28,431.37000,0.03,Regular Air,-28.67,15.22,9.73
3243,21731,179381,107565533,2011-11-26,Low,26,1580.57000,0.08,Regular Air,-750.82,60.98,49.00
5280,30532,608341,47450738,2011-11-26,High,9,1696.70000,0.04,Delivery Truck,-82.81,180.98,23.58
5795,20804,105743,13158064,2011-11-26,Low,13,4393.75000,0.08,Delivery Truck,215.31,442.14,14.70
6653,3622,272408,24718220,2011-11-26,Low,16,76.60000,0.01,Regular Air,-48.51,4.24,5.41
6955,30532,103518,47450738,2011-11-26,High,45,514.03000,0.05,Regular Air,82.19,11.34,5.01
3479,52071,231361,88445957,2011-11-27,Not Specified,14,136.85000,0.01,Regular Air,-4.43,8.85,5.60
6658,52071,1057069,88445957,2011-11-27,Not Specified,1,12.74000,0.05,Regular Air,-11.39,7.96,4.95
6808,51553,147664,59356019,2011-11-27,Not Specified,3,21366.51000,0.00,Regular Air,-11984.40,6783.02,24.49
7962,51553,79826,59356019,2011-11-27,Not Specified,34,320.04000,0.02,Express Air,32.47,9.27,4.39
7963,51553,712492,59356019,2011-11-27,Not Specified,12,88.57000,0.03,Regular Air,-28.25,6.68,6.15
7964,51553,971876,59356019,2011-11-27,Not Specified,13,73.97000,0.10,Regular Air,-38.35,5.78,5.67
2838,31520,623150,77009680,2011-11-28,High,23,138.71000,0.09,Regular Air,-33.16,5.89,5.57
3332,26437,134249,97685640,2011-11-28,Critical,4,52.43000,0.03,Express Air,-12.98,9.65,6.22
4848,26437,245427,97685640,2011-11-28,Critical,48,254.51000,0.08,Regular Air,49.05,5.58,0.70
6308,51842,795486,37999431,2011-11-28,Low,4,431.11000,0.07,Regular Air,-244.33,101.41,35.00
7653,51842,905789,37999431,2011-11-28,Low,1,54.22000,0.02,Regular Air,-19.09,48.91,5.81
258,53411,428422,103724988,2011-11-29,Critical,25,667.64000,0.08,Regular Air,-57.53,27.48,4.00
2289,3046,648476,74780468,2011-11-29,High,24,10094.43000,0.03,Regular Air,4451.01,420.98,19.99
3399,56130,739811,16724484,2011-11-29,Medium,13,246.06000,0.08,Regular Air,52.33,18.70,8.99
4887,56130,744609,16724484,2011-11-29,Medium,25,41.87000,0.05,Regular Air,-25.52,1.68,1.57
6726,49477,334736,7602649,2011-11-29,Medium,9,75.94000,0.01,Regular Air,-16.56,7.64,5.83
1154,33253,771470,61069874,2011-11-30,Not Specified,17,524.21200,0.04,Regular Air,127.85,35.99,3.30
5206,33253,649376,92171058,2011-11-30,Not Specified,6,24.20000,0.08,Regular Air,-5.20,4.13,1.17
5659,19523,707900,74945261,2011-11-30,High,44,155.78000,0.04,Regular Air,-10.00,3.60,2.20
6849,4579,642999,72387039,2011-11-30,High,40,1765.05000,0.05,Regular Air,749.22,43.41,2.99
829,25248,564279,92512595,2011-12-01,Medium,33,271.14000,0.05,Express Air,29.21,8.33,1.99
2388,27106,211351,88555704,2011-12-01,High,42,890.61000,0.05,Regular Air,297.11,22.23,3.63
4021,27106,672241,88555704,2011-12-01,High,1,13.96000,0.06,Regular Air,-4.70,10.91,2.99
5751,27106,905242,88555704,2011-12-01,High,29,3524.55000,0.08,Delivery Truck,-570.18,130.98,30.00
5752,27106,475614,88555704,2011-12-01,High,10,64.19000,0.08,Regular Air,3.77,6.68,1.50
7247,25248,905789,92512595,2011-12-01,Medium,26,1150.30000,0.10,Regular Air,418.19,48.91,5.81
849,14563,803900,64444841,2011-12-02,Critical,31,953.04550,0.02,Regular Air,298.47,35.99,5.99
2932,32065,445991,104907203,2011-12-02,Medium,25,450.28000,0.09,Regular Air,-12.35,17.98,8.51
3082,37667,211281,95436894,2011-12-02,High,31,472.35000,0.03,Regular Air,61.68,14.48,6.46
3323,33510,845978,17118153,2011-12-02,High,42,267.06000,0.03,Regular Air,-96.95,6.24,5.22
6290,45376,79342,23544783,2011-12-02,Critical,19,6648.58000,0.08,Delivery Truck,-555.98,370.98,99.00
7825,33510,709916,17118153,2011-12-02,High,11,449.79000,0.06,Regular Air,13.21,40.99,17.48
270,58755,417731,72489079,2011-12-03,Low,18,47.11000,0.00,Regular Air,-95.42,2.18,7.09
447,56868,330371,98258765,2011-12-03,Low,34,1947.42650,0.03,Regular Air,473.27,65.99,5.92
841,29255,892166,98758480,2011-12-03,Low,11,617.21900,0.03,Express Air,-136.09,65.99,8.99
4096,774,242307,107838267,2011-12-03,Critical,17,126.57000,0.03,Regular Air,-752.13,4.48,49.00
5369,58755,914855,72489079,2011-12-03,Low,7,15.61000,0.03,Regular Air,-5.19,2.08,1.49
1505,54401,178608,89767975,2011-12-04,High,34,670.02000,0.07,Regular Air,278.58,20.98,1.49
4677,41664,1005967,104853129,2011-12-04,Critical,5,54.80000,0.00,Regular Air,-15.30,9.78,1.99
4950,17376,677142,60200887,2011-12-04,High,44,1127.81000,0.10,Regular Air,425.08,28.48,1.99
7300,28963,550577,79432579,2011-12-04,Not Specified,37,6072.18750,0.09,Regular Air,1372.09,205.99,2.50
72,47303,547380,63582475,2011-12-05,Medium,7,56.90000,0.03,Regular Air,12.64,7.64,1.39
1877,47303,952000,63582475,2011-12-05,Medium,47,1413.82000,0.10,Regular Air,226.53,30.98,11.63
3976,38531,850189,74076626,2011-12-05,Low,26,118.43000,0.02,Express Air,11.96,4.20,2.26
6716,48641,990083,99563074,2011-12-05,High,13,66.83000,0.00,Regular Air,23.16,4.98,0.80
6951,47303,620362,63582475,2011-12-05,Medium,45,308.92000,0.04,Express Air,-143.58,6.48,7.37
2473,20864,579387,69306501,2011-12-06,High,19,251.45000,0.06,Regular Air,90.00,13.40,4.95
6553,9344,1064589,86434424,2011-12-06,Low,18,1733.10000,0.09,Regular Air,-505.69,95.99,35.00
6554,9344,748835,86434424,2011-12-06,Low,31,3448.64550,0.02,Regular Air,900.41,125.99,8.99
904,43875,382992,33272196,2011-12-07,Critical,16,2795.00400,0.02,Regular Air,311.09,195.99,8.99
1921,40480,766415,97428330,2011-12-07,Critical,50,1270.03000,0.10,Regular Air,221.81,26.48,6.93
1923,40480,648476,97428330,2011-12-07,Critical,19,7608.88000,0.06,Express Air,3049.45,420.98,19.99
2239,28581,642280,95577022,2011-12-07,Medium,1,36.40000,0.06,Regular Air,-41.56,24.92,12.98
2359,43875,445991,33272196,2011-12-07,Critical,40,727.64000,0.01,Regular Air,27.64,17.98,8.51
2360,43875,240897,33272196,2011-12-07,Critical,17,2573.92000,0.07,Delivery Truck,117.23,150.98,143.71
3485,38146,516201,10565428,2011-12-07,Low,45,341.39000,0.03,Regular Air,-82.95,7.68,6.16
3997,43875,540818,33272196,2011-12-07,Critical,24,382.19000,0.03,Express Air,11.39,14.42,6.75
5176,38146,884115,98550002,2011-12-07,Low,41,782.05000,0.08,Regular Air,-253.74,19.94,14.87
5334,30279,515534,3704525,2011-12-07,Critical,39,19539.94000,0.06,Delivery Truck,4914.24,517.48,16.63
5336,30279,226603,3704525,2011-12-07,Critical,25,1412.98000,0.10,Regular Air,324.96,60.97,4.50
5606,28581,990083,95577022,2011-12-07,Medium,36,176.35000,0.04,Regular Air,73.05,4.98,0.80
219,9829,659453,26421512,2011-12-08,Critical,4,18.46000,0.06,Regular Air,-0.43,4.91,0.50
709,55042,691869,93474875,2011-12-08,High,38,1978.43450,0.09,Regular Air,471.09,65.99,2.50
1467,20098,314991,81466627,2011-12-08,Medium,11,183.32000,0.04,Regular Air,-61.10,15.99,9.40
1962,9829,952000,26421512,2011-12-08,Critical,23,750.39000,0.04,Regular Air,133.71,30.98,11.63
2719,20098,105932,81466627,2011-12-08,Medium,8,194.11000,0.03,Regular Air,87.66,22.72,8.99
5614,55042,226603,93474875,2011-12-08,High,28,1717.88000,0.05,Express Air,513.93,60.97,4.50
1125,12130,803900,47074631,2011-12-09,Not Specified,42,1274.51550,0.05,Regular Air,444.15,35.99,5.99
1157,59200,778385,97394565,2011-12-09,Medium,4,170.45000,0.09,Regular Air,-30.27,42.98,4.62
2486,12130,699709,47074631,2011-12-09,Not Specified,37,686.20000,0.04,Regular Air,290.20,18.84,3.62
4749,9093,665810,33663686,2011-12-09,Medium,36,268.55000,0.10,Regular Air,-99.02,8.12,2.83
5882,59200,361692,97394565,2011-12-09,Medium,28,350.42000,0.03,Regular Air,-37.30,11.97,5.81
7544,44452,563334,16972966,2011-12-09,Not Specified,50,330.27000,0.07,Regular Air,-195.57,6.48,7.86
3849,6912,919940,59235527,2011-12-10,Not Specified,14,294.52000,0.09,Regular Air,15.34,21.78,5.94
3895,22848,242307,19346760,2011-12-10,Not Specified,20,140.37000,0.01,Regular Air,-893.39,4.48,49.00
4253,12262,688094,19646165,2011-12-10,Low,45,1212.92800,0.02,Delivery Truck,-1460.77,31.76,45.51
4258,15941,724277,69084540,2011-12-10,Not Specified,15,951.09000,0.02,Delivery Truck,-246.32,58.14,36.61
4468,33219,542007,104393625,2011-12-10,High,32,7341.96000,0.00,Delivery Truck,764.95,216.60,64.20
5622,22848,905242,19346760,2011-12-10,Not Specified,45,5921.74000,0.02,Delivery Truck,-287.62,130.98,30.00
6778,21927,1045401,69572908,2011-12-10,High,23,8225.24000,0.06,Delivery Truck,1909.03,350.98,30.00
7441,47265,333937,100125926,2011-12-10,Critical,31,187.13000,0.02,Regular Air,-60.83,5.98,5.46
7470,57510,598592,18173108,2011-12-10,Not Specified,6,48.05000,0.01,Regular Air,-11.34,6.68,5.20
653,26464,681809,99518139,2011-12-11,High,25,268.58000,0.03,Regular Air,-26.33,10.89,4.50
2208,26464,661590,99518139,2011-12-11,High,26,1280.65000,0.06,Regular Air,75.36,50.98,22.24
2298,40870,410733,60083352,2011-12-11,Critical,28,146.69000,0.00,Regular Air,-64.05,4.95,5.32
3936,40870,888848,60083352,2011-12-11,Critical,43,12858.88000,0.08,Regular Air,4833.27,300.97,7.18
5066,42083,949076,63248104,2011-12-11,Critical,38,5526.16000,0.03,Regular Air,1263.98,140.81,24.49
5067,42083,134191,63248104,2011-12-11,Critical,33,68.42000,0.05,Regular Air,-57.97,2.08,2.56
7911,42083,307544,63248104,2011-12-11,Critical,36,236.89000,0.04,Regular Air,-86.30,6.48,6.22
5194,41956,391118,38709595,2011-12-12,Medium,16,86.30000,0.00,Regular Air,-68.67,4.89,4.93
6749,41956,203328,38709595,2011-12-12,Medium,22,364.69000,0.06,Express Air,-22.40,16.91,6.25
1106,2595,840230,53790877,2011-12-13,Not Specified,4,25.17000,0.09,Regular Air,5.88,5.47,5.26
5859,2595,751161,53790877,2011-12-13,Not Specified,13,11764.25000,0.04,Delivery Truck,2322.44,880.98,44.55
7354,2595,345717,53790877,2011-12-13,Not Specified,29,208.47000,0.01,Express Air,-125.60,6.48,8.74
2441,12199,149455,55895790,2011-12-14,Low,50,8289.51000,0.01,Regular Air,3051.62,155.06,7.07
6851,13089,698622,14293127,2011-12-14,Not Specified,34,3577.11000,0.10,Delivery Truck,-1620.41,114.98,58.72
7328,12199,655557,55895790,2011-12-14,Low,2,19.00000,0.01,Regular Air,-10.73,6.54,5.27
1809,22086,682640,17497455,2011-12-15,Medium,21,2039.33000,0.08,Delivery Truck,-862.44,95.95,74.35
7635,20743,191428,93660979,2011-12-15,High,39,231.21000,0.00,Express Air,-179.96,5.28,8.16
475,32803,315990,10136898,2011-12-16,Medium,22,96.07000,0.06,Regular Air,-4.36,4.48,2.50
488,32613,667910,33681614,2011-12-16,Low,31,1359.74000,0.01,Express Air,202.33,43.98,8.99
1267,50688,865125,67755932,2011-12-16,Critical,50,600.22000,0.08,Regular Air,27.86,12.98,3.14
2189,51201,1047536,58189342,2011-12-16,High,42,312.05000,0.04,Regular Air,-342.38,7.38,11.51
3614,47079,688094,21909421,2011-12-16,Critical,34,1069.85000,0.07,Delivery Truck,-1179.39,31.76,45.51
5488,32613,671330,33681614,2011-12-16,Low,41,7174.94350,0.02,Express Air,2373.24,195.99,3.99
5490,32613,1002941,33681614,2011-12-16,Low,38,5228.20000,0.00,Regular Air,-691.52,135.31,35.00
7102,32803,996641,10136898,2011-12-16,Medium,49,371.95000,0.08,Express Air,-10.33,7.84,4.71
839,47717,175474,106488141,2011-12-17,Not Specified,35,173.22000,0.04,Regular Air,84.03,4.91,0.50
2094,50854,392183,34141840,2011-12-17,Critical,27,137.50000,0.07,Regular Air,-64.24,4.98,4.95
2096,50854,567128,34141840,2011-12-17,Critical,42,452.15000,0.06,Express Air,25.79,10.98,3.37
2512,41349,116706,40247213,2011-12-17,Critical,4,85.96000,0.08,Express Air,-7.48,20.24,8.99
2513,41349,789960,40247213,2011-12-17,Critical,39,475.52000,0.07,Regular Air,-70.43,12.44,6.27
2517,41349,1047536,40247213,2011-12-17,Critical,44,346.20000,0.00,Express Air,-335.69,7.38,11.51
2951,39617,275015,70199009,2011-12-17,Not Specified,33,1283.68000,0.08,Regular Air,202.47,39.98,9.20
3368,30081,515586,34402979,2011-12-17,High,26,213.49000,0.05,Regular Air,-136.45,8.04,8.94
3750,50854,585869,34141840,2011-12-17,Critical,12,5744.24000,0.09,Delivery Truck,1118.17,500.98,28.14
4595,39617,757246,70199009,2011-12-17,Not Specified,28,169.46000,0.02,Regular Air,34.24,5.84,1.20
4987,24966,538416,75296554,2011-12-17,Medium,34,4152.12000,0.00,Regular Air,817.98,120.33,19.99
6395,51463,664514,100787002,2011-12-17,Low,7,405.33950,0.01,Express Air,-147.88,65.99,3.90
7707,51463,584472,100787002,2011-12-17,Low,4,28.34000,0.01,Regular Air,-18.55,4.98,7.44
18,50657,657768,82335880,2011-12-18,High,16,60.02000,0.10,Express Air,0.94,3.71,1.93
441,59911,704553,15571411,2011-12-18,Not Specified,1,10.59000,0.10,Regular Air,-4.31,9.11,2.15
1853,50657,1047536,82335880,2011-12-18,High,40,315.45000,0.01,Regular Air,-305.88,7.38,11.51
2858,41991,304170,58129492,2011-12-18,Low,35,543.22000,0.00,Regular Air,68.44,14.58,7.40
2859,41991,629210,58129492,2011-12-18,Low,36,1773.86000,0.06,Delivery Truck,133.30,50.98,14.19
5414,31878,984757,75234630,2011-12-18,Medium,42,5678.55250,0.01,Regular Air,1727.78,155.99,8.99
5723,42082,829409,36996940,2011-12-18,Critical,15,76.42000,0.03,Regular Air,-3.95,4.76,3.01
6240,41991,381085,58129492,2011-12-18,Low,18,813.90000,0.06,Regular Air,256.66,45.98,4.80
6550,25378,500747,85212736,2011-12-18,Not Specified,48,3713.01250,0.09,Regular Air,803.60,95.99,7.69
7053,31878,79826,75234630,2011-12-18,Medium,14,138.95000,0.04,Regular Air,9.63,9.27,4.39
7266,25061,433913,13226298,2011-12-18,Medium,20,941.13000,0.10,Regular Air,344.95,48.04,7.23
7269,21894,949585,52483004,2011-12-18,Critical,6,54.30000,0.10,Regular Air,1.27,9.68,2.03
8016,54533,523991,28739071,2011-12-18,Medium,21,162.25000,0.03,Regular Air,-42.72,7.10,6.05
2144,19040,361951,67539279,2011-12-19,High,10,211.97000,0.06,Regular Air,-46.83,21.38,8.99
4236,56032,948291,98550273,2011-12-19,Not Specified,25,3923.27000,0.03,Delivery Truck,-85.86,159.31,60.00
5978,56032,852337,98550273,2011-12-19,Not Specified,31,2893.31000,0.10,Regular Air,937.64,96.45,13.99
1118,38528,529796,86738505,2011-12-20,Critical,36,2544.98500,0.07,Regular Air,-113.06,85.99,0.99
1395,12320,736726,52428882,2011-12-20,Critical,35,539.21000,0.05,Delivery Truck,11.65,15.23,27.75
1571,38528,993113,103153738,2011-12-20,Critical,10,70.02000,0.07,Regular Air,22.62,7.31,0.50
5994,52327,766319,45162841,2011-12-20,Medium,5,28.23000,0.10,Regular Air,-14.69,4.98,4.70
6938,18562,538736,78224739,2011-12-20,Critical,41,160.11000,0.10,Regular Air,-26.73,3.98,2.97
7313,48515,5889,9969848,2011-12-20,Critical,47,725.80000,0.01,Express Air,327.45,15.04,1.97
8029,42692,414906,97437542,2011-12-20,Medium,41,248.86000,0.08,Regular Air,-168.67,5.98,7.50
8030,42692,723460,97437542,2011-12-20,Medium,42,278.01000,0.03,Regular Air,-202.31,6.48,8.73
2121,15009,524772,35183561,2011-12-21,Not Specified,46,1200.13000,0.09,Express Air,-7.80,28.15,8.99
3201,51203,826113,99034135,2011-12-21,High,49,26622.55000,0.08,Delivery Truck,3146.22,550.98,45.70
4855,7077,919940,74561513,2011-12-21,High,14,304.52000,0.04,Regular Air,25.34,21.78,5.94
6067,15009,438316,35248419,2011-12-21,Not Specified,28,229.43000,0.08,Express Air,61.09,7.78,2.50
6208,22950,462054,97070934,2011-12-21,Low,29,1756.11000,0.10,Regular Air,-888.07,64.65,35.00
2959,19616,736479,93242448,2011-12-22,High,3,92.31000,0.00,Regular Air,-28.95,28.15,6.17
4318,26658,1067744,71683306,2011-12-22,High,17,72.75000,0.05,Regular Air,-57.89,3.98,5.26
4601,19616,924995,93242448,2011-12-22,High,42,116.94000,0.06,Express Air,-10.01,2.78,1.25
6800,4773,957636,81927718,2011-12-22,Critical,26,311.38000,0.06,Regular Air,34.12,11.58,5.72
1698,10243,221283,35637070,2011-12-24,High,12,28.41000,0.07,Regular Air,-44.08,1.98,4.77
1957,6148,370731,17767864,2011-12-24,Medium,50,510.56000,0.05,Regular Air,-29.40,10.64,5.16
2381,52833,386136,100130172,2011-12-24,Medium,8,317.82000,0.02,Regular Air,-33.09,37.76,12.90
2985,12289,492210,19477891,2011-12-24,Low,25,3019.41000,0.04,Regular Air,1269.05,120.97,7.11
3459,14852,648476,87328286,2011-12-24,Medium,9,3800.40000,0.03,Express Air,1234.57,420.98,19.99
3927,12806,996963,93141025,2011-12-24,Not Specified,20,761.23000,0.00,Regular Air,107.93,35.89,14.72
5343,6148,487515,17767864,2011-12-24,Medium,18,389.52000,0.05,Express Air,116.37,20.28,6.68
14,36356,816179,63834266,2011-12-25,Medium,33,117.77000,0.08,Regular Air,47.98,3.75,0.50
1580,56423,481924,10691025,2011-12-25,Not Specified,41,170.82000,0.00,Express Air,85.45,3.69,0.50
3507,36356,620553,63834266,2011-12-25,Medium,45,4768.59000,0.01,Delivery Truck,-593.80,100.98,45.00
6190,56423,98988,10691025,2011-12-25,Not Specified,4,1609.69000,0.04,Regular Air,-281.17,419.19,19.99
6541,20737,952554,91220663,2011-12-25,Medium,15,3364.24800,0.10,Delivery Truck,-693.23,286.85,61.76
6542,20737,698263,91220663,2011-12-25,Medium,10,1410.93000,0.08,Delivery Truck,-317.48,140.98,36.09
6812,11687,491753,50681325,2011-12-25,High,26,188.93000,0.04,Regular Air,58.32,7.28,1.77
396,45506,250333,23988283,2011-12-26,Low,3,448.36650,0.03,Regular Air,-748.41,175.99,8.99
6053,454,175764,17803888,2011-12-26,Low,42,234.20000,0.09,Regular Air,56.22,6.08,1.82
6050,10820,930243,71827888,2011-12-27,Not Specified,49,2072.12000,0.04,Express Air,365.23,40.97,8.99
6051,10820,705403,71827888,2011-12-27,Not Specified,33,151.19000,0.06,Regular Air,-13.45,4.71,0.70
3632,37861,940865,4221093,2011-12-28,Not Specified,32,980.07000,0.09,Regular Air,337.25,30.98,5.76
41,46662,293693,30578487,2011-12-29,Critical,33,162.00000,0.01,Regular Air,45.84,4.84,0.71
42,46662,72479,30578487,2011-12-29,Critical,48,3410.15750,0.10,Regular Air,1137.91,85.99,0.99
144,37792,481924,51874025,2011-12-29,High,49,183.08000,0.01,Regular Air,82.49,3.69,0.50
5127,39585,912860,30988102,2011-12-29,Not Specified,32,166.17000,0.01,Regular Air,-22.74,5.08,3.63
5223,37792,951158,88591198,2011-12-29,High,14,36.74000,0.09,Regular Air,-5.36,2.78,0.97
6939,46662,160229,30578487,2011-12-29,Critical,8,57.22000,0.07,Regular Air,-27.72,6.48,6.60
550,57959,375694,39916227,2011-12-30,Medium,40,239.86000,0.04,Regular Air,-32.06,5.81,3.37
831,18534,564279,70401594,2011-12-30,Low,36,282.58000,0.10,Express Air,21.68,8.33,1.99
3792,57959,647762,39916227,2011-12-30,Medium,48,1269.79000,0.08,Express Air,-65.33,26.31,5.89
3896,29666,500073,58681809,2011-12-30,Not Specified,44,362.75000,0.08,Regular Air,-54.47,8.32,2.38
4379,58626,279374,86853010,2011-12-30,High,23,6641.14000,0.05,Delivery Truck,673.77,300.98,64.73
4380,58626,528974,86853010,2011-12-30,High,21,10469.03000,0.07,Delivery Truck,2608.72,500.98,26.00
5410,16805,339725,33888882,2011-12-30,Low,29,852.75000,0.08,Regular Air,358.73,30.44,1.49
7050,16805,250992,33888882,2011-12-30,Low,26,172.33000,0.04,Regular Air,-52.21,6.48,5.74
7549,58626,403940,86853010,2011-12-30,High,18,835.55000,0.04,Regular Air,171.59,45.19,1.99
7699,22051,584472,38671459,2011-12-30,Not Specified,39,209.33000,0.01,Regular Air,-160.71,4.98,7.44
7802,29666,191428,59398695,2011-12-30,Not Specified,29,155.86000,0.09,Regular Air,-152.59,5.28,8.16
1075,27137,332331,18657017,2011-12-31,High,2,60.56250,0.02,Regular Air,-165.54,35.99,1.10
1787,5607,560855,78858148,2011-12-31,Not Specified,8,61.87150,0.00,Regular Air,-50.33,7.99,5.03
2505,27015,499554,97394565,2011-12-31,Low,24,1339.25000,0.03,Regular Air,142.51,56.96,13.22
2681,37543,686278,23169608,2011-12-31,Medium,6,241.85000,0.01,Regular Air,-4.50,36.55,13.89
6110,3271,119069,65028410,2011-12-31,Critical,45,11532.99000,0.07,Delivery Truck,2753.39,264.98,17.86
6111,3271,510440,65028410,2011-12-31,Critical,18,146.10000,0.06,Express Air,51.14,8.34,1.43
