LineID,OrderID,ProductID,CustomerID,OrderDate,OrderPriority,OrderQuantity,Sales,Discount,ShipMode,Profit,UnitPrice,ShippingCost
7034,51648,538736,72058336,2012-01-01,Low,50,187.88000,0.08,Regular Air,-38.23,3.98,2.97
7036,51648,90051,72058336,2012-01-01,Low,45,2354.80000,0.03,Regular Air,332.97,49.99,19.99
2123,54214,1039462,96628821,2012-01-02,Medium,38,7325.63000,0.04,Express Air,1899.23,199.99,24.49
6456,29030,479758,74001204,2012-01-02,Medium,10,192.58000,0.05,Regular Air,24.60,19.84,4.10
6488,47591,216626,12756390,2012-01-02,Critical,27,279.40000,0.10,Regular Air,-92.25,10.48,6.91
373,10945,66293,47273840,2012-01-03,Medium,14,1170.02500,0.04,Regular Air,4.22,95.99,8.99
1697,16164,421568,69641516,2012-01-03,Low,26,69.38000,0.08,Regular Air,-70.73,2.52,4.28
4069,35811,592380,40482968,2012-01-03,Critical,6,10.39000,0.10,Regular Air,-3.24,1.76,0.70
4543,16164,685823,69641516,2012-01-03,Low,22,3353.54000,0.07,Regular Air,1189.96,162.93,19.99
4577,16164,419790,56916595,2012-01-03,Low,26,2354.15000,0.03,Delivery Truck,774.79,90.97,14.00
5058,50471,367410,36405393,2012-01-03,Low,25,5859.25000,0.02,Delivery Truck,1358.53,226.67,28.16
5800,35811,845743,40482968,2012-01-03,Critical,49,741.57000,0.10,Regular Air,352.41,15.57,1.39
6203,43494,388220,29025972,2012-01-03,Medium,2,3668.28000,0.09,Regular Air,-4858.67,1938.02,13.99
2543,39619,91652,79533912,2012-01-04,Low,15,742.80000,0.02,Regular Air,265.87,49.34,10.25
2877,7107,430810,91042485,2012-01-04,Not Specified,3,172.04000,0.02,Regular Air,143.08,54.20,11.10
3730,55011,397638,97257760,2012-01-04,Critical,48,452.28000,0.09,Regular Air,-21.00,9.85,4.82
5159,31555,499951,60796863,2012-01-04,Critical,5,500.50000,0.02,Delivery Truck,-153.31,90.97,28.00
5160,31555,1054629,60796863,2012-01-04,Critical,38,3531.75000,0.00,Regular Air,572.26,88.84,20.79
5455,55011,117213,97257760,2012-01-04,Critical,18,55.82000,0.01,Regular Air,14.19,2.94,0.81
6254,7107,525375,91042485,2012-01-04,Not Specified,32,1724.82000,0.10,Regular Air,407.80,55.29,5.08
6257,7107,455222,91042485,2012-01-04,Not Specified,3,113.14000,0.06,Regular Air,-21.23,37.94,5.08
6396,44646,587889,27000509,2012-01-04,Low,47,12723.95000,0.08,Regular Air,11.54,279.48,35.00
959,52516,1038283,47862852,2012-01-05,High,19,192.39000,0.08,Express Air,-31.67,10.23,4.68
1380,5601,680802,19986307,2012-01-05,High,10,120.53000,0.10,Regular Air,49.26,12.22,2.85
1557,4800,175474,91212453,2012-01-05,Low,17,89.25000,0.01,Regular Air,40.88,4.91,0.50
2200,16036,918216,80699720,2012-01-05,Medium,28,169.22000,0.05,Regular Air,-165.11,5.81,8.49
2793,4800,515586,91212453,2012-01-05,Low,4,41.94000,0.05,Regular Air,-26.17,8.04,8.94
3182,16036,224170,34167695,2012-01-05,Medium,28,2160.27000,0.09,Regular Air,-818.32,80.98,35.00
3538,10432,98806,17033987,2012-01-05,Low,13,2323.36000,0.08,Regular Air,220.39,179.99,19.99
3834,16036,885014,80699720,2012-01-05,Medium,10,1319.42100,0.07,Regular Air,-268.87,155.99,8.08
4029,52516,1048806,47862852,2012-01-05,High,50,4962.05000,0.08,Delivery Truck,335.29,119.99,56.14
4424,4800,855099,91212453,2012-01-05,Low,7,79.81000,0.07,Regular Air,-4.28,11.55,2.36
5563,16036,823075,80699720,2012-01-05,Medium,33,550.93000,0.10,Regular Air,-141.60,17.70,9.47
7092,13444,1010521,61746358,2012-01-05,High,33,154.44000,0.06,Regular Air,54.62,4.76,0.88
7713,25442,103518,98456564,2012-01-05,High,40,453.98000,0.02,Regular Air,67.60,11.34,5.01
8024,25442,215636,36061198,2012-01-05,High,32,1666.00000,0.08,Regular Air,742.96,55.48,4.85
3915,57698,669077,79423257,2012-01-06,Critical,10,86.00000,0.05,Regular Air,-66.91,7.77,9.23
3916,57698,689598,79423257,2012-01-06,Critical,13,4805.36000,0.04,Regular Air,1127.31,363.25,19.99
7748,56645,1021964,35074595,2012-01-06,Low,46,1483.49000,0.02,Regular Air,65.82,30.98,17.08
2373,54115,392183,33932452,2012-01-07,Low,39,197.11000,0.03,Regular Air,-89.42,4.98,4.95
2374,54115,210383,33932452,2012-01-07,Low,24,114.17000,0.01,Regular Air,-80.05,4.37,5.15
2884,45284,152427,93660979,2012-01-07,High,7,91.43000,0.00,Regular Air,-42.98,11.66,8.99
1019,42886,816179,11726321,2012-01-08,Medium,42,162.57000,0.02,Regular Air,75.80,3.75,0.50
1067,54307,368543,25602747,2012-01-08,High,41,198.29000,0.08,Regular Air,-134.41,4.91,5.68
1407,26818,69354,28941888,2012-01-08,Not Specified,36,251.34000,0.10,Regular Air,-162.20,7.30,7.72
2690,26818,231361,28941888,2012-01-08,Not Specified,23,202.84000,0.05,Regular Air,-19.48,8.85,5.60
2969,7042,136430,37216054,2012-01-08,Medium,4,1187.86400,0.07,Delivery Truck,-347.16,376.13,85.63
4386,59456,242307,31848876,2012-01-08,Low,30,182.92000,0.06,Regular Air,-1367.72,4.48,49.00
6015,54307,228599,79954809,2012-01-08,High,15,243.52000,0.01,Regular Air,-59.64,14.89,13.56
6049,26818,607882,28941888,2012-01-08,Not Specified,5,78.39000,0.01,Express Air,-5.16,11.97,4.98
7991,5409,538736,26860291,2012-01-08,Low,11,48.91000,0.01,Regular Air,-7.04,3.98,2.97
638,48704,259219,86967557,2012-01-09,High,11,1247.85950,0.01,Regular Air,-55.80,125.99,8.99
1387,14820,560855,32605811,2012-01-09,High,39,278.90200,0.04,Express Air,-104.47,7.99,5.03
6261,51424,331004,60937343,2012-01-09,Not Specified,5,88.94000,0.05,Regular Air,-47.54,16.74,7.04
6262,51424,430465,60937343,2012-01-09,Not Specified,48,113.98000,0.10,Regular Air,21.29,2.62,0.80
1793,44033,491105,59862529,2012-01-10,Critical,45,5811.97000,0.03,Delivery Truck,-434.15,124.49,51.94
3372,18275,579387,32444392,2012-01-10,Low,25,322.73000,0.07,Regular Air,101.83,13.40,4.95
4465,10053,391118,34013170,2012-01-10,High,31,162.58000,0.00,Regular Air,-109.86,4.89,4.93
6260,34662,79342,38783437,2012-01-10,Critical,35,12741.81000,0.09,Delivery Truck,95.06,370.98,99.00
214,59969,321823,21909421,2012-01-11,High,42,437.73000,0.01,Regular Air,205.70,9.90,1.39
1659,47879,704553,65757696,2012-01-11,Critical,19,172.54000,0.08,Regular Air,44.23,9.11,2.15
3613,59969,680591,21909421,2012-01-11,High,16,275.01000,0.00,Regular Air,-87.11,15.70,11.25
3860,44036,757246,55790716,2012-01-11,High,40,250.13000,0.01,Express Air,61.97,5.84,1.20
4033,51970,250765,55827442,2012-01-11,Not Specified,1,171.71000,0.06,Delivery Truck,-343.47,115.99,56.14
5013,22663,585869,24078858,2012-01-11,Low,15,7190.06000,0.08,Delivery Truck,1908.45,500.98,28.14
5014,22663,661224,24078858,2012-01-11,Low,35,9843.11000,0.07,Delivery Truck,-384.60,280.98,57.00
5613,54786,747572,25750022,2012-01-11,Not Specified,30,380.28000,0.08,Regular Air,-20.58,13.48,4.51
218,292,321823,26421512,2012-01-12,High,43,412.62000,0.08,Regular Air,175.54,9.90,1.39
2465,51269,820841,70928312,2012-01-12,High,2,21.07000,0.00,Regular Air,-10.43,8.69,2.99
3406,7783,231361,48663618,2012-01-12,Medium,3,31.35000,0.03,Regular Air,-14.62,8.85,5.60
4257,5382,120049,69084540,2012-01-12,Low,30,260.12000,0.05,Regular Air,36.54,8.98,4.19
4425,28485,269026,23344923,2012-01-12,High,12,49.18000,0.07,Regular Air,0.58,4.28,0.94
4909,21382,279374,19646967,2012-01-12,Critical,21,6435.87000,0.04,Delivery Truck,935.06,300.98,64.73
4910,21382,875716,19646967,2012-01-12,Critical,11,312.03000,0.08,Regular Air,-66.66,29.99,5.50
5844,51269,805551,70928312,2012-01-12,Critical,20,430.41000,0.08,Regular Air,-1.55,22.98,7.58
7926,21382,584472,98791614,2012-01-12,Critical,27,145.93000,0.00,Regular Air,-113.32,4.98,7.44
3780,22914,216645,67539279,2012-01-13,Critical,30,336.65000,0.07,Regular Air,-71.05,11.70,6.96
4613,52068,870163,30238656,2012-01-13,Not Specified,17,441.53000,0.07,Delivery Truck,-119.55,25.98,14.36
4615,52068,724277,30238656,2012-01-13,Not Specified,21,1217.50000,0.07,Delivery Truck,-412.36,58.14,36.61
6373,52068,515534,30238656,2012-01-13,Not Specified,47,24559.91000,0.01,Delivery Truck,7358.66,517.48,16.63
7088,6501,742897,15571411,2012-01-13,High,35,236.99000,0.06,Regular Air,-95.79,6.48,6.74
7689,52068,99546,30238656,2012-01-13,Not Specified,31,163.27000,0.04,Regular Air,-0.62,5.28,2.99
5051,16807,48396,44667886,2012-01-15,Medium,30,215.85000,0.09,Regular Air,60.95,7.40,1.71
5909,13027,1029403,39390141,2012-01-15,Critical,42,290.68000,0.03,Regular Air,-93.50,6.78,6.18
6693,16807,389962,44667886,2012-01-15,Medium,48,1585.60000,0.08,Regular Air,632.13,35.44,4.92
1547,29090,871664,34111372,2012-01-16,Medium,24,99.10000,0.02,Regular Air,28.42,4.13,0.99
2978,9632,87215,34181262,2012-01-16,Low,33,3633.03000,0.09,Regular Air,1440.27,120.98,9.07
4520,3685,92451,73053407,2012-01-16,Medium,29,106.78000,0.00,Regular Air,-98.05,3.28,5.00
6159,29090,216626,34111372,2012-01-16,Medium,36,380.34000,0.02,Regular Air,-108.20,10.48,6.91
6181,23268,707900,13638622,2012-01-16,High,14,50.85000,0.09,Express Air,-6.81,3.60,2.20
7504,29573,473902,32605811,2012-01-16,Critical,43,792.21000,0.05,Regular Air,42.24,18.97,9.54
7858,23268,629734,31711779,2012-01-16,High,5,255.31000,0.02,Regular Air,41.41,48.04,5.79
220,51044,321823,73966703,2012-01-18,Low,17,155.89000,0.10,Regular Air,50.19,9.90,1.39
224,51044,793081,73966703,2012-01-18,Low,19,117.27000,0.01,Regular Air,35.45,5.84,0.83
1969,51044,629210,73966703,2012-01-18,Low,26,1333.18000,0.07,Delivery Truck,120.01,50.98,14.19
3432,52837,226162,21613461,2012-01-18,Critical,32,5934.39000,0.08,Regular Air,519.55,193.17,19.99
7090,42753,925995,30521001,2012-01-18,Medium,45,4072.81750,0.10,Regular Air,897.36,115.99,3.00
7436,15491,550577,10797386,2012-01-18,Medium,5,901.37400,0.01,Regular Air,-648.65,205.99,2.50
1581,8034,400178,10691025,2012-01-19,High,13,238.43000,0.02,Regular Air,-36.11,16.99,8.99
3096,11969,281434,82151975,2012-01-19,Not Specified,16,1684.96000,0.08,Regular Air,-553.06,110.98,35.00
4279,6886,314204,20002172,2012-01-19,High,46,8177.07000,0.08,Regular Air,2385.30,178.47,19.99
4362,33956,725611,48889817,2012-01-19,Low,13,109.58000,0.00,Regular Air,31.32,7.59,4.00
4452,8034,603630,10691025,2012-01-19,High,36,1606.40000,0.08,Delivery Truck,-1231.35,44.43,46.59
5955,33285,797793,81921479,2012-01-19,High,5,66.92000,0.01,Regular Air,-23.29,12.28,6.13
6192,8034,864079,10691025,2012-01-19,High,31,354.45000,0.01,Regular Air,11.38,10.98,3.99
6452,11969,37176,82151975,2012-01-19,Not Specified,42,11460.76000,0.10,Delivery Truck,4264.82,349.45,60.00
6680,50433,399912,7452837,2012-01-19,Critical,50,6628.55000,0.10,Delivery Truck,1081.65,145.45,17.85
4043,29223,528974,28488718,2012-01-20,High,48,24701.12000,0.04,Delivery Truck,8022.94,500.98,26.00
5656,38690,191273,87932728,2012-01-20,Low,28,697.50000,0.02,Regular Air,169.89,23.99,6.30
5718,19617,191273,64790573,2012-01-20,Low,38,952.47000,0.03,Regular Air,270.69,23.99,6.30
6672,6016,465557,23284184,2012-01-20,High,19,208.28000,0.07,Regular Air,3.63,11.48,5.43
7261,19617,781122,64790573,2012-01-20,Low,3,171.96350,0.07,Regular Air,-296.37,65.99,8.99
921,55618,444231,33932452,2012-01-21,Medium,48,1494.23200,0.04,Regular Air,479.95,35.99,1.25
1533,40706,464128,76590642,2012-01-21,Medium,40,111.04000,0.08,Express Air,45.10,2.61,0.50
6742,11428,639545,72667470,2012-01-21,Medium,16,1554.53000,0.00,Regular Air,474.66,90.48,19.99
3712,9761,419790,57347993,2012-01-22,Not Specified,2,202.64000,0.04,Delivery Truck,-221.62,90.97,14.00
5583,28582,467302,39086044,2012-01-22,Not Specified,45,377.31000,0.02,Regular Air,87.96,8.01,2.87
5878,44549,914855,93612953,2012-01-22,Medium,5,11.25000,0.08,Regular Air,-4.96,2.08,1.49
7073,9761,781408,57347993,2012-01-22,Not Specified,23,133.69000,0.08,Regular Air,-92.23,5.98,7.15
7181,28582,982190,39086044,2012-01-22,Not Specified,40,1500.17000,0.06,Express Air,423.87,39.24,1.99
284,2688,990658,8230900,2012-01-23,High,31,2080.03500,0.10,Regular Air,844.90,85.99,1.25
777,41441,368543,50955308,2012-01-23,Medium,41,221.08000,0.00,Regular Air,-108.20,4.91,5.68
5377,2688,101065,8230900,2012-01-23,High,11,1559.43550,0.01,Regular Air,61.24,155.99,3.90
6858,6373,226603,30084133,2012-01-23,Not Specified,1,62.77000,0.01,Regular Air,-36.84,60.97,4.50
2113,26053,1003701,34495598,2012-01-24,Low,48,878.75000,0.07,Express Air,70.46,18.97,9.03
3221,46243,1003701,44637256,2012-01-24,Low,31,614.35000,0.02,Express Air,78.89,18.97,9.03
4790,46243,674668,44637256,2012-01-24,Low,1,3.63000,0.03,Regular Air,-1.56,2.88,0.70
4983,44647,528974,53855677,2012-01-24,Low,47,23239.96000,0.06,Delivery Truck,6888.36,500.98,26.00
6519,46243,575546,44637256,2012-01-24,Low,31,172.99000,0.05,Regular Air,61.51,5.84,1.00
6670,44647,797793,53855677,2012-01-24,Low,24,302.91000,0.05,Regular Air,-36.76,12.28,6.13
7378,54177,464694,97394565,2012-01-25,Critical,12,480.73000,0.10,Regular Air,148.20,42.80,2.99
7379,54177,620362,97394565,2012-01-25,Critical,25,159.00000,0.10,Regular Air,-98.15,6.48,7.37
8058,26759,996641,63992081,2012-01-25,Not Specified,30,251.11000,0.03,Regular Air,10.04,7.84,4.71
2066,48003,105932,12671287,2012-01-26,Medium,12,88.06000,0.04,Regular Air,-69.05,6.48,9.68
2964,32966,852926,81950874,2012-01-26,Low,4,1035.20000,0.08,Delivery Truck,-668.06,270.97,28.06
3722,48003,584340,12671287,2012-01-26,Medium,30,183.33000,0.05,Regular Air,-106.54,5.98,4.38
6361,32966,317714,81950874,2012-01-26,Low,43,74.17000,0.01,Regular Air,-13.40,1.60,1.29
6974,28129,329142,10374472,2012-01-26,Medium,5,107.41000,0.05,Regular Air,0.19,19.98,5.86
695,41760,66293,65762504,2012-01-27,Low,40,3232.13350,0.05,Regular Air,696.95,95.99,8.99
696,41760,738011,65762504,2012-01-27,Low,7,685.72050,0.08,Regular Air,-278.87,115.99,2.50
1044,36418,364648,94808461,2012-01-27,Not Specified,33,207.92000,0.08,Express Air,-124.84,6.23,6.97
2234,41760,525720,65762504,2012-01-27,Low,22,247.45000,0.00,Regular Air,-133.18,9.98,12.52
2235,41760,116470,65762504,2012-01-27,Low,21,6688.66000,0.04,Regular Air,2648.08,315.98,19.99
4528,4804,315687,71636340,2012-01-27,High,13,463.83000,0.00,Regular Air,103.26,33.98,1.99
5228,45984,933643,95323982,2012-01-27,Medium,27,80.33000,0.01,Regular Air,2.49,2.94,0.96
7717,31170,939190,31708946,2012-01-27,Medium,32,320.57000,0.09,Regular Air,27.95,10.13,1.99
3414,46852,661762,60748220,2012-01-28,Not Specified,46,1591.89000,0.02,Express Air,-117.31,34.98,7.53
4904,46852,391118,60748220,2012-01-28,Not Specified,44,220.07000,0.01,Regular Air,-158.42,4.89,4.93
5408,36484,664514,32775334,2012-01-28,Critical,41,2380.56950,0.01,Express Air,740.48,65.99,3.90
6494,8070,930243,49397035,2012-01-28,Medium,14,622.72000,0.00,Regular Air,76.51,40.97,8.99
4229,3168,112907,104752832,2012-01-29,Low,14,80.60000,0.04,Regular Air,-4.20,5.28,3.96
778,53795,192952,23649246,2012-01-30,High,21,3356.73500,0.05,Regular Air,370.33,195.99,4.20
1032,20003,196162,31001244,2012-01-30,Medium,5,141.97550,0.09,Regular Air,-88.94,35.99,0.99
1710,9925,686443,71736805,2012-01-30,Critical,43,1751.68000,0.10,Express Air,771.83,41.94,2.99
1739,20003,284312,5656997,2012-01-30,Medium,39,796.08000,0.05,Regular Air,30.29,19.98,4.00
2913,9925,361951,71736805,2012-01-30,Critical,31,684.50000,0.02,Regular Air,-27.99,21.38,8.99
3561,44167,872550,56764115,2012-01-30,Critical,23,3194.05000,0.08,Regular Air,608.52,142.86,19.99
4854,9253,633903,97606910,2012-01-30,Critical,36,1644.22000,0.05,Regular Air,563.09,46.94,6.77
7229,53795,307544,23649246,2012-01-30,High,40,264.60000,0.10,Express Air,-93.06,6.48,6.22
7651,9925,99546,71736805,2012-01-30,Critical,17,86.47000,0.07,Regular Air,-9.35,5.28,2.99
804,41312,851117,15087878,2012-01-31,Not Specified,21,787.63000,0.05,Regular Air,140.22,39.48,1.99
4532,20256,326842,61094278,2012-01-31,Low,24,512.83000,0.01,Regular Air,-221.56,20.89,11.52
7585,57280,653263,10691025,2012-01-31,Medium,44,299.85000,0.03,Express Air,-260.80,6.48,10.05
7832,54020,373891,15836964,2012-01-31,Low,35,648.58000,0.05,Regular Air,182.63,18.97,5.21
7833,54020,814247,15836964,2012-01-31,Low,43,270.56000,0.09,Regular Air,-140.48,6.48,6.86
377,58113,196617,76519514,2012-02-01,High,12,2077.18750,0.05,Express Air,-38.07,200.99,4.20
2034,58113,516201,76519514,2012-02-01,High,48,362.71000,0.07,Regular Air,-88.95,7.68,6.16
3109,34470,762722,97049232,2012-02-01,Critical,31,2966.13000,0.08,Delivery Truck,-1456.31,100.98,57.38
4624,6757,398909,91212283,2012-02-01,Medium,27,869.78000,0.10,Regular Air,43.36,34.76,8.22
5591,50148,388220,70910022,2012-02-01,Medium,9,17965.45000,0.00,Regular Air,3459.43,1938.02,13.99
6386,6757,952554,91212283,2012-02-01,Medium,11,2503.00800,0.10,Delivery Truck,-298.62,286.85,61.76
2427,32513,351447,28395632,2012-02-02,Low,23,3982.21000,0.03,Regular Air,1413.94,165.98,19.99
3153,8832,1100539,67300487,2012-02-02,Low,39,647.81000,0.10,Regular Air,8.65,17.67,8.99
5797,32513,317714,28395632,2012-02-02,Low,40,66.55000,0.01,Regular Air,-15.13,1.60,1.29
5819,41345,864642,39020168,2012-02-02,Medium,36,66.41000,0.04,Regular Air,0.37,1.88,0.79
7358,22916,653263,71098769,2012-02-02,Medium,18,122.02000,0.04,Regular Air,-115.00,6.48,10.05
7741,39813,160229,56692640,2012-02-02,Critical,48,314.34000,0.03,Regular Air,-130.50,6.48,6.60
2058,7072,231361,75226845,2012-02-04,Critical,29,258.61000,0.07,Regular Air,-15.96,8.85,5.60
7231,40100,153113,23649246,2012-02-04,Low,47,1001.17000,0.00,Regular Air,333.18,19.98,5.77
16,34083,367450,38512011,2012-02-05,Not Specified,29,1415.14800,0.02,Express Air,-64.94,55.99,5.00
4118,40098,663528,69306501,2012-02-05,Low,46,557.35000,0.00,Regular Air,-9.19,11.50,7.19
4730,50567,830831,97049232,2012-02-05,Medium,22,1505.67000,0.10,Delivery Truck,-436.23,70.98,30.00
5151,16548,690604,55792985,2012-02-05,Not Specified,40,3028.86000,0.04,Regular Air,-2595.65,71.37,69.00
5449,16548,228599,12671287,2012-02-05,Not Specified,22,75.19000,0.06,Regular Air,-59.12,3.28,3.97
7348,40098,949585,69306501,2012-02-05,Low,50,490.87000,0.00,Regular Air,190.93,9.68,2.03
3161,24448,73324,91977284,2012-02-06,High,46,11036.16000,0.05,Delivery Truck,1187.80,236.97,59.24
3905,2755,444448,96392681,2012-02-06,Not Specified,30,736.30000,0.03,Regular Air,259.07,24.95,2.99
5941,16866,967595,18837338,2012-02-06,Not Specified,43,2357.90850,0.06,Regular Air,538.49,65.99,3.99
7212,2755,813690,96392681,2012-02-06,Not Specified,50,346.06000,0.00,Regular Air,-76.54,6.48,5.86
7908,58978,591346,73720984,2012-02-06,Low,13,75.89000,0.09,Regular Air,-31.01,5.98,5.15
1384,27909,154089,86931361,2012-02-07,Critical,47,58.53000,0.07,Regular Air,-24.86,1.26,0.70
3529,11683,930353,14649835,2012-02-07,Not Specified,28,1650.41100,0.03,Regular Air,335.08,65.99,5.99
4563,50822,665810,74751607,2012-02-07,Medium,37,316.35000,0.01,Express Air,-52.18,8.12,2.83
6280,28390,487515,93607330,2012-02-07,High,44,809.77000,0.10,Regular Air,83.48,20.28,6.68
6319,50822,165300,74751607,2012-02-07,Medium,6,1635.29000,0.10,Regular Air,7.92,276.20,24.49
6822,8224,616627,109421866,2012-02-07,Not Specified,41,89.77000,0.03,Regular Air,9.92,2.21,1.00
7337,34117,734492,35678860,2012-02-07,High,45,299.94000,0.06,Regular Air,38.74,6.75,2.99
7501,27909,385812,86931361,2012-02-07,Critical,1,62.26000,0.09,Regular Air,-23.24,54.96,10.75
399,28198,250333,19984778,2012-02-08,Medium,50,7703.96650,0.00,Regular Air,2446.50,175.99,8.99
669,37763,796442,55790716,2012-02-08,Not Specified,24,1247.92750,0.10,Regular Air,186.42,65.99,2.50
1043,27557,287242,94808461,2012-02-08,Low,18,56.13000,0.02,Regular Air,-58.47,2.88,5.33
2090,23140,700485,72691604,2012-02-08,High,18,1713.80000,0.05,Regular Air,1125.29,99.23,8.99
4965,27109,124828,50882136,2012-02-08,Critical,48,538.22000,0.01,Regular Air,-154.66,10.97,6.50
5468,23140,942547,72691604,2012-02-08,High,16,116.69000,0.02,Regular Air,11.69,7.08,2.35
5584,37763,72789,55790716,2012-02-08,Not Specified,29,169.61000,0.10,Regular Air,-211.06,5.94,9.92
448,51111,330371,77512636,2012-02-09,Not Specified,1,61.09800,0.02,Regular Air,-257.72,65.99,5.92
842,29507,332331,98758480,2012-02-09,Low,41,1274.94900,0.05,Regular Air,416.99,35.99,1.10
2455,4162,226162,18657017,2012-02-09,Low,2,381.60000,0.10,Regular Air,-319.02,193.17,19.99
350,10917,497741,33888882,2012-02-10,Critical,14,1281.35800,0.09,Express Air,-90.12,115.99,5.99
4231,33414,649376,39669813,2012-02-10,Not Specified,9,37.22000,0.03,Regular Air,-2.76,4.13,1.17
5155,35492,489031,42923007,2012-02-10,Medium,36,455.93000,0.02,Express Air,83.51,12.64,4.98
6797,50784,220034,73150949,2012-02-10,High,20,638.72000,0.04,Regular Air,-130.88,32.98,5.50
7840,30599,1010521,90358264,2012-02-10,Not Specified,23,105.93000,0.05,Regular Air,33.47,4.76,0.88
93,13157,518917,16666221,2012-02-11,Medium,2,38.93000,0.07,Regular Air,-102.43,20.99,4.81
895,8007,930660,89205766,2012-02-11,Low,35,3332.06000,0.09,Regular Air,412.63,99.99,19.99
1970,18500,224170,79755549,2012-02-11,Medium,30,2536.31000,0.01,Regular Air,-643.46,80.98,35.00
2061,56514,952000,6794165,2012-02-11,Low,3,110.00000,0.02,Regular Air,-24.43,30.98,11.63
2308,17093,241264,55611186,2012-02-11,Not Specified,50,4550.06000,0.10,Delivery Truck,-1335.32,95.98,58.20
3488,54981,945043,97894366,2012-02-11,High,31,1024.31000,0.03,Regular Air,174.72,31.74,12.62
3618,18500,724277,79755549,2012-02-11,Medium,44,2507.79000,0.08,Delivery Truck,-779.81,58.14,36.61
5349,18500,220034,79755549,2012-02-11,Medium,30,1052.68000,0.02,Regular Air,-19.27,32.98,5.50
6897,8007,434079,16917108,2012-02-11,Low,5,820.56450,0.09,Regular Air,-800.25,205.99,8.99
7083,56514,1073132,6794165,2012-02-11,Low,35,186.89000,0.02,Regular Air,-153.20,4.98,7.54
903,14272,352439,85555346,2012-02-12,Medium,32,2409.96000,0.07,Regular Air,575.10,80.98,4.50
1035,38661,196162,51000782,2012-02-12,High,6,170.37400,0.09,Regular Air,-67.13,35.99,0.99
2925,4199,1016325,55788434,2012-02-12,Critical,43,639.71000,0.01,Express Air,102.53,14.20,5.30
4113,10593,768272,67636836,2012-02-12,High,26,723.82000,0.05,Regular Air,-40.98,27.42,19.46
4114,10593,224619,67636836,2012-02-12,High,27,435.27000,0.05,Regular Air,-147.51,15.98,8.99
7320,38661,160229,51000782,2012-02-12,High,48,326.10000,0.04,Regular Air,-118.74,6.48,6.60
2012,33184,445951,15023876,2012-02-13,Not Specified,32,402.49000,0.00,Regular Air,41.79,11.70,5.63
3661,33184,918904,15023876,2012-02-13,Not Specified,1,1754.29000,0.09,Regular Air,-961.50,1889.99,19.99
6286,40772,380477,76651111,2012-02-13,Critical,15,128.27000,0.00,Regular Air,22.85,7.89,2.82
6310,34211,717095,7178696,2012-02-13,Not Specified,15,136.49000,0.10,Regular Air,36.23,9.93,1.09
603,54053,924094,54579533,2012-02-14,High,34,5634.35250,0.03,Regular Air,1185.41,200.99,8.08
1138,54053,367450,79845128,2012-02-14,High,18,821.78850,0.06,Express Air,-230.34,55.99,5.00
1558,1154,175474,91884763,2012-02-14,Critical,23,115.10000,0.02,Regular Air,53.13,4.91,0.50
5038,1154,924506,46170980,2012-02-14,Critical,44,4462.23000,0.04,Delivery Truck,440.72,100.98,26.22
5039,1154,690604,46170980,2012-02-14,Critical,11,663.78400,0.25,Regular Air,-481.04,71.37,69.00
6803,1537,1029916,44863503,2012-02-14,Not Specified,5,16.60000,0.07,Regular Air,-20.30,2.16,6.05
6922,1154,181963,27235722,2012-02-14,Critical,7,516.65000,0.01,Express Air,57.10,70.97,3.50
7781,43203,598592,29172730,2012-02-14,Not Specified,32,225.16000,0.02,Regular Air,-33.69,6.68,5.20
354,32292,497741,65676679,2012-02-15,Low,49,5008.76100,0.04,Regular Air,1601.64,115.99,5.99
1449,29473,560855,14825481,2012-02-15,Medium,31,206.28650,0.05,Regular Air,-111.98,7.99,5.03
2291,54371,888871,13314221,2012-02-15,Not Specified,7,118.63000,0.05,Regular Air,6.30,16.74,5.08
3939,38052,728530,54628732,2012-02-15,Low,13,542.60000,0.03,Regular Air,118.40,40.98,1.99
5210,32292,855099,40573457,2012-02-15,Low,1,13.53000,0.07,Regular Air,-6.73,11.55,2.36
5680,54371,200320,13314221,2012-02-15,Not Specified,28,115.02000,0.00,Regular Air,46.30,3.78,0.71
855,31106,567704,10406639,2012-02-16,Low,43,4697.03200,0.00,Regular Air,1263.01,125.99,5.63
857,31106,559119,10406639,2012-02-16,Low,45,259.17000,0.01,Regular Air,-57.33,5.68,3.60
858,31106,464128,10406639,2012-02-16,Low,37,101.90000,0.00,Regular Air,40.52,2.61,0.50
1415,14212,605916,71827888,2012-02-16,Critical,8,21.99000,0.02,Regular Air,4.63,2.61,0.50
2332,31106,552434,10406639,2012-02-16,Low,7,187.33000,0.03,Regular Air,66.47,25.13,9.87
2691,14212,845978,71827888,2012-02-16,Critical,4,31.18000,0.00,Regular Air,-17.16,6.24,5.22
183,40067,781795,30354681,2012-02-17,Low,38,2157.30850,0.00,Regular Air,519.25,65.99,5.31
562,14240,373440,20566789,2012-02-17,High,24,68.88000,0.00,Regular Air,1.31,2.78,1.49
973,40065,394140,23074221,2012-02-17,High,4,76.86550,0.04,Express Air,-54.51,20.99,0.99
2194,41830,651577,92103421,2012-02-17,Low,42,5361.08000,0.00,Delivery Truck,1841.92,120.97,26.30
2552,24775,304170,6954303,2012-02-17,Critical,6,96.21000,0.06,Regular Air,-19.34,14.58,57.40
4171,24775,924506,6954303,2012-02-17,Critical,15,1616.66000,0.00,Delivery Truck,112.58,100.98,56.22
5764,801,553905,18074009,2012-02-17,Critical,20,59.85000,0.03,Regular Air,-47.41,2.74,3.50
6576,4391,101065,40929835,2012-02-17,High,20,2592.43200,0.06,Regular Air,428.47,155.99,3.90
7218,40673,657298,83020097,2012-02-17,Low,14,157.49000,0.02,Regular Air,62.54,10.94,1.39
717,52003,259517,13719044,2012-02-18,Low,2,93.33850,0.10,Regular Air,-300.39,55.99,5.00
1399,37123,736726,86396748,2012-02-18,High,50,794.58000,0.05,Delivery Truck,11.65,15.23,27.75
2682,42115,884540,23169608,2012-02-18,Critical,19,540.56000,0.02,Regular Air,-93.46,28.28,13.99
3430,37445,338935,66362746,2012-02-18,High,37,2180.23000,0.05,Regular Air,660.25,60.22,3.50
4302,12418,294775,23169608,2012-02-18,Not Specified,38,299.01000,0.09,Regular Air,-142.86,7.98,6.50
4305,42115,318385,23169608,2012-02-18,Critical,21,673.92000,0.01,Regular Air,224.71,31.78,1.99
6387,32192,886808,91212283,2012-02-18,Not Specified,4,159.25600,0.03,Regular Air,-171.17,45.99,2.50
43,5860,293693,85111166,2012-02-19,Not Specified,12,56.73000,0.09,Regular Air,8.33,4.84,0.71
731,26309,358060,55426523,2012-02-19,Low,42,128.13000,0.09,Regular Air,32.53,3.08,0.99
1269,12711,865125,70050666,2012-02-19,Critical,45,558.04000,0.05,Regular Air,40.32,12.98,3.14
1271,12711,667910,70050666,2012-02-19,Critical,32,1486.72000,0.00,Regular Air,294.81,43.98,8.99
1582,39075,652699,96589719,2012-02-19,Not Specified,50,512.33000,0.01,Regular Air,250.66,10.35,0.99
4696,1057,905400,94206076,2012-02-19,Critical,41,341.36000,0.09,Regular Air,-52.48,8.46,3.62
4707,35905,744609,73763693,2012-02-19,Low,20,37.40000,0.09,Express Air,-17.18,1.68,1.57
3708,6,134191,50111887,2012-02-20,Not Specified,2,6.93000,0.01,Regular Air,-4.64,2.08,2.56
3015,46466,429891,86724665,2012-02-21,Medium,7,271.27000,0.05,Regular Air,71.31,37.93,13.99
244,8388,30902,104516246,2012-02-23,Low,42,288.90000,0.02,Regular Air,96.34,6.98,1.60
685,51239,401585,82471832,2012-02-23,Low,48,4046.25000,0.09,Delivery Truck,-1296.93,85.29,60.00
1652,40132,877669,93109423,2012-02-23,Low,16,347.47000,0.09,Regular Air,-86.20,22.38,15.10
1653,40132,491105,93109423,2012-02-23,Low,36,4698.50000,0.04,Delivery Truck,-219.38,124.49,51.94
1980,8388,445951,104516246,2012-02-23,Low,37,434.11000,0.02,Regular Air,24.85,11.70,5.63
2870,40132,629210,93109423,2012-02-23,Low,26,1363.00000,0.04,Delivery Truck,149.83,50.98,14.19
3623,8388,725611,104516246,2012-02-23,Low,39,290.30000,0.07,Regular Air,25.16,7.59,4.00
3870,41921,528974,82471832,2012-02-23,Medium,32,16313.51000,0.04,Delivery Truck,4860.73,500.98,26.00
4557,9281,951158,7178696,2012-02-23,Critical,24,68.97000,0.02,Regular Air,0.77,2.78,0.97
5593,41921,957636,82471832,2012-02-23,Medium,29,337.38000,0.04,Express Air,-5.45,11.58,6.97
7655,9281,694962,7178696,2012-02-23,Critical,31,199.80000,0.08,Express Air,-96.59,6.48,6.81
7698,35392,981266,34136970,2012-02-23,High,9,70.88000,0.01,Regular Air,-50.20,6.48,9.68
830,11776,154089,92512595,2012-02-24,Low,40,57.24000,0.04,Express Air,-14.10,1.26,0.70
3324,13668,845978,107508523,2012-02-24,Critical,42,282.61000,0.02,Regular Air,-106.36,6.24,5.22
5710,25314,218863,10406639,2012-02-24,High,43,7679.51200,0.00,Regular Air,2307.42,205.99,5.00
691,53026,577331,88925672,2012-02-26,Low,35,322.82000,0.05,Regular Air,-17.58,9.31,3.98
1446,53221,640587,32914519,2012-02-26,Not Specified,29,433.44000,0.10,Regular Air,147.46,15.68,3.73
2422,59075,400240,49413655,2012-02-26,Low,38,425.91000,0.02,Regular Air,55.06,11.19,5.03
5136,59075,231193,29364014,2012-02-26,Low,4,21.84000,0.02,Regular Air,-25.31,4.77,2.39
5729,57157,864079,89205766,2012-02-26,Critical,18,203.57000,0.01,Regular Air,-4.84,10.98,3.99
2909,56261,136430,67518302,2012-02-27,Critical,43,16886.76000,0.02,Delivery Truck,483.95,376.13,85.63
3946,18950,419790,102118415,2012-02-27,Low,33,3008.50000,0.05,Delivery Truck,1101.90,90.97,14.00
4271,36257,116401,71417179,2012-02-27,High,43,894.51000,0.08,Regular Air,294.21,20.89,1.99
4842,1282,318385,29343671,2012-02-27,Not Specified,26,892.38000,0.00,Regular Air,366.48,31.78,1.99
5005,50721,518671,7452837,2012-02-27,High,33,9758.70000,0.04,Regular Air,3793.70,304.99,19.99
6273,49954,623868,81859317,2012-02-27,Critical,36,1921.12750,0.08,Regular Air,248.58,65.99,8.99
7263,7653,985428,80369893,2012-02-27,Medium,32,1425.06000,0.10,Regular Air,597.31,48.04,5.09
3307,59204,945043,79708464,2012-02-29,Medium,8,250.29000,0.10,Regular Air,-9.31,31.74,12.62
6562,59204,455222,79708464,2012-02-29,Medium,7,251.59000,0.09,Regular Air,39.23,37.94,5.08
8011,59204,630857,36033925,2012-02-29,Medium,25,151.75000,0.04,Regular Air,-66.24,5.80,5.59
2372,33606,447798,29527556,2012-03-01,High,46,410.03000,0.05,Regular Air,-138.39,8.75,8.54
3358,56358,623150,4510648,2012-03-01,Not Specified,1,11.70000,0.00,Regular Air,-8.06,5.89,5.57
3809,8035,540818,40571381,2012-03-01,Medium,7,104.38000,0.07,Regular Air,-24.20,14.42,6.75
5003,45317,524096,50320111,2012-03-01,Low,28,961.06000,0.05,Regular Air,361.82,34.23,5.02
7897,45317,982190,50320111,2012-03-01,Low,36,1435.95000,0.05,Regular Air,486.90,39.24,1.99
1155,47042,771470,97394565,2012-03-02,Critical,45,1375.37650,0.03,Regular Air,592.22,35.99,3.30
2172,21478,980324,36255546,2012-03-02,Low,16,423.07000,0.01,Regular Air,126.95,25.38,8.99
2326,27392,56287,13698768,2012-03-02,Low,37,5753.85000,0.00,Regular Air,2509.52,150.98,13.99
3060,384,779048,103104706,2012-03-02,Low,50,7666.04000,0.02,Delivery Truck,-1820.84,146.05,80.20
3163,50564,616694,55460332,2012-03-02,High,30,11041.42000,0.07,Regular Air,4456.25,387.99,19.99
6602,58917,625704,30770816,2012-03-02,High,3,62.88000,0.09,Regular Air,-25.96,21.98,2.87
6603,58917,472903,30770816,2012-03-02,High,27,14300.26000,0.01,Regular Air,6279.18,499.99,24.49
7138,21478,629734,36255546,2012-03-02,Low,33,1602.21000,0.05,Regular Air,728.49,48.04,5.79
446,32902,260010,94892175,2012-03-03,High,8,64.10000,0.03,Regular Air,-48.28,6.84,8.37
651,4230,986755,99518139,2012-03-03,Critical,46,2508.31600,0.07,Express Air,456.81,65.99,8.99
806,25767,851117,49978976,2012-03-03,High,7,261.88000,0.08,Regular Air,-59.20,39.48,1.99
1678,35968,364648,68205763,2012-03-03,Not Specified,21,141.20000,0.05,Regular Air,-74.44,6.23,6.97
2209,4230,105932,99518139,2012-03-03,Critical,18,409.16000,0.05,Regular Air,21.96,22.72,8.99
3210,51489,872912,95501313,2012-03-03,Critical,22,38.88000,0.09,Regular Air,-18.57,1.81,1.56
3283,32902,821950,12193437,2012-03-03,High,34,145.48000,0.03,Express Air,32.43,4.26,1.20
3734,32902,475585,94892175,2012-03-03,High,23,1638.67000,0.05,Delivery Truck,-527.83,68.81,60.00
6464,41666,632964,46851405,2012-03-03,Medium,26,596.15600,0.10,Express Air,-97.92,28.99,8.59
6514,51489,221286,95501313,2012-03-03,Critical,42,4846.68000,0.04,Regular Air,820.94,110.98,13.99
7242,25767,600953,49978976,2012-03-03,High,15,593.73000,0.04,Regular Air,108.01,38.76,13.26
7675,43296,450484,85804202,2012-03-03,Medium,41,1665.81000,0.06,Regular Air,557.52,40.98,7.47
7795,51489,1073132,95501313,2012-03-03,Critical,5,32.69000,0.00,Regular Air,-24.43,4.98,7.54
1353,44199,519606,79088641,2012-03-04,Low,12,50.69000,0.04,Regular Air,-6.33,3.95,2.00
4550,48322,1084658,67518302,2012-03-04,Medium,14,41.37000,0.05,Regular Air,1.82,2.94,0.70
4868,1925,87900,88719131,2012-03-04,Critical,40,909.82000,0.02,Regular Air,292.49,22.98,1.99
5497,46404,886808,43122374,2012-03-04,Critical,50,1875.41450,0.05,Regular Air,507.33,45.99,2.50
6837,1925,165300,96264962,2012-03-04,Critical,7,1874.37000,0.08,Regular Air,67.84,276.20,24.49
7196,37188,1014815,95577022,2012-03-04,Critical,24,132.02000,0.04,Express Air,-123.28,4.98,8.33
2834,42437,361951,24149383,2012-03-05,Critical,14,313.85000,0.03,Regular Air,-31.37,21.38,8.99
3050,2240,736479,43389672,2012-03-05,Not Specified,5,142.44000,0.06,Regular Air,-22.12,28.15,6.17
3051,2240,370731,43389672,2012-03-05,Not Specified,17,186.02000,0.01,Regular Air,16.48,10.64,5.16
3875,24677,93844,34113194,2012-03-05,Low,44,364.40000,0.05,Regular Air,51.08,8.50,1.99
1092,51876,259517,24082624,2012-03-06,Critical,2,95.05550,0.10,Regular Air,-298.17,55.99,5.00
4661,13991,679655,45209405,2012-03-06,High,21,1839.44800,0.07,Regular Air,-742.88,111.96,69.00
6416,13991,994793,45209405,2012-03-06,High,24,170.70000,0.00,Regular Air,-37.88,6.48,2.74
6995,15044,88473,26995184,2012-03-06,Low,42,1681.60000,0.07,Regular Air,167.37,39.99,10.25
1977,55651,116706,74518551,2012-03-07,Medium,41,830.53000,0.01,Regular Air,120.69,20.24,8.99
1979,55651,285813,74518551,2012-03-07,Medium,2,79.93000,0.00,Regular Air,-52.73,27.75,19.99
2125,52645,896019,23795937,2012-03-07,Low,11,64.34000,0.09,Regular Air,-8.37,5.85,2.27
5507,52645,181963,23795937,2012-03-07,Low,10,693.02000,0.07,Regular Air,97.36,70.97,3.50
6080,55651,609559,100010565,2012-03-07,Medium,11,995.72400,0.05,Regular Air,-117.61,110.99,2.50
7595,59586,1022569,100729818,2012-03-07,Low,25,167.23000,0.05,Regular Air,-43.17,6.68,5.41
162,31523,789601,33980383,2012-03-08,Low,19,179.33000,0.00,Regular Air,-58.76,8.74,8.29
2975,49602,331372,34181262,2012-03-08,Not Specified,31,4878.64000,0.03,Delivery Truck,-519.94,150.98,66.27
5316,31523,994793,33980383,2012-03-08,Low,17,105.85000,0.10,Regular Air,-44.86,6.48,2.74
5413,51620,747572,65676679,2012-03-08,Medium,12,173.97000,0.03,Regular Air,-2.55,13.48,4.51
1667,42471,819688,38783437,2012-03-09,Low,23,44.89000,0.09,Regular Air,-17.13,1.95,1.63
3311,2848,956439,29343671,2012-03-09,Critical,35,1476.39000,0.06,Express Air,-303.62,43.31,15.90
6366,22085,823075,19029328,2012-03-09,Low,27,485.03000,0.07,Regular Air,-88.02,17.70,9.47
6564,2848,748835,29343671,2012-03-09,Critical,8,863.58300,0.04,Regular Air,-264.28,125.99,8.99
7685,22085,620362,19029328,2012-03-09,Low,41,265.61000,0.10,Regular Air,-147.82,6.48,7.37
497,51237,529361,43122374,2012-03-10,Medium,26,4769.06950,0.03,Regular Air,1138.58,205.99,5.99
576,24707,217285,40571381,2012-03-10,Medium,14,1961.39000,0.00,Regular Air,761.04,136.98,24.49
578,24707,746518,40571381,2012-03-10,Medium,3,4.94000,0.10,Regular Air,-1.76,1.48,0.70
1548,53156,871664,12488619,2012-03-10,Not Specified,47,186.93000,0.07,Regular Air,56.44,4.13,0.99
2814,7174,816613,46716126,2012-03-10,Not Specified,10,141.92000,0.06,Regular Air,12.20,13.73,8.99
6504,55779,953470,61997425,2012-03-10,Critical,26,4073.17000,0.08,Delivery Truck,376.21,160.98,30.00
7016,16804,196575,100099945,2012-03-10,High,46,2430.34000,0.08,Regular Air,752.87,55.98,13.88
7017,16804,672421,100099945,2012-03-10,High,36,218.60000,0.05,Express Air,-46.43,5.78,4.96
131,42243,498918,60181220,2012-03-11,Medium,19,145.26000,0.05,Regular Air,-35.75,7.35,5.96
1843,2912,913152,40732966,2012-03-11,Low,7,16587.13000,0.08,Delivery Truck,-3476.86,2550.14,29.70
5304,42243,642999,60181220,2012-03-11,Medium,42,1876.09000,0.02,Regular Air,809.74,43.41,2.99
6924,2912,985033,40732966,2012-03-11,Low,9,507.98000,0.05,Express Air,170.90,55.98,4.86
6989,46631,315030,16627071,2012-03-11,Not Specified,39,930.84000,0.05,Regular Air,-122.12,22.84,16.92
2750,17152,802904,89767975,2012-03-12,High,32,236.45000,0.06,Regular Air,-259.02,6.98,9.69
3598,23584,266000,30354681,2012-03-12,Critical,14,2671.21000,0.06,Delivery Truck,636.18,200.97,15.59
4836,44099,643210,14033736,2012-03-12,Medium,34,11823.52000,0.10,Regular Air,4592.74,367.99,19.99
6559,44099,272408,14033736,2012-03-12,Medium,19,80.81000,0.10,Regular Air,-67.46,4.24,5.41
1473,35173,861428,86802122,2012-03-13,Not Specified,29,6483.26000,0.09,Delivery Truck,341.98,240.98,60.20
2547,20194,246243,32797971,2012-03-13,High,10,194.29000,0.10,Regular Air,68.89,20.24,6.67
6097,35173,123797,86802122,2012-03-13,Not Specified,13,1446.20700,0.02,Regular Air,29.56,125.99,8.08
7953,29607,830130,14547307,2012-03-13,Medium,20,240.74000,0.05,Regular Air,21.05,12.28,5.09
3489,27490,945043,69566389,2012-03-14,Not Specified,18,611.71000,0.02,Regular Air,93.23,31.74,12.62
3628,14784,603630,103724988,2012-03-14,Medium,43,2009.05000,0.04,Delivery Truck,33.99,44.43,46.59
3768,2022,755639,23795937,2012-03-14,Critical,45,186.44000,0.00,Regular Air,-157.18,3.95,5.13
4234,43138,402732,22307990,2012-03-14,Low,50,6552.86000,0.07,Delivery Truck,-692.82,137.48,32.18
5976,43138,255922,22307990,2012-03-14,Low,43,1334.05000,0.06,Regular Air,581.77,30.56,2.99
1617,19207,944147,84641727,2012-03-15,Not Specified,23,66.02000,0.10,Regular Air,10.88,3.08,0.99
1618,19207,154089,84641727,2012-03-15,Not Specified,11,15.53000,0.00,Regular Air,-5.92,1.26,0.70
2151,52995,821997,93726727,2012-03-15,Not Specified,8,33.39000,0.03,Regular Air,-35.51,3.36,6.27
2320,21607,686278,46184923,2012-03-15,Not Specified,17,618.90000,0.09,Regular Air,54.92,36.55,13.89
3043,21223,998209,10128489,2012-03-15,Not Specified,8,435.29000,0.03,Regular Air,122.41,51.65,18.45
4680,21223,924506,10128489,2012-03-15,Not Specified,3,317.95000,0.10,Delivery Truck,-144.43,100.98,26.22
4717,53571,672241,24239354,2012-03-15,Not Specified,21,238.06000,0.05,Regular Air,56.43,10.91,2.99
6196,17571,220034,46716126,2012-03-15,Not Specified,50,1695.65000,0.02,Express Air,51.98,32.98,5.50
6198,17571,102816,46716126,2012-03-15,Not Specified,32,102.59000,0.01,Regular Air,8.88,2.98,1.58
2981,4515,492210,15499743,2012-03-16,Critical,7,887.94000,0.02,Regular Air,49.45,120.97,7.11
6859,55458,957535,39017689,2012-03-16,High,32,115.78000,0.07,Regular Air,-167.42,3.52,6.83
6861,55458,382748,39017689,2012-03-16,High,13,210.22000,0.00,Regular Air,-30.71,14.98,7.69
7356,18112,812196,93263069,2012-03-16,Not Specified,13,83.31000,0.06,Regular Air,22.80,6.45,1.34
3906,55268,391118,76497937,2012-03-17,High,11,61.46000,0.08,Express Air,-47.83,4.89,4.93
4448,24672,725611,6913864,2012-03-17,Medium,5,44.17000,0.02,Regular Air,23.41,7.59,4.00
6185,24672,587889,6913864,2012-03-17,Medium,37,10532.94000,0.06,Regular Air,406.37,279.48,35.00
6850,11202,642999,61340538,2012-03-17,Medium,8,339.81000,0.05,Regular Air,79.59,43.41,2.99
7246,49953,160229,70937265,2012-03-17,Not Specified,36,242.13000,0.09,Express Air,-94.74,6.48,6.60
7580,24672,675603,6913864,2012-03-17,Medium,37,192.92000,0.09,Regular Air,74.58,5.43,0.95
4537,322,885014,9599437,2012-03-18,Critical,20,2634.85550,0.08,Regular Air,257.76,155.99,8.08
5605,26660,836171,95577022,2012-03-18,Medium,1,10.23000,0.10,Regular Air,-4.22,8.95,2.01
7642,322,653263,9599437,2012-03-18,Critical,46,281.00000,0.10,Regular Air,-291.59,6.48,10.05
240,54534,498918,72906222,2012-03-19,Not Specified,16,124.71000,0.01,Regular Air,-30.04,7.35,5.96
2059,24865,697651,102101268,2012-03-19,High,46,175.23000,0.04,Regular Air,-13.35,3.69,2.50
2215,1856,179381,39086044,2012-03-19,Not Specified,24,1449.30000,0.08,Regular Air,-712.14,60.98,49.00
3855,1856,924819,39086044,2012-03-19,Not Specified,43,4374.68650,0.05,Regular Air,973.16,125.99,8.08
5582,1856,746290,39086044,2012-03-19,Not Specified,44,4283.23500,0.10,Regular Air,676.13,125.99,8.80
7880,324,641174,47416847,2012-03-19,Critical,25,3872.63400,0.02,Regular Air,667.33,179.99,13.99
2019,49510,779056,88815489,2012-03-20,Critical,16,44.10000,0.04,Regular Air,-6.22,2.58,1.30
2419,30051,896019,25362542,2012-03-20,Not Specified,42,243.06000,0.02,Regular Air,-1.57,5.85,2.27
3589,26535,1067744,20071951,2012-03-20,Not Specified,33,141.70000,0.02,Regular Air,-103.21,3.98,5.26
3647,58051,326421,56352213,2012-03-20,High,6,256.60000,0.00,Regular Air,-106.76,39.98,7.12
6350,55073,1049864,34667672,2012-03-20,Low,40,2376.71050,0.01,Regular Air,721.81,65.99,3.99
3567,31586,391953,80727603,2012-03-21,Low,25,4390.02900,0.00,Express Air,1007.49,205.99,5.26
5140,4705,294775,24606708,2012-03-21,Not Specified,16,123.85000,0.09,Regular Air,-71.44,7.98,6.50
4076,9826,457455,102737308,2012-03-22,Medium,7,131.61000,0.01,Regular Air,-7.30,17.48,1.99
4747,11301,868096,71445870,2012-03-22,Medium,29,1194.96000,0.04,Regular Air,107.45,39.98,4.00
5382,29926,914855,60636010,2012-03-22,Medium,9,20.21000,0.00,Regular Air,-5.14,2.08,1.49
126,44261,803900,39049481,2012-03-23,High,10,306.66300,0.07,Regular Air,-17.41,35.99,5.99
551,49634,186776,39916227,2012-03-23,Not Specified,45,132.31000,0.02,Regular Air,10.91,2.88,1.49
710,38853,691869,73939563,2012-03-23,Low,13,728.02500,0.04,Regular Air,20.00,65.99,2.50
1447,3973,640587,50130217,2012-03-23,Not Specified,21,316.35000,0.06,Regular Air,117.91,15.68,3.73
1635,15616,145931,101248528,2012-03-23,Critical,12,386.71000,0.01,Express Air,-84.12,30.98,6.50
1753,49634,681809,10236331,2012-03-23,Not Specified,39,403.73000,0.06,Regular Air,-44.13,10.89,4.50
1905,44261,648476,39049481,2012-03-23,High,31,13064.06000,0.01,Express Air,5979.56,420.98,19.99
2284,29921,87215,93141025,2012-03-23,Medium,33,3977.97000,0.06,Regular Air,1733.47,120.98,9.07
2869,12352,918216,93109423,2012-03-23,Medium,5,36.86000,0.07,Regular Air,-32.82,5.81,8.49
3660,39655,991205,72058336,2012-03-23,High,35,253.15000,0.03,Regular Air,-72.43,7.28,3.52
4493,15616,649376,101248528,2012-03-23,Critical,34,134.06000,0.09,Regular Air,5.98,4.13,1.17
4580,49634,677142,10236331,2012-03-23,Not Specified,3,86.85000,0.05,Regular Air,-67.22,28.48,1.99
5301,44261,394339,39049481,2012-03-23,High,1,3360.30000,0.05,Delivery Truck,-7961.43,3502.14,8.73
5302,44261,698263,39049481,2012-03-23,High,34,4771.89000,0.05,Delivery Truck,-427.99,140.98,36.09
6206,7941,525375,55920460,2012-03-23,Low,50,2796.67000,0.01,Regular Air,801.04,55.29,5.08
164,5473,789601,24088027,2012-03-24,Not Specified,42,355.69000,0.09,Regular Air,-149.46,8.74,8.29
210,59491,680802,98185921,2012-03-24,High,46,562.95000,0.06,Regular Air,147.12,12.22,2.85
211,59491,540260,98185921,2012-03-24,High,8,32.31000,0.09,Regular Air,-33.59,3.58,5.47
1300,9794,559119,83620837,2012-03-24,Not Specified,25,135.23000,0.10,Regular Air,-45.65,5.68,3.60
1955,59491,1047536,98185921,2012-03-24,High,6,57.90000,0.03,Regular Air,-48.14,7.38,11.51
2120,16390,567128,102008024,2012-03-24,Medium,8,86.38000,0.10,Regular Air,-12.61,10.98,3.37
3425,59491,616694,21255162,2012-03-24,High,31,12470.31000,0.04,Regular Air,5528.50,387.99,19.99
3765,46023,581262,96628821,2012-03-24,Not Specified,50,1101.76000,0.07,Regular Air,-204.22,21.66,13.99
6875,1764,674000,86769142,2012-03-24,Critical,7,59.99000,0.10,Regular Air,-13.78,8.34,4.82
7834,11045,229862,40929835,2012-03-25,Medium,35,710.86000,0.04,Regular Air,196.22,19.98,5.97
994,6950,925732,81638890,2012-03-26,Low,4,187.39950,0.08,Regular Air,-225.30,55.99,3.30
1919,24546,567128,90514203,2012-03-26,Critical,7,81.58000,0.04,Regular Air,-7.78,10.98,3.37
3158,41056,661762,12756390,2012-03-26,Critical,4,137.54000,0.08,Regular Air,-138.84,34.98,7.53
5046,3970,677142,91550526,2012-03-26,Medium,39,1032.97000,0.07,Regular Air,397.15,28.48,1.99
6690,3970,945963,91550526,2012-03-26,Medium,13,324.83000,0.05,Delivery Truck,-426.54,20.98,45.00
1664,55462,731566,82208002,2012-03-27,Medium,13,75.27000,0.06,Regular Air,-1.84,5.58,2.99
2003,35814,592044,18293658,2012-03-27,High,11,324.52000,0.08,Regular Air,154.02,29.18,8.55
2443,20995,331372,23784011,2012-03-27,Medium,37,5817.88000,0.01,Delivery Truck,-567.14,150.98,66.27
4512,55462,326421,82208002,2012-03-27,Medium,31,1184.53000,0.05,Regular Air,-26.49,39.98,7.12
4513,55462,156820,82208002,2012-03-27,Medium,35,3683.73000,0.09,Regular Air,708.76,125.99,8.99
166,22373,789601,20071951,2012-03-28,High,26,233.03000,0.05,Express Air,-86.34,8.74,8.29
253,40611,771470,101777049,2012-03-28,Not Specified,43,1407.51500,0.00,Regular Air,657.45,35.99,3.30
878,26979,783568,90386354,2012-03-28,Medium,43,337.01000,0.05,Regular Air,147.20,7.98,1.25
1214,10439,155970,38079848,2012-03-28,Not Specified,27,75.06000,0.09,Regular Air,26.13,2.89,0.50
1216,10439,841915,38079848,2012-03-28,Not Specified,30,569.61000,0.02,Regular Air,-48.44,17.98,4.00
1487,18464,1021753,22558635,2012-03-28,High,27,4891.86000,0.02,Delivery Truck,253.14,180.98,55.24
2568,10439,114229,38079848,2012-03-28,Not Specified,41,823.13000,0.00,Regular Air,384.51,18.94,1.49
2732,18464,331372,22558635,2012-03-28,High,37,6039.10000,0.01,Delivery Truck,-345.92,150.98,66.27
3990,26979,885014,90386354,2012-03-28,Medium,50,6093.24200,0.09,Regular Air,1174.38,155.99,8.08
4875,29280,737955,22237665,2012-03-28,Medium,30,856.34000,0.06,Regular Air,248.91,28.38,1.99
4900,36512,476021,60748220,2012-03-28,Not Specified,30,10413.67000,0.04,Delivery Truck,1099.29,355.98,58.92
5100,29280,730958,67791714,2012-03-28,Medium,19,238.35000,0.00,Regular Air,-64.51,11.66,7.95
5575,22466,251563,99518139,2012-03-28,Low,31,5404.18000,0.07,Delivery Truck,241.06,180.98,30.00
5577,22466,1023942,99518139,2012-03-28,Low,40,430.19000,0.02,Regular Air,181.26,10.31,1.79
5914,10439,254988,38079848,2012-03-28,Not Specified,46,225.13000,0.01,Express Air,-205.75,4.48,7.24
6109,18464,489579,22558635,2012-03-28,High,41,80.54000,0.01,Regular Air,-18.72,1.89,0.76
6619,36512,453581,60748220,2012-03-28,Not Specified,3,71.49000,0.06,Regular Air,41.98,19.99,11.17
6839,34279,37176,78017605,2012-03-28,Not Specified,3,840.55200,0.10,Delivery Truck,7.55,349.45,60.00
7015,40611,59843,101777049,2012-03-28,Not Specified,12,66.83000,0.02,Express Air,-24.31,4.28,5.17
7538,18464,812196,22558635,2012-03-28,High,31,206.49000,0.05,Regular Air,80.07,6.45,1.34
2537,46787,479067,97850819,2012-03-29,Medium,32,693.17000,0.07,Regular Air,-59.83,22.99,8.99
3943,32642,677142,31290794,2012-03-29,Medium,50,1507.16000,0.02,Regular Air,724.14,28.48,1.99
4828,29831,475585,47505924,2012-03-29,Critical,29,2175.22000,0.00,Delivery Truck,-520.55,68.81,60.00
5504,15104,928702,96628821,2012-03-29,Medium,23,109.43000,0.09,Regular Air,21.77,4.82,1.49
7388,46787,1039422,97850819,2012-03-29,Medium,28,174.10000,0.10,Regular Air,-162.75,6.48,9.17
1871,37124,205200,8480164,2012-03-30,Low,33,21205.50000,0.10,Regular Air,241.30,699.99,24.49
2370,49351,456173,56549626,2012-03-30,Low,27,109.92000,0.06,Regular Air,24.75,3.98,0.83
4009,15782,690604,97449295,2012-03-30,High,35,2339.64000,0.10,Regular Air,-1916.71,71.37,69.00
4675,11173,192351,104853129,2012-03-30,Critical,37,221.66000,0.08,Regular Air,-95.17,5.98,3.85
5691,37895,294769,102118415,2012-03-30,Critical,14,304.65000,0.10,Regular Air,24.20,21.98,8.32
6495,55299,688400,28399266,2012-03-30,Low,20,22.28000,0.09,Regular Air,-2.66,1.14,0.70
7643,20964,781122,35637070,2012-03-30,Critical,11,629.58650,0.04,Regular Air,-120.09,65.99,8.99
435,50978,754090,99434135,2012-03-31,High,4,816.09000,0.05,Regular Air,-150.29,210.55,9.99
2526,33284,682156,91785983,2012-03-31,Low,21,480.39000,0.01,Regular Air,144.66,22.23,8.99
3832,40839,1048806,88328172,2012-03-31,Medium,23,2732.01000,0.04,Delivery Truck,-100.47,119.99,56.14
4411,28835,314204,39501159,2012-03-31,Not Specified,1,184.18000,0.08,Regular Air,-112.44,178.47,19.99
1316,47041,878329,40381618,2012-04-01,Not Specified,35,154.00000,0.08,Regular Air,-7.08,4.63,1.93
1321,18208,570526,35080446,2012-04-01,Not Specified,36,82.98000,0.08,Regular Air,-137.87,2.28,5.20
2447,21604,616694,39020168,2012-04-01,Medium,6,2478.88000,0.02,Express Air,593.59,387.99,19.99
5775,8546,219708,19748793,2012-04-01,High,4,51.94000,0.03,Express Air,-12.48,10.01,1.99
5980,18208,209997,35080446,2012-04-01,Not Specified,34,197.45000,0.06,Regular Air,65.44,5.68,1.39
6913,35045,747572,6400779,2012-04-02,Medium,44,565.01000,0.10,Regular Air,-10.33,13.48,4.51
2126,13633,834531,23795937,2012-04-03,Not Specified,18,2703.37000,0.09,Delivery Truck,-231.60,150.98,57.20
2128,13633,552086,23795937,2012-04-03,Not Specified,39,1538.17000,0.02,Regular Air,-1119.64,38.94,35.00
6283,33605,957535,20484349,2012-04-03,Critical,42,153.01000,0.04,Regular Air,-218.53,3.52,6.83
6783,57894,79748,52866664,2012-04-03,Low,47,13382.01000,0.09,Delivery Truck,2852.94,306.14,26.53
807,7458,851117,6745542,2012-04-04,Critical,9,337.34000,0.06,Regular Air,-69.84,39.48,1.99
1203,7458,463033,101440448,2012-04-04,Critical,16,226.81000,0.05,Regular Air,-5.37,14.45,7.17
3664,194,340286,100684577,2012-04-04,Medium,49,329.03000,0.10,Regular Air,-197.25,7.28,7.98
4176,7458,124828,101440448,2012-04-04,Critical,46,511.07000,0.01,Regular Air,-165.74,10.97,6.50
5396,194,701718,100684577,2012-04-04,Medium,6,20.19000,0.04,Regular Air,-13.44,3.14,1.92
5886,15142,1041463,39471769,2012-04-04,Not Specified,21,330.22000,0.07,Regular Air,-51.72,15.28,10.91
65,21856,399302,17033987,2012-04-05,Not Specified,47,168.55000,0.05,Regular Air,71.77,3.69,0.50
2069,17986,1036156,31028836,2012-04-05,Not Specified,43,87.31000,0.05,Regular Air,-15.09,2.08,1.49
3475,8005,749689,39591257,2012-04-05,Critical,24,790.63000,0.10,Regular Air,52.32,34.54,14.72
5264,21856,701718,17033987,2012-04-05,Not Specified,26,77.03000,0.08,Regular Air,-47.75,3.14,1.92
7667,28868,723460,65993654,2012-04-05,High,30,204.49000,0.05,Regular Air,-142.30,6.48,8.73
118,29411,234470,59062935,2012-04-06,High,33,542.24000,0.02,Regular Air,268.53,15.67,1.39
2670,39143,331372,93331830,2012-04-06,Not Specified,46,6730.07000,0.05,Delivery Truck,-1134.61,150.98,66.27
3568,29411,366386,59062935,2012-04-06,High,38,15174.95000,0.02,Delivery Truck,7251.92,400.97,48.26
3569,29411,909475,59062935,2012-04-06,High,29,67.87000,0.07,Regular Air,-112.54,2.22,5.00
5297,29411,191273,59062935,2012-04-06,High,45,1084.12000,0.04,Regular Air,294.43,23.99,6.30
4399,25793,871061,74510177,2012-04-07,Low,27,3436.77100,0.04,Regular Air,520.00,155.99,8.99
5146,45635,687259,73907286,2012-04-07,Low,50,2018.68000,0.10,Regular Air,731.72,43.98,1.99
5916,43364,470802,73798026,2012-04-07,High,21,524.20000,0.04,Regular Air,158.98,23.99,6.71
6437,4738,568048,15368315,2012-04-07,High,2,10.39000,0.02,Regular Air,-7.97,4.71,0.70
2638,21605,370731,94998229,2012-04-08,High,46,476.49000,0.10,Regular Air,-18.57,10.64,5.16
4241,21605,526018,94998229,2012-04-08,High,32,1932.97000,0.08,Delivery Truck,-514.94,60.98,30.00
7621,54370,690859,83021824,2012-04-08,Not Specified,49,4968.50000,0.00,Regular Air,1041.28,99.99,19.99
187,48293,547380,41989638,2012-04-09,Critical,47,370.60000,0.03,Regular Air,160.72,7.64,1.39
846,16193,259517,13698768,2012-04-09,Not Specified,29,1364.80250,0.07,Regular Air,-183.68,55.99,5.00
2387,15236,754038,88555704,2012-04-09,Not Specified,30,381.39000,0.01,Express Air,31.24,12.07,6.20
2391,53574,224170,47862852,2012-04-09,Medium,8,669.69000,0.03,Regular Air,-297.02,80.98,35.00
3205,36132,73324,64317679,2012-04-09,Low,3,604.57600,0.03,Delivery Truck,-572.69,236.97,59.24
3831,44386,677142,58951505,2012-04-09,Medium,43,1236.64000,0.01,Regular Air,518.81,28.48,1.99
3968,16193,398909,13698768,2012-04-09,Not Specified,8,300.20000,0.00,Regular Air,6.41,34.76,8.22
4022,15236,672241,88555704,2012-04-09,Not Specified,33,341.42000,0.06,Regular Air,71.50,10.91,2.99
4245,46566,139334,45162841,2012-04-09,Medium,49,1534.70000,0.07,Regular Air,258.25,31.11,3.60
5064,15687,884527,51465599,2012-04-09,Critical,48,3400.63000,0.08,Delivery Truck,-892.79,70.98,46.74
5559,44386,985540,58951505,2012-04-09,Medium,27,129.06000,0.10,Regular Air,-75.13,4.91,4.97
670,3205,640587,55790716,2012-04-10,Low,8,136.61000,0.01,Regular Air,80.43,15.68,3.73
992,13894,577469,49508194,2012-04-10,Medium,50,1540.28500,0.05,Regular Air,829.65,35.99,1.25
3858,3205,690604,55790716,2012-04-10,Low,42,2907.63000,0.04,Express Air,54.60,71.37,69.00
5776,13894,117213,49508194,2012-04-10,Medium,31,89.18000,0.04,Regular Air,21.73,2.94,0.81
7659,27939,165314,55788434,2012-04-10,Medium,8,60.17000,0.00,Regular Air,-18.24,6.68,5.66
2221,19044,56287,47872917,2012-04-11,Low,32,4800.44000,0.08,Regular Air,1912.92,150.98,13.99
2223,19044,278621,47872917,2012-04-11,Low,29,271.33000,0.07,Regular Air,-191.09,9.71,9.45
2446,59589,835973,39020168,2012-04-11,Medium,25,1610.26000,0.06,Regular Air,122.42,64.98,6.88
2460,56453,913152,67912275,2012-04-11,Critical,1,2728.65000,0.00,Delivery Truck,-5572.39,2550.14,29.70
5079,57767,64446,69473872,2012-04-11,Critical,34,3373.70950,0.01,Regular Air,861.72,110.99,8.99
5345,49062,112938,21909421,2012-04-11,Low,33,103.32000,0.00,Regular Air,-25.68,2.98,2.03
5566,48128,472903,104503994,2012-04-11,Medium,5,2600.44000,0.03,Express Air,-921.94,499.99,24.49
1161,45575,746721,19750832,2012-04-12,Critical,46,3849.17000,0.06,Regular Air,1982.78,83.98,5.01
1241,2052,234415,79773068,2012-04-12,High,23,107.93000,0.00,Regular Air,-68.14,4.13,5.34
1381,52225,680802,53648269,2012-04-12,Critical,10,131.09000,0.01,Regular Air,10.94,12.22,2.85
4092,56418,398909,18517094,2012-04-12,Critical,47,1613.84000,0.09,Regular Air,226.76,34.76,8.22
4552,18373,74067,26802505,2012-04-12,Critical,35,6608.24000,0.09,Regular Air,2164.64,207.48,0.99
7499,52225,385812,53648269,2012-04-12,Critical,33,1817.90000,0.06,Regular Air,700.31,54.96,10.75
498,52164,275481,43122374,2012-04-13,Not Specified,30,1824.84800,0.00,Regular Air,364.23,65.99,8.80
873,39876,491105,80369893,2012-04-13,High,41,5000.87000,0.04,Delivery Truck,-593.23,124.49,51.94
974,44422,394140,18074009,2012-04-13,Medium,11,201.59450,0.04,Regular Air,32.31,20.99,0.99
976,44422,681809,18074009,2012-04-13,Medium,1,15.72000,0.00,Regular Air,-6.10,10.89,4.50
1344,17702,428422,70563874,2012-04-13,High,9,264.63000,0.02,Express Air,-66.78,27.48,4.00
1746,8450,947046,56916595,2012-04-13,Not Specified,24,1307.00000,0.02,Regular Air,428.99,54.48,0.99
2346,39876,616694,80369893,2012-04-13,High,43,16269.82000,0.08,Regular Air,7050.33,387.99,19.99
2397,44422,820841,18074009,2012-04-13,Medium,36,313.83000,0.08,Regular Air,56.78,8.69,2.99
2966,24066,331372,19029328,2012-04-13,High,30,4278.61000,0.07,Delivery Truck,-955.56,150.98,66.27
3558,51202,1036331,56764115,2012-04-13,High,4,30.89000,0.06,Regular Air,-19.55,5.78,7.64
5076,17702,669077,58986820,2012-04-13,High,48,368.99000,0.09,Regular Air,-305.91,7.77,9.23
5725,39876,269814,80369893,2012-04-13,High,46,876.59000,0.05,Regular Air,233.60,18.99,5.23
6335,8450,357719,56916595,2012-04-13,Not Specified,22,41.39000,0.09,Regular Air,-12.02,1.88,1.49
6960,51202,1031199,56764115,2012-04-13,High,34,170.46000,0.10,Regular Air,-104.35,5.28,5.66
297,8609,528379,60636010,2012-04-14,Critical,4,72.00350,0.04,Regular Air,-108.08,20.99,2.50
683,52007,607679,25873692,2012-04-14,Medium,25,68.54000,0.10,Regular Air,22.20,2.88,0.50
2228,52007,826113,25873692,2012-04-14,Medium,19,10351.01000,0.08,Delivery Truck,-1331.55,550.98,45.70
3284,59905,821950,50645676,2012-04-14,High,5,26.50000,0.01,Express Air,2.61,4.26,1.20
3871,43043,229792,50857062,2012-04-14,Critical,4,904.12000,0.07,Regular Air,28.81,225.04,11.79
3982,38310,695417,64790573,2012-04-14,High,4,62.45000,0.08,Regular Air,-141.76,3.48,49.00
4824,59905,93844,50645676,2012-04-14,High,19,159.24000,0.09,Regular Air,8.30,8.50,1.99
4825,59905,48396,50645676,2012-04-14,High,6,48.77000,0.00,Regular Air,5.95,7.40,1.71
7004,56161,88473,21909421,2012-04-14,High,38,1504.22000,0.02,Express Air,118.97,39.99,10.25
845,44071,892166,13698768,2012-04-15,Not Specified,20,1163.12300,0.00,Regular Air,83.84,65.99,8.99
2327,44071,731946,13698768,2012-04-15,Not Specified,19,110.67000,0.08,Regular Air,-43.75,5.99,4.92
2821,54183,152427,97070934,2012-04-15,Critical,9,113.89000,0.02,Regular Air,-52.25,11.66,8.99
3454,1344,195341,59879672,2012-04-15,Low,15,834.90400,0.06,Regular Air,-11.68,65.99,5.26
4124,28871,125017,49488637,2012-04-15,High,10,55.02000,0.08,Regular Air,-56.12,5.02,5.14
4926,1344,871061,59879672,2012-04-15,Low,18,2480.92050,0.01,Regular Air,313.58,155.99,8.99
4997,1826,388781,17886187,2012-04-15,Not Specified,5,28.32000,0.09,Regular Air,-14.35,4.98,4.75
6614,20615,829409,10166893,2012-04-15,Medium,29,151.09000,0.02,Express Air,4.59,4.76,3.01
1426,50982,816179,89681717,2012-04-16,High,23,86.53000,0.05,Regular Air,35.62,3.75,0.50
2477,5028,243623,53790877,2012-04-16,High,10,79.68000,0.06,Regular Air,18.24,7.70,3.68
7735,21638,538069,15643761,2012-04-16,High,13,418.93000,0.03,Regular Air,82.25,30.98,8.74
415,22688,397917,75226845,2012-04-17,Medium,40,2044.27550,0.10,Regular Air,334.53,65.99,5.63
923,21253,695818,97449295,2012-04-17,Medium,5,455.08000,0.04,Regular Air,27.80,83.93,19.99
1932,25895,559987,20071951,2012-04-17,Medium,37,709.91000,0.09,Regular Air,-93.43,19.35,12.79
2885,48742,114229,93660979,2012-04-17,Not Specified,42,825.63000,0.03,Regular Air,379.74,18.94,1.49
4622,24098,871061,34136970,2012-04-17,Critical,32,4158.07250,0.02,Regular Air,836.15,155.99,8.99
6380,24098,334736,34136970,2012-04-17,Critical,10,80.59000,0.05,Regular Air,-20.49,7.64,5.83
6381,24098,928702,34136970,2012-04-17,Critical,42,199.58000,0.05,Regular Air,46.31,4.82,1.49
1165,1221,182998,91785983,2012-04-18,Not Specified,1,14.68000,0.06,Regular Air,-13.78,8.60,6.19
2337,35040,328938,65797980,2012-04-18,Not Specified,44,486.63000,0.03,Regular Air,-146.37,10.90,7.46
2527,1221,507331,91785983,2012-04-18,Not Specified,11,10145.14000,0.03,Regular Air,3724.57,896.99,19.99
4086,45476,919940,24098604,2012-04-18,Critical,48,1055.98000,0.07,Regular Air,204.58,21.78,5.94
5667,32386,388220,31343539,2012-04-18,Critical,1,1996.16000,0.00,Regular Air,-3974.46,1938.02,13.99
5885,1221,272408,91785983,2012-04-18,Not Specified,16,68.45000,0.08,Regular Air,-57.88,4.24,5.41
7049,832,940944,33888882,2012-04-18,Low,7,53.46000,0.02,Regular Air,-17.58,6.48,5.90
5000,45315,398909,23558649,2012-04-20,Medium,32,1141.90000,0.02,Regular Air,175.32,34.76,8.22
1743,5986,16735,63896343,2012-04-21,High,48,5556.18000,0.08,Regular Air,1638.48,120.98,3.99
2931,5986,629210,63896343,2012-04-21,High,20,1021.55000,0.05,Delivery Truck,64.81,50.98,14.19
4573,5986,391118,63896343,2012-04-21,High,41,205.24000,0.03,Regular Air,-148.77,4.89,4.93
5829,5095,746290,25602747,2012-04-21,High,7,786.67500,0.01,Regular Air,-315.03,125.99,8.80
3204,57638,899480,65383349,2012-04-22,Low,35,5740.62400,0.09,Delivery Truck,-526.48,217.85,29.10
3387,39300,392324,19473719,2012-04-22,High,9,44.51000,0.01,Regular Air,-43.48,4.06,6.89
4813,57638,134191,29648423,2012-04-22,Low,49,100.08000,0.08,Regular Air,-85.58,2.08,2.56
5170,35104,875716,72667470,2012-04-22,High,1,36.31000,0.04,Regular Air,-74.45,29.99,5.50
5171,35104,884115,72667470,2012-04-22,High,18,388.15000,0.00,Regular Air,-44.21,19.94,14.87
6539,57638,465557,29648423,2012-04-22,Low,49,570.43000,0.07,Regular Air,78.89,11.48,5.43
8023,59395,433913,92609221,2012-04-22,Critical,20,963.30000,0.06,Express Air,367.12,48.04,7.23
721,51872,990658,64626802,2012-04-23,Medium,11,812.49800,0.00,Express Air,128.95,85.99,1.25
1806,45698,466225,28227347,2012-04-23,High,36,263.37000,0.04,Regular Air,-5.68,7.28,4.23
4626,45698,1006802,28227347,2012-04-23,High,40,6559.01000,0.10,Regular Air,2307.57,172.99,19.99
5625,51872,752212,64626802,2012-04-23,Medium,10,2193.93000,0.09,Regular Air,41.83,238.40,24.49
5626,51872,101065,64626802,2012-04-23,Medium,37,4657.65150,0.06,Regular Air,1242.85,155.99,3.90
6755,22183,575546,106662918,2012-04-23,Medium,30,177.22000,0.06,Regular Air,68.96,5.84,1.00
581,12931,460438,43644616,2012-04-24,Medium,11,653.92000,0.02,Regular Air,52.89,59.76,9.71
740,25478,500802,4569162,2012-04-24,Critical,47,4725.09050,0.01,Regular Air,1578.70,115.99,2.50
3294,8033,392324,64312175,2012-04-24,High,27,118.18000,0.06,Regular Air,-133.62,4.06,6.89
5222,46368,695980,25882629,2012-04-24,High,48,166.13000,0.00,Regular Air,-119.16,3.28,3.97
5637,25478,175764,4569162,2012-04-24,Critical,50,286.76000,0.09,Regular Air,77.20,6.08,1.82
6135,23172,852337,95652866,2012-04-24,Low,13,1191.73000,0.07,Regular Air,147.60,96.45,13.99
7340,4805,620362,35678860,2012-04-24,Not Specified,7,55.38000,0.02,Regular Air,-25.95,6.48,7.37
291,3845,709485,19890992,2012-04-25,Critical,22,475.72000,0.02,Regular Air,-10.40,19.98,10.49
577,21573,944147,40571381,2012-04-25,Critical,31,96.23000,0.05,Regular Air,24.05,3.08,0.99
1349,52999,704553,18174109,2012-04-25,Not Specified,39,343.05000,0.05,Regular Air,98.86,9.11,2.15
1525,29861,358060,63590330,2012-04-25,Critical,11,35.17000,0.03,Regular Air,5.58,3.08,0.99
2002,3845,68351,19890992,2012-04-25,Critical,15,123.91000,0.09,Regular Air,39.04,8.34,0.96
2174,21573,908791,40571381,2012-04-25,Critical,7,70.08000,0.00,Regular Air,8.02,9.48,3.72
3644,3845,689598,19890992,2012-04-25,Critical,9,3064.27000,0.09,Regular Air,294.39,363.25,19.99
4216,1217,677142,70050666,2012-04-25,Not Specified,25,662.16000,0.07,Regular Air,185.21,28.48,1.99
4265,52999,725611,18174109,2012-04-25,Not Specified,5,43.61000,0.04,Express Air,22.85,7.59,4.00
5915,16711,688400,34287086,2012-04-25,Not Specified,3,3.96000,0.10,Regular Air,-1.72,1.14,0.70
7476,52999,971876,18174109,2012-04-25,Not Specified,7,44.63000,0.10,Regular Air,-21.19,5.78,5.67
47,42246,293693,79674261,2012-04-26,Not Specified,5,25.31000,0.05,Regular Air,-0.50,4.84,0.71
3337,48673,887573,55544129,2012-04-26,Not Specified,36,570.14000,0.03,Regular Air,-90.72,15.31,8.78
3526,42246,785102,79674261,2012-04-26,Not Specified,40,3060.37000,0.07,Regular Air,234.03,77.51,4.00
5467,30310,746290,46998039,2012-04-26,Medium,21,2024.02850,0.10,Regular Air,4.90,125.99,8.80
77,33159,394140,2717381,2012-04-27,Medium,3,56.69500,0.01,Regular Air,-70.97,20.99,0.99
728,33378,459677,79221218,2012-04-27,High,25,945.36000,0.10,Regular Air,219.85,39.98,9.83
3523,26912,391953,78224739,2012-04-27,Low,18,3136.20250,0.07,Regular Air,439.78,205.99,5.26
3844,26912,705599,45914050,2012-04-27,Low,21,1090.11000,0.08,Regular Air,55.87,53.98,5.50
4634,46337,828731,100787002,2012-04-27,Low,34,61.45000,0.06,Regular Air,0.62,1.76,0.70
4741,33670,330665,65592088,2012-04-27,High,50,207.54000,0.03,Regular Air,24.21,4.13,1.23
4742,33670,92451,65592088,2012-04-27,High,4,17.33000,0.06,Regular Air,-16.58,3.28,5.00
6727,38498,798361,7602649,2012-04-27,Critical,1,43.90000,0.02,Regular Air,-15.03,37.44,4.27
7238,15329,247078,97344739,2012-04-27,High,34,1014.87000,0.04,Express Air,319.52,29.89,1.99
7767,13892,247078,83738891,2012-04-27,High,47,1446.97000,0.00,Regular Air,531.47,29.89,1.99
7934,38498,958232,7602649,2012-04-27,Critical,30,3295.15000,0.07,Regular Air,1070.18,115.79,1.99
1238,5767,341229,105982998,2012-04-28,High,36,163.54000,0.03,Express Air,-95.06,4.13,5.04
4417,22497,499951,31307134,2012-04-28,Medium,37,3259.25000,0.04,Delivery Truck,580.33,90.97,28.00
4884,21860,725611,32369615,2012-04-28,Critical,9,73.70000,0.06,Express Air,1.42,7.59,4.00
7808,26982,175765,31645785,2012-04-28,Not Specified,37,1984.61000,0.05,Express Air,585.03,55.48,14.30
48,2691,329429,79674261,2012-04-29,Low,14,3363.14000,0.10,Delivery Truck,98.75,260.98,41.91
546,34086,796442,93726727,2012-04-29,High,41,2251.91350,0.04,Regular Air,655.91,65.99,2.50
875,36103,196162,66982166,2012-04-29,Critical,45,1335.31600,0.03,Regular Air,701.66,35.99,0.99
1146,24643,990658,83349693,2012-04-29,Medium,30,2368.16800,0.00,Regular Air,1181.30,85.99,1.25
2673,28742,136430,17241550,2012-04-29,Low,7,2171.46400,0.04,Delivery Truck,-209.56,376.13,85.63
3893,52519,813730,77243589,2012-04-29,High,6,120.38000,0.09,Regular Air,-29.77,20.48,6.32
3988,36103,1005483,66982166,2012-04-29,Critical,10,55.82000,0.01,Regular Air,-28.85,4.82,5.72
3991,38279,725611,90386354,2012-04-29,Medium,1,11.64000,0.05,Regular Air,-10.73,7.59,4.00
6024,28742,203328,17241550,2012-04-29,Low,35,587.92000,0.09,Regular Air,-7.92,16.91,6.25
3891,644,318701,77243589,2012-04-30,Critical,5,1679.58000,0.01,Delivery Truck,-171.92,320.98,58.95
6029,134,1064589,32605811,2012-04-30,Not Specified,11,1132.60000,0.01,Regular Air,-310.21,95.99,35.00
5074,21410,487927,16132386,2012-05-01,Critical,16,2101.59000,0.01,Express Air,554.91,123.38,24.49
6016,9952,242881,34751059,2012-05-01,High,47,7890.89000,0.01,Express Air,-771.09,167.27,35.00
513,54339,781795,23795937,2012-05-02,Low,41,2209.51550,0.06,Regular Air,458.62,65.99,5.31
514,54339,299230,23795937,2012-05-02,Low,48,3005.74000,0.02,Express Air,1053.21,59.98,3.99
1953,57093,221926,81843446,2012-05-02,Low,47,744.64000,0.00,Regular Air,31.93,15.42,5.41
3184,3524,1003701,38554560,2012-05-02,High,21,427.32000,0.00,Regular Air,52.35,18.97,9.03
6591,40131,999980,55332006,2012-05-02,Low,24,222.43000,0.06,Regular Air,-119.31,9.06,9.86
6997,57093,500519,81843446,2012-05-02,Low,3,18.97000,0.05,Regular Air,-7.79,5.34,2.99
168,55749,789601,50179492,2012-05-03,Critical,42,364.80000,0.01,Regular Air,149.45,8.74,1.39
2077,51267,160678,94892175,2012-05-03,Low,46,4394.78000,0.08,Delivery Truck,-335.77,100.98,35.84
3089,30375,821997,5091209,2012-05-03,Low,20,71.45000,0.03,Regular Air,-92.95,3.36,6.27
5541,18917,914855,5044115,2012-05-03,Critical,14,28.82000,0.08,Regular Air,-8.36,2.08,1.49
5801,7488,853927,40482968,2012-05-03,Critical,9,26.09000,0.08,Regular Air,-1.76,2.84,0.93
6148,22951,977308,10356602,2012-05-03,Medium,24,1304.02750,0.10,Regular Air,34.36,65.99,8.99
627,10470,344239,88328172,2012-05-04,Low,20,2913.14550,0.09,Regular Air,333.72,175.99,4.99
628,10470,772510,88328172,2012-05-04,Low,40,1757.43000,0.02,Express Air,490.77,44.01,3.50
1584,39652,643923,58178202,2012-05-04,Low,5,14.61000,0.03,Regular Air,1.17,2.88,0.50
2136,10470,431822,51054401,2012-05-04,Critical,35,246.98000,0.10,Regular Air,-94.78,7.38,5.21
2199,10470,166184,88328172,2012-05-04,Low,8,137.26000,0.03,Regular Air,-54.61,15.99,13.18
3183,8833,224170,38554560,2012-05-04,Low,40,3338.98000,0.00,Regular Air,-846.73,80.98,35.00
5287,49380,388220,96327900,2012-05-04,Medium,11,22145.37000,0.02,Regular Air,6138.48,1938.02,13.99
6195,39652,538394,58178202,2012-05-04,Low,4,665.76250,0.03,Regular Air,-773.34,195.99,8.99
1810,53477,682640,53726389,2012-05-05,High,32,3114.05000,0.01,Delivery Truck,-1207.18,95.95,74.35
2944,48197,593564,14871276,2012-05-05,Not Specified,32,1282.49000,0.07,Regular Air,154.74,40.97,14.45
2995,53477,711463,53726389,2012-05-05,High,28,4479.16000,0.07,Regular Air,610.90,161.55,19.99
4632,53477,279374,53726389,2012-05-05,High,27,8161.93000,0.06,Delivery Truck,1261.44,300.98,64.73
6394,53477,455222,53726389,2012-05-05,High,36,1314.65000,0.06,Regular Air,536.87,37.94,5.08
7427,2023,761140,87106625,2012-05-05,Low,50,246.57000,0.06,Regular Air,-132.51,4.98,5.49
7920,16257,73356,93732944,2012-05-05,Not Specified,16,102.73000,0.03,Regular Air,16.33,5.98,2.50
119,21796,234470,40615970,2012-05-06,Low,41,607.13000,0.10,Regular Air,274.66,15.67,1.39
120,21796,518917,40615970,2012-05-06,Low,2,40.82550,0.01,Regular Air,-99.98,20.99,4.81
1836,8679,704553,2907098,2012-05-06,Medium,46,446.06000,0.01,Regular Air,161.32,9.11,2.15
2349,6785,980324,66982166,2012-05-06,Medium,7,181.32000,0.03,Regular Air,80.32,25.38,8.99
3088,27265,743841,5091209,2012-05-06,Critical,49,14981.74000,0.02,Regular Air,-1791.50,299.99,11.64
3090,27265,68351,5091209,2012-05-06,Critical,49,401.39000,0.03,Express Air,161.95,8.34,0.96
3585,22272,118378,90514203,2012-05-06,High,30,1035.95000,0.08,Regular Air,342.41,35.41,1.99
4714,27265,685823,5091209,2012-05-06,Critical,36,5587.20000,0.05,Express Air,2254.16,162.93,19.99
5299,21796,688400,40615970,2012-05-06,Low,31,34.22000,0.07,Regular Air,-3.19,1.14,0.70
6966,21796,690859,40615970,2012-05-06,Low,46,4744.64000,0.04,Regular Air,1033.38,99.99,19.99
400,46977,250333,48698759,2012-05-07,Medium,19,2980.37200,0.02,Regular Air,494.63,175.99,8.99
1127,58435,877669,39400605,2012-05-07,Low,11,273.44000,0.01,Regular Air,-35.62,22.38,15.10
2628,130,56287,35080446,2012-05-07,High,3,461.89000,0.05,Express Air,-309.82,150.98,13.99
2629,130,1003701,35080446,2012-05-07,High,29,575.11000,0.02,Regular Air,71.75,18.97,9.03
2631,130,278621,35080446,2012-05-07,High,23,236.46000,0.05,Regular Air,-134.31,9.71,9.45
4567,30784,77414,63476354,2012-05-07,Medium,10,707.30000,0.06,Delivery Truck,-127.94,70.98,26.74
5437,46977,928702,48698759,2012-05-07,Medium,10,50.42000,0.06,Regular Air,7.25,4.82,1.49
6207,17862,672413,55920460,2012-05-07,Not Specified,31,67.88000,0.08,Express Air,4.87,2.10,0.70
6325,30784,523179,63476354,2012-05-07,Medium,48,335.64000,0.02,Regular Air,80.13,6.70,1.56
402,52673,250333,50111887,2012-05-08,Medium,14,2045.06600,0.07,Regular Air,-4.68,175.99,8.99
3692,38437,611039,48760545,2012-05-08,Critical,17,55.66000,0.08,Regular Air,-21.40,3.28,2.31
7072,52673,352478,50111887,2012-05-08,Medium,4,26.41000,0.05,Regular Air,-16.53,5.18,5.74
7826,21510,937092,41191887,2012-05-08,High,16,372.09000,0.04,Express Air,98.28,22.24,1.99
299,13282,428893,60636010,2012-05-09,Low,2,12.59000,0.02,Regular Air,-5.92,6.30,0.50
1049,25348,209111,12932634,2012-05-09,Critical,7,309.22150,0.09,Regular Air,-68.30,55.99,1.25
2006,13282,661762,60636010,2012-05-09,Low,22,763.85000,0.09,Regular Air,-126.60,34.98,7.53
2437,25348,499554,12932634,2012-05-09,Critical,6,343.36000,0.08,Regular Air,-41.27,56.96,13.22
4794,57058,545772,25961578,2012-05-09,Medium,27,979.06000,0.07,Regular Air,-131.90,35.77,9.02
7798,57058,655557,25961578,2012-05-09,Medium,28,205.43000,0.00,Express Air,-24.30,6.54,5.27
561,5121,335550,20566789,2012-05-10,Not Specified,45,1991.70300,0.07,Regular Air,559.11,55.99,1.25
856,43493,259517,10406639,2012-05-10,High,37,1699.98300,0.10,Regular Air,-202.86,55.99,5.00
2333,43493,430772,10406639,2012-05-10,High,22,152.52000,0.03,Regular Air,-43.87,6.48,5.94
3436,7106,285813,96589436,2012-05-10,Low,36,1058.45000,0.01,Regular Air,-386.02,27.75,19.99
3437,7106,962312,96589436,2012-05-10,Low,8,118.98000,0.05,Regular Air,-12.77,14.27,7.27
4893,26756,630917,57930738,2012-05-10,Medium,25,767.26000,0.07,Regular Air,-29.56,30.97,4.00
4917,7106,381438,96589436,2012-05-10,Low,31,4910.09000,0.01,Regular Air,1669.38,159.99,5.50
5712,43493,766319,10406639,2012-05-10,High,14,71.60000,0.05,Regular Air,-30.65,4.98,4.70
7856,26756,307544,57930738,2012-05-10,Medium,40,253.89000,0.09,Regular Air,-103.77,6.48,6.22
7857,26756,620362,57930738,2012-05-10,Medium,20,127.90000,0.07,Regular Air,-80.41,6.48,7.37
75,31393,114426,2717381,2012-05-11,Critical,31,110.32000,0.09,Regular Air,-32.65,3.68,1.32
135,15524,559119,96145776,2012-05-11,Medium,27,156.82000,0.03,Regular Air,-37.62,5.68,3.60
3128,14851,125839,54281706,2012-05-11,Not Specified,6,3378.18000,0.08,Regular Air,-1352.68,599.99,24.49
3544,31393,884115,2717381,2012-05-11,Critical,4,97.57000,0.04,Regular Air,-27.31,19.94,14.87
6471,14851,623868,54281706,2012-05-11,Not Specified,26,1443.26600,0.08,Regular Air,156.11,65.99,8.99
7160,16454,523991,58951505,2012-05-11,Medium,12,94.39000,0.04,Regular Air,-29.49,7.10,6.05
146,53024,367450,91811409,2012-05-12,Not Specified,46,2255.19450,0.03,Regular Air,74.51,55.99,5.00
886,50403,30902,27586976,2012-05-12,Not Specified,22,142.88000,0.08,Regular Air,35.37,6.98,1.60
1427,56672,401585,89681717,2012-05-12,High,8,593.64000,0.02,Delivery Truck,65.25,85.29,60.00
1913,53024,643318,91811409,2012-05-12,Not Specified,9,187.13000,0.09,Regular Air,12.40,20.28,14.39
1968,30886,226162,73966703,2012-05-12,Low,28,5320.57000,0.02,Regular Air,534.29,193.17,19.99
2697,56672,686278,89681717,2012-05-12,High,34,1132.32000,0.10,Regular Air,77.45,36.55,13.89
3322,10688,760319,35264587,2012-05-12,Medium,14,618.84000,0.05,Regular Air,-200.84,41.47,34.20
3481,25733,642280,81882214,2012-05-12,Low,24,557.23000,0.09,Regular Air,-42.99,24.92,12.98
6060,56672,977308,89681717,2012-05-12,High,45,2438.36950,0.10,Regular Air,317.20,65.99,8.99
6813,4069,430465,96048266,2012-05-12,Medium,30,78.46000,0.05,Regular Air,18.57,2.62,0.80
7539,52932,160229,65028410,2012-05-12,Low,3,26.23000,0.00,Regular Air,-13.72,6.48,6.60
7952,50403,523991,37469927,2012-05-12,Not Specified,38,264.92000,0.05,Regular Air,-97.06,7.10,6.05
7966,4069,742897,96048266,2012-05-12,Medium,8,54.43000,0.08,Regular Air,-31.63,6.48,6.74
169,11011,789601,61616872,2012-05-13,High,36,305.62000,0.10,Regular Air,-129.86,8.74,8.29
847,17698,892166,3722643,2012-05-13,High,22,1118.25150,0.10,Regular Air,-59.59,65.99,8.99
1000,8130,341229,12841867,2012-05-13,Critical,15,66.33000,0.03,Regular Air,-47.23,4.13,5.04
1210,17698,772510,55158361,2012-05-13,High,43,1883.82000,0.08,Regular Air,528.77,44.01,3.50
1474,11011,861428,5768603,2012-05-13,High,33,8305.19000,0.04,Delivery Truck,1383.32,240.98,60.20
3492,15399,622193,71428407,2012-05-13,Critical,7,2202.45000,0.01,Delivery Truck,-51.28,284.98,69.55
4190,47014,870163,49950601,2012-05-13,Critical,33,803.11000,0.08,Delivery Truck,-237.13,25.98,14.36
4264,58853,674050,18174109,2012-05-13,Critical,27,5307.50000,0.09,Delivery Truck,1116.67,200.98,23.76
5702,17698,1041463,3722643,2012-05-13,High,40,609.40000,0.04,Regular Air,-89.23,15.28,10.91
5838,36644,287133,67912275,2012-05-13,High,24,2298.32000,0.06,Regular Air,218.72,99.99,19.99
5907,11011,459865,39390141,2012-05-13,High,36,251.05000,0.10,Regular Air,118.79,7.31,0.49
6902,15399,784832,43111170,2012-05-13,Critical,46,2514.51250,0.04,Express Air,601.65,65.99,4.99
7909,15399,412186,51465599,2012-05-13,Critical,38,3988.08950,0.02,Regular Air,969.86,125.99,4.20
3095,16359,858401,39250329,2012-05-14,Critical,8,35.28000,0.00,Regular Air,-39.07,3.34,7.49
4718,16359,996963,39250329,2012-05-14,Critical,39,1343.60000,0.06,Regular Air,137.86,35.89,14.72
7058,39365,247078,48760545,2012-05-14,High,32,931.08000,0.10,Express Air,269.60,29.89,1.99
3319,58145,265590,69737688,2012-05-16,Medium,33,203.49000,0.00,Express Air,46.21,5.84,1.20
3824,16039,687259,50378986,2012-05-16,High,3,121.12000,0.10,Regular Air,-118.82,43.98,1.99
1077,53667,332331,4502342,2012-05-17,Medium,16,481.04900,0.09,Regular Air,46.51,35.99,1.10
1531,57602,622603,62992734,2012-05-17,Low,43,130.36000,0.02,Regular Air,58.52,2.88,0.50
2456,53667,821997,4502342,2012-05-17,Medium,33,112.36000,0.08,Regular Air,-159.74,3.36,6.27
4439,13572,125017,13638622,2012-05-17,Critical,7,40.11000,0.07,Regular Air,-43.71,5.02,5.14
6735,39168,410393,87335700,2012-05-17,High,50,1027.66000,0.00,Regular Air,184.07,19.98,8.68
6736,39168,325508,87335700,2012-05-17,High,30,301.38000,0.06,Regular Air,5.08,10.48,2.89
6759,59425,455222,99554235,2012-05-17,Medium,46,1714.02000,0.04,Regular Air,741.27,37.94,5.08
7601,53120,1010521,84641727,2012-05-17,Not Specified,5,22.75000,0.09,Regular Air,-0.45,4.76,0.88
7937,39168,604095,87335700,2012-05-17,High,22,809.91000,0.07,Regular Air,321.67,37.70,2.99
1988,1701,593564,100099945,2012-05-18,High,1,56.61000,0.02,Regular Air,-22.16,40.97,14.45
3629,1701,728530,100099945,2012-05-18,High,49,2047.58000,0.01,Regular Air,902.62,40.98,1.99
4603,9312,870163,81950874,2012-05-18,Not Specified,43,1160.55000,0.05,Delivery Truck,-179.17,25.98,14.36
5616,54181,738097,73939563,2012-05-18,High,12,2608.79000,0.03,Delivery Truck,67.36,213.45,14.70
7311,17447,473902,46667676,2012-05-18,Low,42,861.41000,0.01,Regular Air,128.00,18.97,9.54
1589,20642,480920,53537502,2012-05-19,High,32,135.20000,0.02,Regular Air,59.40,4.13,0.50
5600,23681,1064589,57944229,2012-05-19,High,42,4182.52000,0.00,Express Air,-785.36,95.99,35.00
5794,20642,945963,59694432,2012-05-19,High,47,1078.98000,0.02,Delivery Truck,-1637.52,20.98,45.00
2063,7841,1016325,12671287,2012-05-20,Not Specified,17,178.14000,0.01,Regular Air,56.30,10.06,2.06
2065,7841,91652,12671287,2012-05-20,Not Specified,21,1002.77000,0.07,Regular Air,295.60,49.34,10.25
2202,37350,479067,86967557,2012-05-20,Critical,7,163.14000,0.07,Regular Air,-37.50,22.99,8.99
2594,22563,243623,64392832,2012-05-20,Critical,32,251.51000,0.06,Regular Air,-9.78,7.70,3.68
3193,49029,784982,43761129,2012-05-20,High,49,8223.07000,0.06,Express Air,2549.40,195.99,3.99
4455,38817,401561,58178202,2012-05-20,Not Specified,1,9.70000,0.02,Regular Air,-18.03,4.98,4.62
7235,14497,552704,74780468,2012-05-20,Medium,34,214.03000,0.02,Regular Air,-138.92,5.78,7.96
91,18466,939925,16666221,2012-05-21,Low,25,270.16000,0.09,Regular Air,16.92,11.09,5.25
339,17701,577552,79337791,2012-05-21,Critical,21,80.45000,0.09,Regular Air,-60.96,3.74,4.69
1507,30343,188015,58580475,2012-05-21,Critical,28,130.28000,0.08,Regular Air,56.97,4.91,0.50
1885,18466,492210,16666221,2012-05-21,Low,24,2694.01000,0.08,Express Air,994.31,120.97,7.11
2752,30343,719525,58580475,2012-05-21,Critical,48,1556.42000,0.00,Regular Air,-60.98,30.42,8.65
4430,52290,1006802,23905406,2012-05-21,Low,7,1134.05000,0.08,Regular Air,149.50,172.99,19.99
6174,52290,784832,23905406,2012-05-21,Low,28,1470.04950,0.10,Regular Air,185.94,65.99,4.99
6384,37634,217562,19477891,2012-05-21,Medium,32,368.18000,0.07,Regular Air,-36.78,12.21,4.81
6810,30343,147664,67304326,2012-05-21,Critical,8,41343.21000,0.09,Regular Air,3852.19,6783.02,24.49
1317,18757,30902,35713813,2012-05-22,Low,43,319.96000,0.01,Express Air,123.15,6.98,1.60
1654,18757,877669,47941506,2012-05-22,Low,9,222.20000,0.03,Regular Air,-40.25,22.38,15.10
1724,28294,154089,83023492,2012-05-22,High,47,63.47000,0.00,Regular Air,-19.92,1.26,0.70
5270,32608,181963,63582475,2012-05-22,High,20,1361.91000,0.05,Regular Air,312.52,70.97,3.50
6025,38182,462054,14961350,2012-05-22,High,45,2848.83000,0.07,Regular Air,-1182.87,64.65,35.00
6247,18757,72789,47941506,2012-05-22,Low,5,39.90000,0.02,Regular Air,-37.80,5.94,9.92
1288,13670,481924,65628978,2012-05-23,Critical,27,116.37000,0.04,Express Air,57.63,3.69,0.50
2417,25447,105932,65395856,2012-05-23,Not Specified,25,536.21000,0.09,Regular Air,106.98,22.72,8.99
4054,25447,839366,65395856,2012-05-23,Not Specified,18,4428.56000,0.03,Delivery Truck,213.62,296.18,54.12
4248,32100,728530,18173108,2012-05-23,Medium,29,1104.28000,0.08,Regular Air,359.75,40.98,1.99
7666,43523,333937,65993654,2012-05-23,Medium,50,295.37000,0.04,Regular Air,-97.23,5.98,5.46
1499,35842,147972,16972966,2012-05-24,High,18,53.79000,0.03,Regular Air,11.55,2.88,0.99
2862,53285,351447,81815032,2012-05-24,Critical,6,1042.96000,0.04,Regular Air,163.80,165.98,19.99
6460,6693,430465,91774159,2012-05-24,Critical,16,40.85000,0.09,Regular Air,6.46,2.62,0.80
607,17543,924094,7345328,2012-05-25,Critical,26,4300.62600,0.06,Regular Air,685.21,200.99,8.08
1326,36929,352439,64147312,2012-05-25,Low,45,3638.27000,0.04,Regular Air,1123.79,80.98,4.50
1452,12804,947521,4035756,2012-05-25,Medium,50,84.01000,0.08,Regular Air,-4.17,1.81,0.75
1453,12804,364652,4035756,2012-05-25,Medium,21,69.06000,0.00,Regular Air,28.47,3.08,0.50
2634,36929,775181,64147312,2012-05-25,Low,37,1326.69000,0.00,Regular Air,185.37,33.29,8.74
3202,20451,826113,50446311,2012-05-25,Critical,17,9150.09000,0.10,Delivery Truck,-1331.55,550.98,45.70
4340,12804,41129,4035756,2012-05-25,Medium,34,592.92000,0.02,Express Air,-44.92,16.06,8.34
6506,20451,836171,50446311,2012-05-25,Critical,6,53.72000,0.10,Regular Air,2.82,8.95,2.01
6507,20451,525375,50446311,2012-05-25,Critical,33,1809.21000,0.04,Regular Air,454.49,55.29,5.08
7150,17543,265285,7345328,2012-05-25,Critical,1,15.73000,0.09,Regular Air,-9.17,6.48,9.54
7151,17543,1021964,7345328,2012-05-25,Critical,35,1041.74000,0.10,Regular Air,-51.74,30.98,17.08
157,11269,175474,97428330,2012-05-26,Low,49,233.28000,0.04,Regular Air,112.35,4.91,0.50
1922,11269,285813,97428330,2012-05-26,Low,1,47.01000,0.09,Regular Air,-19.32,27.75,19.99
2278,55460,15497,79423257,2012-05-26,High,49,1944.87000,0.06,Regular Air,496.43,41.71,4.50
3296,59015,68351,88337390,2012-05-26,Medium,32,278.19000,0.02,Regular Air,149.39,8.34,0.96
3411,26336,417265,10166893,2012-05-26,High,45,2752.68000,0.04,Regular Air,430.32,62.18,12.78
3586,11269,930353,97428330,2012-05-26,Low,39,2083.05250,0.09,Express Air,354.96,65.99,5.99
4107,44768,476021,61503030,2012-05-26,Not Specified,45,16699.56000,0.02,Delivery Truck,3083.98,355.98,58.92
4832,59015,93844,88337390,2012-05-26,Medium,32,254.46000,0.09,Regular Air,23.50,8.50,1.99
6613,26336,760927,10166893,2012-05-26,High,39,1516.82000,0.10,Regular Air,-83.28,40.98,6.50
7221,55460,500519,79423257,2012-05-26,High,12,61.82000,0.10,Regular Air,-10.45,5.34,2.99
7819,59015,905789,88337390,2012-05-26,Medium,32,1662.33000,0.02,Regular Air,783.84,48.91,5.81
271,3650,540260,72489079,2012-05-27,Not Specified,36,139.95000,0.04,Express Air,-128.59,3.58,5.47
1609,40933,421568,100729818,2012-05-27,High,37,95.43000,0.06,Regular Air,-103.96,2.52,4.28
3633,3650,542007,72489079,2012-05-27,Not Specified,24,5207.50000,0.03,Delivery Truck,166.44,216.60,64.20
5043,17216,318701,55087610,2012-05-27,Medium,7,2236.16000,0.05,Delivery Truck,-99.16,320.98,58.95
32,45125,344239,94530777,2012-05-28,Critical,32,4834.80000,0.00,Regular Air,1193.11,175.99,4.99
3146,59878,445991,107541916,2012-05-28,High,6,112.40000,0.10,Regular Air,-46.75,17.98,8.51
3147,59878,328938,107541916,2012-05-28,High,23,249.64000,0.08,Regular Air,-91.65,10.90,7.46
5246,45125,1007862,94530777,2012-05-28,Critical,6,975.50000,0.09,Delivery Truck,-252.01,160.98,35.02
6809,21763,967595,59356019,2012-05-28,Low,22,1239.44450,0.07,Regular Air,165.50,65.99,3.99
7178,34757,307544,22470862,2012-05-28,High,40,250.60000,0.10,Express Air,-107.06,6.48,6.22
1553,25635,778385,102857204,2012-05-29,Critical,14,633.08000,0.04,Express Air,145.48,42.98,4.62
2977,29218,1007032,34181262,2012-05-29,Low,19,1823.02000,0.04,Express Air,80.80,92.23,39.61
4421,25635,912860,102857204,2012-05-29,Critical,22,110.42000,0.09,Regular Air,-36.60,5.08,3.63
4617,29218,116812,34181262,2012-05-29,Low,26,74.02000,0.04,Regular Air,8.13,2.88,0.70
6332,23363,985540,62607421,2012-05-29,Low,46,241.81000,0.02,Regular Air,-94.83,4.91,4.97
6376,29218,314388,34181262,2012-05-29,Low,13,2252.97600,0.02,Regular Air,-54.36,205.99,8.99
6815,56802,852778,52225170,2012-05-29,High,50,78.20000,0.09,Regular Air,-4.56,1.68,1.00
6828,29221,334736,31215298,2012-05-29,High,41,325.33000,0.00,Regular Air,-41.75,7.64,5.83
1896,50181,345256,44817590,2012-05-30,High,2,289.73000,0.04,Delivery Truck,-246.21,135.99,28.63
1927,42177,532104,24088027,2012-05-30,Not Specified,38,395.84000,0.00,Regular Air,8.42,9.77,6.02
2621,27138,160678,37535131,2012-05-30,High,31,2976.21000,0.07,Delivery Truck,-277.63,100.98,35.84
3326,38914,370731,41191887,2012-05-30,Medium,43,447.12000,0.08,Regular Air,-14.27,10.64,5.16
5317,42177,632964,24088027,2012-05-30,Not Specified,49,1201.93400,0.03,Regular Air,47.42,28.99,8.59
7451,27138,781122,37535131,2012-05-30,High,37,1894.16550,0.10,Regular Air,134.73,65.99,8.99
733,33029,738011,87466123,2012-05-31,High,8,738.25050,0.10,Regular Air,-286.36,115.99,2.50
2250,33029,301122,87466123,2012-05-31,High,39,16028.26000,0.02,Delivery Truck,-1008.73,417.40,75.23
4694,1285,34354,97099813,2012-05-31,Critical,27,3874.12000,0.00,Delivery Truck,-305.98,130.98,54.74
6879,48614,538394,20807427,2012-05-31,Critical,46,7965.90250,0.01,Regular Air,2311.96,195.99,8.99
7310,48993,307544,12841867,2012-05-31,Low,17,122.42000,0.08,Express Air,-37.04,6.48,6.22
7548,47456,983577,58580475,2012-05-31,Low,43,277.08000,0.08,Regular Air,-179.11,6.48,7.91
1715,53762,1000550,36382841,2012-06-01,Critical,28,136.16000,0.07,Regular Air,58.10,4.98,0.49
2906,36832,712849,84941883,2012-06-01,Low,24,60.69000,0.06,Express Air,-25.65,2.12,1.99
3921,23911,381761,31343539,2012-06-01,Critical,21,2580.67000,0.10,Delivery Truck,-1050.77,122.99,70.20
3922,23911,332937,31343539,2012-06-01,Critical,19,955.46000,0.03,Regular Air,-79.05,50.98,6.50
4546,36832,290269,84941883,2012-06-01,Low,43,532.89000,0.09,Regular Air,210.53,12.97,1.49
5384,50883,251563,56352213,2012-06-01,Low,35,6739.92000,0.01,Delivery Truck,957.29,180.98,30.00
7225,23911,373161,31343539,2012-06-01,Critical,3,121.26000,0.00,Regular Air,-12.52,35.44,7.50
44,3172,933326,85111166,2012-06-02,Not Specified,33,584.51100,0.05,Regular Air,-95.98,20.99,3.30
2351,3654,332624,9569456,2012-06-02,Low,41,95.73000,0.00,Regular Air,-151.15,2.08,5.33
4554,19652,1083564,37999431,2012-06-02,Critical,28,2711.14000,0.01,Delivery Truck,-307.86,89.99,42.00
4935,46055,332937,51326221,2012-06-02,Medium,25,1291.20000,0.04,Regular Air,-5.60,50.98,6.50
4941,12292,647762,33483588,2012-06-02,Not Specified,32,824.24000,0.10,Regular Air,-127.23,26.31,5.89
5065,1027,884527,96281489,2012-06-02,Medium,19,1406.15000,0.04,Delivery Truck,-379.10,70.98,46.74
5205,9024,576304,92171058,2012-06-02,Medium,30,1136.44000,0.09,Regular Air,-9.30,40.98,6.50
6309,19652,1049864,37999431,2012-06-02,Critical,34,1829.87150,0.05,Regular Air,367.46,65.99,3.99
6676,3654,409791,6149498,2012-06-02,Low,47,12569.31000,0.10,Delivery Truck,3160.63,279.81,23.19
6677,3654,200147,6149498,2012-06-02,Low,39,7338.79000,0.03,Regular Air,4031.62,204.10,13.99
7377,9024,606403,61069874,2012-06-02,Medium,44,2318.21350,0.07,Regular Air,583.75,65.99,2.79
7954,9024,675603,92171058,2012-06-02,Medium,2,12.12000,0.03,Regular Air,-4.55,5.43,0.95
1663,44679,207983,6499919,2012-06-03,Medium,22,127.51000,0.07,Regular Air,26.74,5.98,1.49
6252,44679,161786,6499919,2012-06-03,Medium,35,2004.22000,0.08,Regular Air,338.91,60.65,12.23
4345,23809,290269,23386707,2012-06-04,Not Specified,7,86.61000,0.10,Regular Air,15.69,12.97,1.49
5664,34754,455222,79423257,2012-06-04,Critical,16,623.35000,0.03,Regular Air,235.51,37.94,5.08
333,37315,344239,88815489,2012-06-05,Low,31,4726.59500,0.05,Express Air,1176.48,175.99,4.99
3591,36354,689598,21703579,2012-06-05,Medium,13,4567.36000,0.07,Regular Air,889.31,363.25,19.99
6216,56805,79342,34013170,2012-06-05,High,38,14753.08000,0.01,Delivery Truck,1085.91,370.98,99.00
7044,37315,59843,88815489,2012-06-05,Low,43,170.81000,0.10,Regular Air,-133.68,4.28,5.17
2767,15591,126813,63590330,2012-06-06,Critical,31,426.34000,0.00,Regular Air,73.53,12.58,5.16
4781,24390,332937,61997425,2012-06-06,Low,2,107.67000,0.10,Express Air,-234.66,50.98,6.50
6996,37762,742897,20705818,2012-06-06,Medium,20,135.02000,0.02,Regular Air,-60.69,6.48,6.74
1109,39943,933326,47216818,2012-06-07,High,12,201.53500,0.09,Regular Air,-122.62,20.99,3.30
1110,39943,841964,47216818,2012-06-07,High,16,28.65000,0.02,Regular Air,-23.86,1.70,1.99
2680,50144,87215,32605811,2012-06-07,Critical,36,4169.93000,0.10,Express Air,1765.54,120.98,9.07
4777,2054,689598,69504145,2012-06-07,Not Specified,1,343.78000,0.09,Regular Air,-246.51,363.25,19.99
5995,9505,220034,93758371,2012-06-07,High,5,155.39000,0.10,Regular Air,-127.70,32.98,5.50
6158,21028,957636,25774862,2012-06-07,Critical,38,437.86000,0.04,Regular Air,-4.17,11.58,6.97
6499,2054,805551,69504145,2012-06-07,Not Specified,34,826.09000,0.03,Regular Air,215.86,22.98,7.58
868,39686,767830,40500528,2012-06-08,Not Specified,48,2750.71050,0.00,Regular Air,791.90,65.99,5.26
1960,19874,278621,17767864,2012-06-08,High,31,310.46000,0.00,Regular Air,-182.52,9.71,9.45
3299,868,640984,66129254,2012-06-08,Not Specified,31,1474.33000,0.04,Regular Air,114.46,47.98,3.61
4833,868,919940,66129254,2012-06-08,Not Specified,32,716.84000,0.00,Regular Air,134.72,21.78,5.94
5086,55431,135273,36778322,2012-06-08,Not Specified,13,3723.99000,0.03,Regular Air,777.28,289.53,19.99
5388,35012,607882,13884388,2012-06-08,Medium,10,126.79000,0.04,Regular Air,-16.38,11.97,4.98
5390,35012,973228,13884388,2012-06-08,Medium,11,1770.20150,0.08,Regular Air,-165.95,195.99,4.20
5721,39686,967842,40500528,2012-06-08,Not Specified,2,738.80000,0.06,Delivery Truck,-473.66,328.14,91.05
6556,29856,990083,92238400,2012-06-08,Medium,24,115.54000,0.04,Regular Air,43.35,4.98,0.80
6844,55431,317714,63292596,2012-06-08,Not Specified,39,61.94000,0.10,Regular Air,-17.78,1.60,1.29
295,45664,709485,18293658,2012-06-09,Not Specified,24,473.03000,0.09,Regular Air,26.27,19.98,10.49
1233,38851,577552,42440910,2012-06-10,Critical,1,8.49000,0.06,Regular Air,-5.74,3.74,4.69
1804,42887,95746,11861127,2012-06-10,Medium,3,498.49000,0.01,Delivery Truck,-251.41,145.98,51.92
2979,42887,361951,11861127,2012-06-10,Medium,11,234.76000,0.04,Regular Air,-45.65,21.38,8.99
4806,43874,92451,9175306,2012-06-10,High,46,153.28000,0.09,Regular Air,-161.21,3.28,5.00
6226,39938,573539,84641727,2012-06-10,High,5,169.27000,0.10,Regular Air,-41.66,34.58,8.99
426,12551,477659,31028836,2012-06-11,Low,46,5023.25350,0.01,Regular Air,1665.23,125.99,5.26
977,58658,394140,67516943,2012-06-11,Medium,46,760.80100,0.10,Regular Air,348.59,20.99,0.99
3084,43460,515586,67831942,2012-06-11,Medium,2,25.09000,0.07,Regular Air,-17.60,8.04,8.94
3222,50977,1003701,95937020,2012-06-11,Low,1,34.09000,0.05,Express Air,-19.90,18.97,9.03
5098,44839,860962,38268269,2012-06-11,Critical,27,899.97000,0.09,Express Air,-246.30,33.98,19.99
5766,58658,764509,67516943,2012-06-11,Medium,7,883.23000,0.09,Delivery Truck,-404.36,120.98,58.64
7711,28901,645110,19652649,2012-06-11,High,23,871.32000,0.10,Regular Air,315.16,40.99,5.86
1164,17507,923574,91785983,2012-06-12,Medium,27,399.76000,0.04,Regular Air,48.13,14.56,3.50
1837,26274,704553,90398325,2012-06-12,Not Specified,41,377.83000,0.06,Regular Air,122.06,9.11,2.15
2525,17507,852926,91785983,2012-06-12,Medium,22,5393.27000,0.10,Delivery Truck,353.72,270.97,28.06
3046,6535,524772,38978375,2012-06-12,Critical,11,312.36000,0.07,Express Air,-19.33,28.15,8.99
4130,26853,46361,86738505,2012-06-12,Low,21,64.44000,0.00,Regular Air,-89.02,2.66,6.35
5492,10823,642999,34697007,2012-06-12,Low,3,133.90000,0.03,Regular Air,-14.58,43.41,2.99
3196,48868,784982,87531847,2012-06-13,Not Specified,43,6861.85450,0.07,Regular Air,1754.08,195.99,3.99
3306,43815,559984,79708464,2012-06-13,Not Specified,22,1251.40000,0.01,Regular Air,539.45,55.48,6.79
4840,43815,90345,79708464,2012-06-13,Not Specified,40,635.59000,0.07,Regular Air,202.83,16.51,2.99
5880,9573,444836,52327242,2012-06-13,Medium,21,146.25000,0.01,Express Air,60.12,6.35,1.02
6503,48868,242881,87531847,2012-06-13,Not Specified,47,7647.97000,0.05,Express Air,-1014.01,167.27,35.00
6563,43815,632743,79708464,2012-06-13,Not Specified,45,3577.81000,0.03,Regular Air,-1097.97,78.80,35.00
6565,9573,701718,29343671,2012-06-13,Medium,41,133.23000,0.00,Regular Air,-59.91,3.14,1.92
2820,43045,450925,55920460,2012-06-14,Medium,47,5301.20000,0.01,Regular Air,1126.72,105.29,10.12
3742,14241,855099,72691604,2012-06-14,Critical,22,263.63000,0.03,Regular Air,48.86,11.55,2.36
4457,43045,688094,55920460,2012-06-14,Medium,12,418.44000,0.05,Delivery Truck,-407.17,31.76,45.51
6593,28899,218863,30320771,2012-06-14,Low,27,4488.26350,0.06,Regular Air,750.55,205.99,5.00
3963,16897,318701,98758480,2012-06-15,Not Specified,1,379.80000,0.02,Delivery Truck,-183.09,320.98,58.95
5700,16897,616627,98758480,2012-06-15,Not Specified,48,107.70000,0.06,Regular Air,14.97,2.21,1.00
6224,13383,572974,104393625,2012-06-15,Not Specified,35,750.03000,0.07,Regular Air,-1072.97,20.34,35.00
7037,6183,1087413,20700273,2012-06-15,Medium,41,1991.93000,0.02,Regular Air,951.50,48.94,5.86
49,53698,293693,74639533,2012-06-16,Medium,10,55.33000,0.00,Express Air,13.38,4.84,0.71
2484,19972,548833,27211235,2012-06-16,Critical,6,97.86000,0.04,Regular Air,-21.09,14.98,8.99
6915,29893,299699,22367901,2012-06-16,Medium,24,5452.90000,0.07,Delivery Truck,426.67,225.02,28.66
236,30147,709485,95284420,2012-06-17,Not Specified,37,740.14000,0.06,Regular Air,29.73,19.98,10.49
5040,1346,924506,52563015,2012-06-17,High,48,4789.89000,0.09,Delivery Truck,421.15,100.98,26.22
2738,43488,246243,47237797,2012-06-18,Critical,28,547.32000,0.10,Regular Air,42.39,20.24,6.67
2740,43488,505095,47237797,2012-06-18,Critical,46,2116.20000,0.08,Regular Air,483.67,48.92,4.50
2741,43488,211281,47237797,2012-06-18,Critical,13,192.44000,0.05,Regular Air,6.77,14.48,6.46
4369,43488,166783,47237797,2012-06-18,Critical,3,1294.35000,0.06,Regular Air,-1569.06,449.99,24.49
6121,43488,845743,47237797,2012-06-18,Critical,46,766.36000,0.00,Regular Air,399.12,15.57,1.39
6411,59680,113085,74374530,2012-06-18,Critical,15,17.77000,0.05,Regular Air,-37.67,0.99,2.96
499,33541,318979,43122374,2012-06-19,Critical,43,512.78000,0.08,Regular Air,16.14,12.20,6.02
1655,33222,877669,98766204,2012-06-19,Medium,18,420.76000,0.05,Regular Air,-56.21,22.38,15.10
2270,46497,981209,96392681,2012-06-19,High,30,630.54000,0.03,Regular Air,-30.07,20.15,8.99
4034,6885,461227,71376437,2012-06-19,Low,4,481.27000,0.02,Delivery Truck,-181.27,113.98,30.00
4504,33222,674668,98766204,2012-06-19,Medium,48,145.66000,0.02,Regular Air,28.89,2.88,0.70
4505,33222,526018,98766204,2012-06-19,Medium,30,1676.46000,0.10,Delivery Truck,-626.08,60.98,30.00
5763,6885,191273,71376437,2012-06-19,Low,40,879.54000,0.09,Regular Air,166.93,23.99,6.30
6627,26407,984757,89960282,2012-06-19,Critical,16,1985.69350,0.10,Regular Air,35.65,155.99,8.99
6628,26407,587889,89960282,2012-06-19,Critical,34,9522.12000,0.04,Regular Air,171.30,279.48,35.00
515,41667,781795,21396956,2012-06-20,High,18,1062.21950,0.03,Regular Air,132.37,65.99,5.31
1788,8294,560855,19029328,2012-06-20,Medium,28,197.57400,0.05,Regular Air,-90.84,7.99,5.03
4278,967,530121,20002172,2012-06-20,Medium,48,11278.18000,0.01,Delivery Truck,1836.81,227.55,32.48
6019,967,484548,20002172,2012-06-20,Medium,42,1634.90000,0.01,Regular Air,502.42,37.74,2.90
6021,967,250373,20002172,2012-06-20,Medium,6,90.56000,0.03,Regular Air,-37.58,13.99,7.51
5839,49255,248300,61503030,2012-06-22,High,20,1357.44000,0.09,Delivery Truck,-102.30,70.98,26.85
7764,25986,672421,31043562,2012-06-22,Medium,48,278.07000,0.08,Regular Air,-71.45,5.78,4.96
892,24580,667910,68926150,2012-06-23,High,25,1081.22000,0.08,Regular Air,130.80,43.98,8.99
2355,24580,335488,68926150,2012-06-23,High,14,36.41000,0.01,Regular Air,-31.45,2.23,4.57
2204,12005,674664,41308400,2012-06-24,Not Specified,4,1660.86000,0.04,Regular Air,-164.59,415.88,11.37
2876,46691,829851,6499919,2012-06-24,Critical,47,1676.25000,0.04,Regular Air,-458.33,36.65,22.60
3702,11044,92451,76162149,2012-06-24,Medium,3,14.49000,0.09,Regular Air,-12.58,3.28,5.00
5848,19718,250373,24082624,2012-06-24,Low,6,89.75000,0.03,Regular Air,-38.29,13.99,7.51
64,19074,245102,17033987,2012-06-25,Critical,17,3816.59000,0.01,Delivery Truck,191.47,208.16,68.02
4668,55494,694506,45783303,2012-06-25,Not Specified,4,57.82000,0.08,Express Air,0.85,10.98,4.80
6420,55494,361692,45783303,2012-06-25,Not Specified,49,544.89000,0.09,Regular Air,-115.66,11.97,5.81
1549,24386,871664,6982655,2012-06-26,High,15,76.94000,0.00,Express Air,29.67,4.13,0.99
1861,57025,820841,14649835,2012-06-26,Medium,8,71.10000,0.03,Regular Air,2.29,8.69,2.99
2912,47620,567128,23407763,2012-06-26,Low,27,302.20000,0.04,Regular Air,20.27,10.98,3.37
4418,24386,23721,6982655,2012-06-26,High,41,4256.51000,0.03,Regular Air,1653.96,100.97,7.18
6162,24386,760927,6982655,2012-06-26,High,12,503.08000,0.01,Regular Air,-102.74,40.98,6.50
7103,14210,136776,34697007,2012-06-26,Not Specified,19,676.79000,0.00,Regular Air,213.20,33.29,1.99
2401,33793,564488,79432579,2012-06-27,Critical,17,267.58000,0.03,Regular Air,-137.75,15.16,15.09
2448,46626,241264,39020168,2012-06-27,Low,8,825.96000,0.01,Delivery Truck,-276.95,95.98,58.20
2694,16706,760319,11928127,2012-06-27,High,47,1943.72000,0.03,Regular Air,-1003.58,41.47,34.20
3365,43751,131291,90358264,2012-06-27,High,43,621.44000,0.08,Regular Air,-130.96,15.14,4.53
3409,6695,918216,82519801,2012-06-27,Low,49,295.24000,0.08,Express Air,-279.93,5.81,8.49
4762,17508,592380,91977284,2012-06-27,Low,50,99.08000,0.01,Express Air,11.28,1.76,0.70
6058,16706,101065,11928127,2012-06-27,High,49,6175.77700,0.07,Express Air,1881.58,155.99,3.90
525,44037,335550,11934383,2012-06-28,High,38,1799.61150,0.07,Regular Air,557.60,55.99,1.25
2134,44037,299849,11934383,2012-06-28,High,39,835.55000,0.07,Regular Air,326.43,22.23,5.08
3462,50466,801720,15814455,2012-06-28,Critical,32,6892.07000,0.05,Express Air,2754.16,223.98,15.01
3755,24743,542007,103235308,2012-06-28,Low,47,9633.59000,0.06,Delivery Truck,176.67,216.60,64.20
3756,24743,949076,103235308,2012-06-28,Low,26,3758.77000,0.00,Regular Air,753.61,140.81,24.49
4210,29191,839366,18837338,2012-06-28,Medium,26,7201.89000,0.09,Delivery Truck,-650.11,296.18,54.12
456,48067,1029214,77418915,2012-06-29,Low,31,3229.66000,0.05,Express Air,695.06,125.99,3.00
1372,28387,695818,20002172,2012-06-29,Not Specified,37,3212.97000,0.03,Regular Air,1125.42,83.93,19.99
1947,4416,351447,26995184,2012-06-29,Low,46,7441.29000,0.10,Regular Air,2665.40,165.98,19.99
4195,26272,949076,102100618,2012-06-29,Low,6,905.94000,0.04,Express Air,-4.19,140.81,24.49
5466,48067,538394,77418915,2012-06-29,Low,24,4010.93750,0.00,Express Air,630.70,195.99,8.99
5494,23685,218863,34495598,2012-06-29,Not Specified,46,7928.56200,0.08,Regular Air,2229.48,205.99,5.00
6426,52324,251563,19762901,2012-06-29,Not Specified,4,757.11000,0.07,Delivery Truck,-224.35,180.98,30.00
7490,28387,253064,20002172,2012-06-29,Not Specified,13,292.95000,0.06,Regular Air,60.36,22.84,5.47
7995,17414,690859,22824642,2012-06-29,High,39,3755.43000,0.07,Regular Air,448.07,99.99,19.99
7996,17414,103518,22824642,2012-06-29,High,32,347.93000,0.10,Regular Air,34.29,11.34,5.01
955,17826,642251,16907084,2012-06-30,High,18,78.93000,0.04,Regular Air,-88.61,3.89,7.01
2590,46912,507264,67755932,2012-06-30,Low,5,294.00000,0.00,Regular Air,181.53,54.74,14.83
7967,40801,307544,89257969,2012-07-01,Not Specified,20,129.16000,0.07,Regular Air,-56.15,6.48,6.22
538,23297,114359,67539279,2012-07-02,Critical,20,498.68000,0.06,Regular Air,79.52,25.98,5.37
715,4096,428893,77243589,2012-07-02,Not Specified,21,128.28000,0.04,Regular Air,53.58,6.30,0.50
2146,23297,149455,67539279,2012-07-02,Critical,34,5208.78000,0.05,Regular Air,1547.78,155.06,7.07
2942,55526,1003701,86531956,2012-07-02,High,23,445.17000,0.02,Regular Air,38.11,18.97,9.03
3026,4103,152427,76068895,2012-07-02,Low,3,42.50000,0.07,Regular Air,-28.43,11.66,8.99
5860,55938,1064589,104577129,2012-07-02,Not Specified,18,1769.90000,0.05,Express Air,-468.89,95.99,35.00
6532,37313,802024,107565533,2012-07-02,Not Specified,44,3304.38000,0.00,Regular Air,-634.49,70.71,37.58
7800,37313,781122,107565533,2012-07-02,Not Specified,17,908.41200,0.07,Express Air,-71.19,65.99,8.99
8036,55938,229862,52736224,2012-07-02,Not Specified,42,802.46000,0.08,Express Air,192.88,19.98,5.97
420,29761,114359,74757853,2012-07-03,Medium,42,1085.40000,0.02,Regular Air,262.32,25.98,5.37
421,29761,444231,74757853,2012-07-03,Medium,48,1463.10500,0.06,Regular Air,446.99,35.99,1.25
908,50914,382992,10181449,2012-07-03,Critical,49,8551.54400,0.03,Regular Air,2763.13,195.99,8.99
1190,21509,399302,32797971,2012-07-03,High,13,47.93000,0.04,Regular Air,15.82,3.69,0.50
1270,43555,154089,70050666,2012-07-03,Medium,34,43.54000,0.00,Regular Air,-17.48,1.26,0.70
2060,29761,845978,74757853,2012-07-03,Medium,19,123.67000,0.03,Regular Air,-34.17,6.24,5.22
642,51747,1015676,96421847,2012-07-05,Medium,3,12.11000,0.02,Regular Air,-0.98,3.69,0.50
944,46726,260010,45307458,2012-07-05,Not Specified,46,325.97000,0.02,Regular Air,-255.22,6.84,8.37
5748,46726,249175,45307458,2012-07-05,Not Specified,10,49.65000,0.02,Regular Air,8.27,4.55,1.49
2946,4741,447798,14871276,2012-07-06,Not Specified,40,342.97000,0.09,Regular Air,-131.63,8.75,8.54
1630,30436,642251,50890784,2012-07-07,Low,30,121.19000,0.09,Express Air,-152.13,3.89,7.01
2064,41120,532104,12671287,2012-07-07,Low,13,43.37000,0.02,Regular Air,9.53,3.08,0.99
4949,32835,878513,60200887,2012-07-07,Medium,15,572.43250,0.05,Regular Air,-19.44,45.99,4.99
5447,41120,703917,12671287,2012-07-07,Low,35,870.75000,0.09,Regular Air,100.50,26.64,5.30
4299,13923,266000,23169608,2012-07-08,High,28,4332.30000,0.08,Delivery Truck,2066.12,200.97,15.59
4300,13923,242307,23169608,2012-07-08,High,39,220.09000,0.04,Regular Air,-1795.74,4.48,49.00
6038,13923,299699,23169608,2012-07-08,High,27,6152.80000,0.04,Delivery Truck,554.55,225.02,28.66
7454,48577,886377,35080446,2012-07-08,Medium,6,201.83000,0.02,Regular Air,34.98,30.98,5.09
7506,13923,209703,23169608,2012-07-08,High,49,1220.23000,0.00,Regular Air,172.62,22.84,11.54
458,2209,1029214,61746358,2012-07-09,High,13,1265.49700,0.10,Regular Air,-161.12,125.99,3.00
1888,24450,285119,38344188,2012-07-09,Critical,41,392.61000,0.08,Express Air,-100.15,9.48,7.29
3370,58368,332624,97244956,2012-07-09,High,4,14.23000,0.00,Regular Air,-4.43,2.08,5.33
3371,58368,835973,97244956,2012-07-09,High,5,325.43000,0.09,Express Air,-76.11,64.98,6.88
3738,2209,318701,61746358,2012-07-09,High,27,9418.73000,0.00,Delivery Truck,2245.24,320.98,58.95
3741,2209,269026,61746358,2012-07-09,High,42,174.59000,0.08,Regular Air,25.88,4.28,0.94
4719,28165,672241,103116846,2012-07-09,Not Specified,2,24.96000,0.05,Regular Air,-12.80,10.91,2.99
5168,52706,209835,34003222,2012-07-09,Low,34,1041.66000,0.02,Express Air,480.53,28.53,1.49
5288,24450,607882,38344188,2012-07-09,Critical,37,443.35000,0.02,Regular Air,-21.73,11.97,4.98
6956,24450,337774,38344188,2012-07-09,Critical,4,30.85000,0.03,Regular Air,-12.88,5.98,5.79
7093,2209,1010521,61746358,2012-07-09,High,1,5.68000,0.02,Regular Air,-1.82,4.76,0.88
7766,25569,50374,10756558,2012-07-09,High,27,311.21000,0.09,Regular Air,-14.03,12.28,6.47
7786,44486,672421,42985416,2012-07-09,Critical,36,198.10000,0.09,Regular Air,-66.93,5.78,4.96
7842,58368,265285,97244956,2012-07-09,High,39,272.07000,0.02,Regular Air,-206.46,6.48,9.54
1150,30403,69354,52327242,2012-07-10,High,41,305.01000,0.05,Express Air,-160.82,7.30,7.72
1901,17797,762722,40615970,2012-07-10,Low,10,1077.28000,0.00,Delivery Truck,-486.12,100.98,57.38
1902,17797,697651,40615970,2012-07-10,Low,16,61.52000,0.02,Regular Air,-8.89,3.69,2.50
2501,30403,711463,52327242,2012-07-10,High,24,3583.52000,0.09,Regular Air,221.71,161.55,19.99
4838,34822,687259,98760164,2012-07-10,Not Specified,23,990.50000,0.04,Regular Air,323.73,43.98,1.99
5713,45767,203328,10406639,2012-07-10,High,49,841.51000,0.05,Express Air,20.86,16.91,6.25
7369,53600,352478,70709692,2012-07-10,Medium,8,55.59000,0.03,Express Air,-17.95,5.18,5.74
880,14016,491105,90386354,2012-07-11,Low,9,1137.62000,0.05,Delivery Truck,-284.68,124.49,51.94
2198,29985,515586,88328172,2012-07-11,Critical,2,24.51000,0.06,Regular Air,-18.26,8.04,8.94
2734,1793,487738,65028410,2012-07-11,Not Specified,36,233.43000,0.03,Regular Air,-71.90,6.28,5.36
5514,29985,1057069,51054401,2012-07-11,Critical,22,196.75000,0.03,Express Air,0.13,7.96,4.95
6034,28228,954683,85418259,2012-07-11,Not Specified,5,346.23000,0.00,Regular Air,8.46,60.98,19.99
7462,36833,570116,69252035,2012-07-11,Low,25,184.32000,0.00,Regular Air,-73.33,6.68,7.30
260,17735,456509,100099945,2012-07-12,Low,45,311.65000,0.03,Regular Air,-71.25,6.81,5.48
3316,549,552086,61800710,2012-07-12,Critical,30,1150.88000,0.05,Express Air,-911.56,38.94,35.00
3582,50758,308871,91811409,2012-07-12,Medium,17,128.50000,0.02,Express Air,-44.69,6.68,6.93
3919,21925,785102,79423257,2012-07-12,Not Specified,3,236.32000,0.03,Regular Air,-339.95,77.51,4.00
5363,17735,200320,100099945,2012-07-12,Low,28,101.19000,0.06,Regular Air,32.47,3.78,0.71
7822,549,584472,61800710,2012-07-12,Critical,13,70.24000,0.03,Regular Air,-59.75,4.98,7.44
7824,549,345717,61800710,2012-07-12,Critical,5,40.75000,0.05,Regular Air,-27.57,6.48,8.74
1093,53378,259517,58915465,2012-07-13,Medium,49,2377.28000,0.04,Regular Air,-5.79,55.99,5.00
2453,5858,199819,107838267,2012-07-13,Not Specified,48,2531.66000,0.02,Regular Air,354.74,50.98,13.66
2469,53378,743841,58915465,2012-07-13,Medium,50,13934.53000,0.10,Express Air,4352.83,299.99,11.64
3308,14215,559984,94752834,2012-07-13,Medium,44,2277.03000,0.07,Regular Air,964.10,55.48,6.79
4116,53378,860962,58915465,2012-07-13,Medium,38,1233.76000,0.06,Regular Air,-168.08,33.98,19.99
5831,5858,314388,107838267,2012-07-13,Not Specified,29,5382.31050,0.00,Regular Air,1419.05,205.99,8.99
7590,41927,433913,48564444,2012-07-13,Not Specified,46,2332.23000,0.02,Express Air,1085.93,48.04,7.23
2841,52325,801720,98541198,2012-07-14,Not Specified,23,5126.30000,0.07,Regular Air,2019.19,223.98,15.01
4174,14980,318385,53947199,2012-07-14,Critical,27,898.90000,0.03,Regular Air,325.88,31.78,1.99
5784,53223,272408,100815423,2012-07-14,Low,2,13.29000,0.08,Regular Air,-10.33,4.24,5.41
1228,55683,638256,49950601,2012-07-15,High,50,172.23000,0.02,Regular Air,32.35,3.29,1.35
4191,55683,199159,49950601,2012-07-15,High,23,1198.10000,0.02,Regular Air,187.19,51.75,19.99
5974,16103,479758,44768806,2012-07-15,Not Specified,22,426.70000,0.06,Regular Air,104.77,19.84,4.10
7205,16103,307544,86285514,2012-07-15,Not Specified,31,217.14000,0.00,Regular Air,-62.97,6.48,6.22
232,30208,580148,73316576,2012-07-16,Low,46,1752.09650,0.10,Regular Air,356.35,45.99,4.99
1509,59558,605916,86853010,2012-07-16,Not Specified,34,94.56000,0.00,Regular Air,37.73,2.61,0.50
2296,30786,678382,49260132,2012-07-16,Medium,4,72.72000,0.06,Regular Air,-36.61,15.42,10.68
4228,24613,1005949,104752832,2012-07-16,Low,16,9695.84000,0.00,Regular Air,2752.11,599.99,24.49
5036,33666,884845,52336254,2012-07-16,Not Specified,17,3801.27000,0.02,Regular Air,-861.30,209.37,69.00
5434,46979,79748,23988283,2012-07-16,Low,30,8718.46000,0.09,Delivery Truck,1554.85,306.14,26.53
5864,9892,1039077,24306819,2012-07-16,Medium,50,1406.64000,0.02,Regular Air,424.36,27.18,8.23
5972,24613,479758,104752832,2012-07-16,Low,39,777.78000,0.01,Regular Air,237.75,19.84,4.10
7068,46979,761140,23988283,2012-07-16,Low,26,135.88000,0.05,Regular Air,-66.02,4.98,5.49
7445,24613,160229,104752832,2012-07-16,Low,36,246.79000,0.01,Regular Air,-90.08,6.48,6.60
2811,42374,888871,10691025,2012-07-17,Critical,47,807.60000,0.00,Regular Air,214.30,16.74,5.08
2812,42374,240412,10691025,2012-07-17,Critical,11,694.17000,0.00,Regular Air,174.22,59.78,10.29
3663,38532,1084658,67135124,2012-07-17,High,44,128.22000,0.07,Regular Air,16.51,2.94,0.70
5101,45734,730958,12119240,2012-07-17,Critical,47,557.52000,0.03,Express Air,-157.30,11.66,7.95
5137,24039,728530,26154365,2012-07-17,Not Specified,5,199.16000,0.10,Regular Air,-64.87,40.98,1.99
6193,42374,219708,10691025,2012-07-17,Critical,21,205.32000,0.08,Express Air,37.30,10.01,1.99
5060,43907,688094,36067157,2012-07-18,Critical,42,1392.77000,0.00,Delivery Truck,-1981.55,31.76,45.51
5573,53635,701718,31509023,2012-07-18,Not Specified,33,103.92000,0.08,Regular Air,-52.76,3.14,1.92
3279,25825,896019,28030760,2012-07-19,Not Specified,27,159.65000,0.06,Regular Air,-1.79,5.85,2.27
4262,11745,375957,70563874,2012-07-19,High,17,686.27000,0.06,Regular Air,-345.36,40.48,19.99
5610,14727,181963,8387950,2012-07-19,Medium,33,2269.41000,0.05,Regular Air,630.18,70.97,3.50
6552,25825,1023942,28030760,2012-07-19,Not Specified,45,483.74000,0.02,Regular Air,206.27,10.31,1.79
7801,34595,709916,59398695,2012-07-19,Medium,12,488.65000,0.07,Regular Air,19.83,40.99,17.48
1451,5408,480920,102822795,2012-07-20,Low,20,88.82000,0.01,Regular Air,38.35,4.13,0.50
2068,49927,392183,19360668,2012-07-20,Not Specified,26,139.54000,0.01,Regular Air,-54.08,4.98,4.95
3726,49927,725611,19360668,2012-07-20,Not Specified,28,199.52000,0.08,Regular Air,13.44,7.59,4.00
4337,5408,475727,102822795,2012-07-20,Low,11,2392.23000,0.04,Regular Air,1216.74,209.84,21.21
5450,49927,593359,19360668,2012-07-20,Not Specified,39,85.66000,0.04,Regular Air,6.67,2.18,0.78
869,17091,767830,36996940,2012-07-21,Medium,45,2604.31500,0.00,Regular Air,750.87,65.99,5.26
1158,20807,771470,47278754,2012-07-21,Not Specified,16,466.94750,0.10,Regular Air,82.82,35.99,3.30
1900,22465,192660,20148851,2012-07-21,Not Specified,4,1121.78000,0.04,Delivery Truck,-454.80,270.98,50.00
2311,33568,735084,101147911,2012-07-21,Medium,10,628.73000,0.02,Regular Air,-181.87,55.50,52.20
2500,40357,499554,52327242,2012-07-21,Not Specified,4,240.49000,0.05,Regular Air,-53.90,56.96,13.22
2660,16098,548833,27626796,2012-07-21,Low,31,480.43000,0.06,Regular Air,50.59,14.98,8.99
3767,17634,1083564,23795937,2012-07-21,High,5,489.07000,0.08,Delivery Truck,-197.88,89.99,42.00
4267,16098,444448,27626796,2012-07-21,Low,44,1001.99000,0.09,Regular Air,333.53,24.95,2.99
4732,11396,518671,57583255,2012-07-21,Critical,42,12270.30000,0.07,Regular Air,4842.37,304.99,19.99
5024,41831,789291,83297869,2012-07-21,Not Specified,43,3441.09000,0.03,Delivery Truck,431.95,80.97,30.06
5690,33568,1018236,101147911,2012-07-21,Medium,23,385.81000,0.01,Express Air,7.35,15.51,5.80
6597,20807,953470,56693633,2012-07-21,Not Specified,39,6152.52000,0.08,Delivery Truck,768.06,160.98,30.00
7902,41831,1031199,83297869,2012-07-21,Not Specified,38,209.61000,0.05,Regular Air,-96.29,5.28,5.66
7972,6182,1017681,10791341,2012-07-21,Low,40,255.48000,0.04,Regular Air,-116.79,6.48,6.65
7973,6182,563334,10791341,2012-07-21,Low,18,130.32000,0.04,Express Air,-67.28,6.48,7.86
2312,29764,995197,102118415,2012-07-22,Critical,10,165.09000,0.00,Express Air,-8.59,15.01,8.40
2425,54023,231361,13158064,2012-07-22,Not Specified,45,405.60000,0.07,Regular Air,-8.59,8.85,5.60
7245,43556,5889,74002740,2012-07-22,Low,31,477.16000,0.02,Regular Air,204.18,15.04,1.97
1425,17218,954944,89681717,2012-07-23,Critical,32,157.85000,0.06,Regular Air,22.54,5.18,2.04
7309,57574,752280,12841867,2012-07-23,Critical,20,466.36000,0.07,Delivery Truck,-192.70,23.99,15.68
3747,40388,269026,69981415,2012-07-24,Critical,17,67.73000,0.10,Regular Air,2.44,4.28,0.94
655,5254,986755,101792006,2012-07-25,Not Specified,31,1735.35150,0.08,Regular Air,258.62,65.99,8.99
2343,30727,15497,36996940,2012-07-25,Medium,28,1166.29000,0.07,Express Air,302.86,41.71,4.50
4028,27201,528974,47862852,2012-07-25,High,10,5056.89000,0.02,Delivery Truck,789.05,500.98,26.00
3339,32903,887573,97606910,2012-07-26,Low,31,454.58000,0.07,Regular Air,-118.75,15.31,8.78
3972,23174,542007,54678268,2012-07-26,Low,16,3549.90000,0.06,Delivery Truck,44.80,216.60,64.20
5708,23174,331004,54678268,2012-07-26,Low,8,138.24000,0.03,Regular Air,-60.04,16.74,7.04
3266,42982,728557,23436088,2012-07-27,Low,12,1318.34000,0.02,Express Air,464.05,105.34,24.49
3879,11684,949076,57944229,2012-07-27,High,8,1173.50000,0.00,Regular Air,53.87,140.81,24.49
4931,23812,266000,15814455,2012-07-27,Critical,32,5845.82000,0.10,Delivery Truck,2227.89,200.97,15.59
7487,42982,522924,56674083,2012-07-27,Low,42,1587.59000,0.08,Regular Air,651.74,39.89,3.04
97,16161,592978,38344188,2012-07-28,Medium,49,2692.68950,0.03,Regular Air,768.32,65.99,4.20
3547,11782,388781,87034117,2012-07-28,Low,46,247.21000,0.02,Regular Air,-63.72,4.98,4.75
3797,49153,830831,63210192,2012-07-28,Medium,31,2245.78000,0.05,Delivery Truck,-432.46,70.98,30.00
5277,11782,152521,87034117,2012-07-28,Low,27,1541.78100,0.07,Regular Air,14.35,66.99,13.99
5289,16161,200320,38344188,2012-07-28,Medium,38,151.19000,0.03,Regular Air,60.63,3.78,0.71
6687,55813,802024,33281016,2012-07-28,Low,39,2650.77000,0.08,Regular Air,-824.43,70.71,37.58
124,26310,234470,101078507,2012-07-29,Not Specified,5,77.41000,0.05,Regular Air,9.35,15.67,1.39
249,40901,955858,101777049,2012-07-29,Medium,40,273.14000,0.02,Regular Air,-96.90,6.60,4.07
250,40901,364705,101777049,2012-07-29,Medium,22,3100.11150,0.02,Express Air,567.37,155.99,8.08
1024,5699,871664,13158064,2012-07-29,Low,2,9.25000,0.01,Regular Air,-4.21,4.13,0.99
1669,20932,302731,34034789,2012-07-29,High,38,123.26000,0.02,Regular Air,-4.73,3.26,1.86
2225,44423,743734,14517596,2012-07-29,Critical,39,248.64000,0.08,Regular Air,-69.27,6.28,5.29
3496,59234,629210,51963363,2012-07-29,Low,16,797.24000,0.04,Delivery Truck,11.46,50.98,14.19
4961,59234,945326,51963363,2012-07-29,Low,32,5686.25000,0.04,Regular Air,2109.21,177.98,0.99
5555,52678,947094,58189342,2012-07-29,High,3,112.79000,0.06,Delivery Truck,-95.39,20.98,53.03
5796,5699,382748,13158064,2012-07-29,Low,41,573.89000,0.09,Express Air,-121.44,14.98,7.69
6971,26310,183960,101078507,2012-07-29,Not Specified,19,112.67000,0.09,Regular Air,-37.85,5.98,5.14
7985,36864,827242,99251719,2012-07-29,Low,9,55.49000,0.05,Regular Air,7.23,6.08,0.91
2742,27616,1039462,16972966,2012-07-30,Low,3,614.14000,0.09,Regular Air,-735.27,199.99,24.49
4137,26469,308871,39400605,2012-07-30,Medium,50,350.01000,0.04,Regular Air,-133.43,6.68,6.93
4138,26469,918904,39400605,2012-07-30,Medium,4,7406.49000,0.03,Regular Air,701.22,1889.99,19.99
7198,16352,1017681,92656557,2012-07-30,Medium,16,113.25000,0.03,Regular Air,-43.43,6.48,6.65
2847,2562,712849,55591205,2012-07-31,Critical,28,64.82000,0.02,Regular Air,-32.03,2.12,1.99
4620,56384,242307,19529123,2012-07-31,Critical,47,257.20000,0.04,Regular Air,-2172.14,4.48,49.00
6234,2562,844963,55591205,2012-07-31,Critical,6,77.60000,0.08,Regular Air,-37.07,11.34,11.25
7608,2562,905789,55591205,2012-07-31,Critical,17,821.18000,0.04,Express Air,308.63,48.91,5.81
2087,13988,410733,72691604,2012-08-01,Not Specified,34,180.27000,0.01,Regular Air,-59.71,4.95,5.32
5470,13988,607882,72691604,2012-08-01,Not Specified,18,236.31000,0.04,Express Air,-2.24,11.97,4.98
5471,13988,382748,72691604,2012-08-01,Not Specified,39,626.96000,0.00,Regular Air,-35.92,14.98,7.69
5567,2247,394339,5130941,2012-08-01,Not Specified,6,21134.71000,0.06,Delivery Truck,-4266.09,3502.14,8.73
6523,11431,314388,64666110,2012-08-01,High,8,1273.26600,0.10,Regular Air,-615.67,205.99,8.99
6524,11431,467302,64666110,2012-08-01,High,5,39.68000,0.09,Regular Air,-6.71,8.01,2.87
6958,31302,958232,56764115,2012-08-01,High,41,4648.64000,0.04,Regular Air,1777.67,115.79,1.99
7745,47399,99546,54085164,2012-08-01,Low,26,145.76000,0.00,Regular Air,5.67,5.28,2.99
3122,33445,160678,1720138,2012-08-02,Low,18,1776.96000,0.07,Delivery Truck,-197.06,100.98,35.84
3937,52039,728530,60083352,2012-08-02,Critical,48,2006.38000,0.00,Regular Air,840.46,40.98,1.99
4743,33445,77414,1720138,2012-08-02,Low,49,3642.14000,0.01,Delivery Truck,103.11,70.98,26.74
4744,33445,998220,1720138,2012-08-02,Low,16,2982.50000,0.05,Regular Air,-589.58,182.55,69.00
3446,37412,567128,71683979,2012-08-03,High,17,191.67000,0.03,Regular Air,6.02,10.98,3.37
3486,26691,516201,61582442,2012-08-03,Not Specified,37,270.43000,0.07,Regular Air,-83.16,7.68,6.16
174,52197,519606,28130934,2012-08-04,Critical,23,91.94000,0.01,Regular Air,-10.11,3.95,2.00
565,36803,774939,20566789,2012-08-04,Not Specified,42,121.65000,0.05,Regular Air,30.76,2.88,0.99
922,8167,444231,97449295,2012-08-04,Critical,48,1449.30100,0.06,Regular Air,432.38,35.99,1.25
1936,52197,835973,28130934,2012-08-04,Critical,6,377.03000,0.06,Regular Air,-78.82,64.98,6.88
2162,36803,332624,20566789,2012-08-04,Not Specified,2,19.02000,0.05,Express Air,10.73,2.08,5.33
3327,54886,370731,43820994,2012-08-04,Critical,39,419.95000,0.02,Regular Air,-39.10,10.64,5.16
5124,1540,674668,65058193,2012-08-04,High,30,80.90000,0.09,Regular Air,5.76,2.88,0.70
6180,33761,325508,13638622,2012-08-04,High,45,463.93000,0.06,Regular Air,29.96,10.48,2.89
7130,36803,364275,20566789,2012-08-04,Not Specified,2,103.10500,0.09,Regular Air,-316.32,65.99,2.50
7282,8167,307544,97449295,2012-08-04,Critical,4,30.95000,0.10,Regular Air,-16.48,6.48,6.22
8012,933,99546,33816384,2012-08-04,Not Specified,15,80.61000,0.02,Regular Air,-4.72,5.28,2.99
92,18849,939925,16666221,2012-08-05,High,43,471.87000,0.05,Regular Air,52.27,11.09,5.25
94,18849,539744,16666221,2012-08-05,High,39,539.60000,0.06,Regular Air,-6.50,13.79,8.78
3087,30597,131291,55459419,2012-08-05,High,42,639.84000,0.03,Regular Air,-95.76,15.14,4.53
4314,59909,250765,61907970,2012-08-05,Low,11,1255.48000,0.06,Delivery Truck,-292.65,115.99,56.14
4713,30597,344017,55459419,2012-08-05,High,18,93.02000,0.07,Regular Air,20.01,5.08,2.03
5081,18849,301579,50165765,2012-08-05,High,6,751.71000,0.09,Regular Air,50.83,131.12,0.99
5179,27299,884115,63128167,2012-08-05,Critical,41,802.16000,0.10,Regular Air,-293.45,19.94,14.87
6046,59909,780918,61907970,2012-08-05,Low,46,411.56000,0.09,Express Air,-188.02,9.38,7.28
7572,16423,995207,12488619,2012-08-05,Medium,19,128.21000,0.05,Regular Air,-55.13,6.48,6.57
5934,11398,117213,48810863,2012-08-06,High,26,80.89000,0.03,Regular Air,23.37,2.94,0.81
7145,28454,742897,81275177,2012-08-06,Medium,25,157.40000,0.07,Regular Air,-84.00,6.48,6.74
7422,11398,715760,48810863,2012-08-06,High,16,109.70000,0.03,Regular Air,-106.77,5.98,10.39
1794,51365,491105,99168275,2012-08-07,High,35,4051.80000,0.10,Delivery Truck,-684.07,124.49,51.94
2583,15296,711463,37304343,2012-08-07,Not Specified,38,6216.60000,0.02,Regular Air,1082.21,161.55,19.99
2971,51365,623150,99168275,2012-08-07,High,35,195.23000,0.08,Regular Air,-72.46,5.89,5.57
2990,25861,272273,91212283,2012-08-07,High,44,23775.56000,0.03,Delivery Truck,7080.99,535.64,14.70
6274,44323,772761,68205763,2012-08-07,Medium,27,21320.58000,0.09,Delivery Truck,5381.02,810.98,16.06
8054,45670,563334,52282157,2012-08-07,Low,2,20.16000,0.06,Regular Air,-13.32,6.48,7.86
3422,13543,278621,19646967,2012-08-08,Medium,2,27.83000,0.09,Regular Air,-22.14,9.71,9.45
1740,42400,284312,34598354,2012-08-09,Low,44,865.27000,0.03,Regular Air,11.55,19.98,4.00
3421,45440,345256,74145267,2012-08-09,Critical,5,748.29000,0.02,Delivery Truck,-183.60,135.99,28.63
3971,42436,366386,64444841,2012-08-09,Critical,30,10994.74000,0.09,Delivery Truck,3612.58,400.97,48.26
4046,9347,755639,93537500,2012-08-09,Low,31,131.20000,0.01,Regular Air,-107.98,3.95,5.13
4316,48774,575277,28941888,2012-08-09,High,31,7323.78000,0.04,Delivery Truck,573.55,243.98,62.94
4376,49442,663528,58580475,2012-08-09,High,11,131.12000,0.03,Regular Air,-24.81,11.50,7.19
4569,42400,124828,34598354,2012-08-09,Low,41,429.28000,0.06,Regular Air,-168.95,10.97,6.50
460,8801,1029214,46998039,2012-08-10,Low,25,2529.39600,0.06,Express Air,371.21,125.99,3.00
490,38656,234415,61395005,2012-08-10,Low,41,162.51000,0.09,Regular Air,-148.40,4.13,5.34
991,28738,182998,19748793,2012-08-10,Medium,2,23.54000,0.03,Regular Air,-14.47,8.60,6.19
1078,8293,332331,94848024,2012-08-10,Low,50,1497.75950,0.04,Regular Air,483.66,35.99,1.10
1508,38656,188015,32302821,2012-08-10,Low,13,64.46000,0.01,Regular Air,25.16,4.91,0.50
2086,8801,581893,46998039,2012-08-10,Low,32,2593.08000,0.00,Express Air,-673.31,79.52,48.20
2108,38656,507788,61395005,2012-08-10,Low,3,561.43000,0.07,Delivery Truck,-199.46,180.98,26.20
2408,28738,742923,19748793,2012-08-10,Medium,10,1539.83000,0.08,Regular Air,34.85,165.20,19.99
6001,23748,299699,59450419,2012-08-10,High,26,6163.52000,0.02,Delivery Truck,755.95,225.02,28.66
6867,8293,701718,90409940,2012-08-10,Low,22,75.03000,0.02,Regular Air,-31.52,3.14,1.92
7719,54630,307544,99519941,2012-08-10,Low,11,73.22000,0.06,Regular Air,-34.53,6.48,6.22
7970,35299,690859,91504189,2012-08-10,Not Specified,41,4359.00000,0.02,Regular Air,907.67,99.99,19.99
1866,47846,542188,23051437,2012-08-11,High,5,66.43000,0.01,Regular Air,-9.45,10.68,13.04
2137,29376,149455,25540872,2012-08-11,Critical,20,2850.31000,0.09,Regular Air,569.08,155.06,7.07
3530,47846,308871,23051437,2012-08-11,High,37,241.14000,0.08,Regular Air,-120.08,6.68,6.93
5254,47846,221286,23051437,2012-08-11,High,25,2674.18000,0.06,Regular Air,631.99,110.98,13.99
5257,47846,485887,23051437,2012-08-11,High,50,5513.82000,0.03,Regular Air,1581.93,105.98,13.99
896,58883,871664,89205766,2012-08-12,Low,36,161.56000,0.00,Regular Air,59.67,4.13,0.99
1590,19905,480920,35123748,2012-08-12,Critical,20,82.97000,0.04,Regular Air,32.50,4.13,0.50
3460,13284,648476,82724306,2012-08-12,High,22,9062.44000,0.05,Regular Air,3858.28,420.98,19.99
3929,39490,948291,37846168,2012-08-12,Low,17,2844.64000,0.03,Delivery Truck,16.47,159.31,60.00
4119,20002,231193,69306501,2012-08-12,Medium,9,41.03000,0.10,Regular Air,-30.47,4.77,2.39
5675,39490,361692,37846168,2012-08-12,Low,38,456.03000,0.02,Regular Air,-61.61,11.97,5.81
7434,27078,813690,59645894,2012-08-12,Not Specified,22,152.44000,0.03,Regular Air,-40.76,6.48,5.86
7453,45860,675603,35713813,2012-08-12,Low,12,69.97000,0.01,Regular Air,24.25,5.43,0.95
7550,29347,267787,41264800,2012-08-12,Medium,50,2040.39000,0.07,Regular Air,221.09,40.99,19.99
7876,13284,604095,82724306,2012-08-12,High,49,1662.57000,0.10,Regular Air,674.99,37.70,2.99
1631,10948,642251,42701778,2012-08-13,Medium,50,193.11000,0.08,Regular Air,-263.76,3.89,7.01
4093,48000,457455,81380802,2012-08-13,High,12,214.94000,0.06,Regular Air,26.75,17.48,1.99
1720,24608,846871,33411187,2012-08-14,Medium,50,197.36000,0.07,Regular Air,-43.50,4.18,2.99
2709,2500,821997,102822795,2012-08-14,High,5,22.56000,0.04,Regular Air,-25.56,3.36,6.27
2888,4294,448604,73053407,2012-08-14,Medium,8,17.72000,0.02,Regular Air,-15.34,1.74,4.08
3021,51175,205200,74374530,2012-08-14,High,3,2136.93000,0.04,Regular Air,-2297.48,699.99,24.49
3022,51175,15497,74374530,2012-08-14,High,28,1135.24000,0.06,Regular Air,271.81,41.71,4.50
3310,50532,207567,22998376,2012-08-14,Medium,22,82.98000,0.09,Regular Air,13.82,4.00,1.30
4841,50532,444448,22998376,2012-08-14,Medium,10,267.06000,0.02,Regular Air,76.47,24.95,2.99
4955,42596,245427,61582442,2012-08-14,Medium,9,51.75000,0.05,Regular Air,4.16,5.58,0.70
557,8454,89922,91844273,2012-08-15,Medium,38,218.77000,0.03,Regular Air,-188.13,5.40,7.78
1126,54209,803900,39400605,2012-08-15,Medium,21,664.98900,0.04,Regular Air,170.46,35.99,5.99
2581,5635,176425,37304343,2012-08-15,Medium,50,281.58000,0.09,Regular Air,-161.56,5.77,5.92
4200,5635,663528,37304343,2012-08-15,Medium,17,198.78000,0.02,Regular Air,-28.35,11.50,7.19
2377,13601,520419,28931462,2012-08-16,Low,17,822.91000,0.09,Regular Air,-94.76,49.43,19.99
4110,39425,930353,70928312,2012-08-16,Critical,23,1267.46050,0.05,Regular Air,128.79,65.99,5.99
4384,36038,92451,95652866,2012-08-16,High,26,95.26000,0.02,Regular Air,-89.06,3.28,5.00
6899,39877,593359,81976054,2012-08-16,Critical,41,90.88000,0.04,Regular Air,8.06,2.18,0.78
7533,11108,250992,7031126,2012-08-16,Not Specified,20,131.71000,0.10,Regular Air,-44.00,6.48,5.74
1188,487,681809,37673316,2012-08-17,Critical,19,210.40000,0.07,Regular Air,-18.96,10.89,4.50
4641,38884,839366,23188468,2012-08-17,High,20,6067.76000,0.06,Delivery Truck,-98.05,296.18,54.12
5715,56930,795486,82362036,2012-08-17,Low,10,987.54000,0.07,Regular Air,-396.84,101.41,35.00
6288,56930,568048,69641516,2012-08-17,Low,47,228.31000,0.03,Regular Air,8.89,4.71,0.70
7710,38884,1031199,23188468,2012-08-17,High,47,256.00000,0.03,Regular Air,-119.84,5.28,5.66
844,31173,560855,98758480,2012-08-18,Low,24,169.35400,0.09,Express Air,-84.14,7.99,5.03
1656,3907,877669,10575811,2012-08-18,Medium,34,729.83000,0.07,Regular Air,-135.10,22.38,15.10
1976,25571,192481,95284420,2012-08-18,Critical,42,3749.00000,0.08,Regular Air,-1032.13,89.83,35.00
4506,3907,242307,10575811,2012-08-18,Medium,36,218.12000,0.02,Regular Air,-1642.65,4.48,49.00
4509,3907,875716,10575811,2012-08-18,Medium,36,1083.19000,0.03,Express Air,214.61,29.99,5.50
4932,6018,344017,15814455,2012-08-18,Low,39,206.09000,0.00,Regular Air,36.04,5.08,2.03
5207,31297,662058,36982496,2012-08-18,Low,39,679.95000,0.08,Regular Air,-93.30,17.99,8.65
6761,31297,389962,36982496,2012-08-18,Low,44,1579.56000,0.01,Regular Air,699.64,35.44,4.92
7877,6018,196575,15814455,2012-08-18,Low,2,124.25000,0.07,Regular Air,-55.78,55.98,13.88
1249,32610,260010,25165064,2012-08-19,Not Specified,47,316.99000,0.04,Regular Air,-276.54,6.84,8.37
3040,32230,275015,92552035,2012-08-19,High,46,1753.75000,0.07,Regular Air,215.11,39.98,9.20
5571,58084,491753,31509023,2012-08-19,Medium,36,266.16000,0.03,Regular Air,90.91,7.28,1.77
5572,58084,459865,31509023,2012-08-19,Medium,3,21.55000,0.09,Regular Air,-2.87,7.31,0.49
7890,40608,473902,77821610,2012-08-19,Not Specified,29,573.97000,0.05,Regular Air,55.82,18.97,9.54
7891,40608,1031199,77821610,2012-08-19,Not Specified,39,223.79000,0.01,Regular Air,-89.88,5.28,5.66
1928,11875,789960,24088027,2012-08-20,Medium,19,242.63000,0.00,Regular Air,-36.11,12.44,6.27
2186,36101,893965,61795149,2012-08-20,High,3,446.05000,0.09,Delivery Truck,-271.26,140.98,53.48
3259,4099,285119,63405025,2012-08-20,Critical,4,47.86000,0.00,Regular Air,-17.32,9.48,7.29
3457,36294,222984,54861644,2012-08-20,Medium,46,611.16000,0.04,Regular Air,100.22,12.95,4.98
4816,4099,64446,63405025,2012-08-20,Critical,39,3607.85050,0.05,Regular Air,784.49,110.99,8.99
4962,17953,475585,52636682,2012-08-20,High,21,1490.56000,0.01,Delivery Truck,-499.51,68.81,60.00
4964,17953,757246,52636682,2012-08-20,High,17,105.44000,0.00,Regular Air,18.76,5.84,1.20
6547,4099,910598,63405025,2012-08-20,Critical,42,1691.51000,0.08,Regular Air,285.16,42.76,6.22
6796,17953,888317,85839759,2012-08-20,High,30,975.12000,0.03,Regular Air,-6.72,30.98,19.51
918,34148,871664,29527556,2012-08-21,Critical,33,136.79000,0.06,Regular Air,42.71,4.13,0.99
3032,25313,614969,27185389,2012-08-21,Critical,19,418.70000,0.05,Regular Air,22.88,22.01,5.53
5109,4896,393245,56861570,2012-08-21,Critical,10,1089.87000,0.06,Express Air,-124.51,125.99,5.99
5110,4896,118378,56861570,2012-08-21,Critical,25,831.52000,0.07,Regular Air,259.47,35.41,1.99
7921,4896,630857,40982916,2012-08-21,Critical,21,121.30000,0.05,Regular Air,-64.87,5.80,5.59
449,24067,330371,84624337,2012-08-22,High,46,2640.68650,0.03,Express Air,751.38,65.99,5.92
1439,49350,494051,77123402,2012-08-22,High,50,375.11000,0.01,Regular Air,-331.63,7.28,11.15
3280,3361,896019,28030760,2012-08-22,Not Specified,23,133.66000,0.07,Regular Air,-5.60,5.85,2.27
4319,24067,1067744,25228465,2012-08-22,High,30,128.25000,0.07,Express Air,-95.31,3.98,5.26
7089,24067,414906,84624337,2012-08-22,High,19,120.56000,0.07,Regular Air,-79.35,5.98,7.50
7737,44869,938591,103104706,2012-08-22,Medium,43,283.18000,0.03,Regular Air,-154.95,6.48,7.49
7814,3361,317100,28030760,2012-08-22,Not Specified,49,213.71000,0.06,Regular Air,-208.02,4.28,6.72
5107,36709,138468,77343403,2012-08-23,Critical,42,2245.69150,0.05,Regular Air,369.08,65.99,8.99
6154,8039,888317,39501159,2012-08-23,Medium,37,1199.70000,0.01,Regular Air,3.22,30.98,19.51
6601,16452,545294,76435482,2012-08-23,Medium,46,134.42000,0.05,Regular Air,9.34,2.88,1.01
7259,1185,175765,74076626,2012-08-23,Low,7,374.78000,0.09,Regular Air,20.03,55.48,14.30
8005,33031,752280,81122390,2012-08-24,High,24,550.68000,0.08,Delivery Truck,-134.63,23.99,15.68
8006,33031,1017681,81122390,2012-08-24,High,18,120.96000,0.02,Regular Air,-53.69,6.48,6.65
1140,20933,367450,22948694,2012-08-26,High,45,2079.47400,0.05,Regular Air,-81.57,55.99,5.00
2336,31460,281434,41053630,2012-08-26,High,9,990.67000,0.08,Regular Air,-365.32,110.98,35.00
4623,2497,391953,38671459,2012-08-26,Critical,21,3629.11750,0.06,Regular Air,636.03,205.99,5.26
1565,39266,464128,96218342,2012-08-27,High,14,36.41000,0.09,Regular Air,9.94,2.61,0.50
3396,39266,179381,8564207,2012-08-27,High,16,981.26000,0.09,Regular Air,-500.35,60.98,49.00
6674,1504,219708,12299029,2012-08-27,Medium,31,293.18000,0.08,Regular Air,64.22,10.01,1.99
6723,43682,984757,53132484,2012-08-27,Medium,14,1849.60000,0.06,Regular Air,62.16,155.99,8.99
6793,39266,845743,35404813,2012-08-27,High,4,64.09000,0.02,Regular Air,3.72,15.57,1.39
870,33186,767830,42941089,2012-08-28,Low,24,1350.53100,0.01,Regular Air,221.18,65.99,5.26
1915,23489,640984,91811409,2012-08-28,High,42,2004.60000,0.02,Express Air,230.30,47.98,3.61
2747,7267,211281,29705839,2012-08-28,High,19,262.32000,0.07,Regular Air,5.16,14.48,6.46
3150,23616,1039462,73918793,2012-08-28,Not Specified,47,9262.35000,0.09,Regular Air,2787.59,199.99,24.49
5199,52580,87900,37469927,2012-08-28,High,16,367.09000,0.04,Regular Air,74.20,22.98,1.99
6358,18113,905242,81884459,2012-08-28,Not Specified,27,3316.08000,0.08,Delivery Truck,-514.32,130.98,30.00
6754,52580,209997,37469927,2012-08-28,High,23,139.66000,0.02,Regular Air,46.69,5.68,1.39
6941,28544,601310,85111166,2012-08-28,Critical,24,68.50000,0.07,Regular Air,2.69,2.78,1.49
6964,52676,329142,80727603,2012-08-28,High,46,979.44000,0.01,Regular Air,320.67,19.98,5.86
401,22434,640076,48698759,2012-08-29,Critical,3,18.70000,0.10,Regular Air,-14.69,4.54,5.83
1071,38178,175474,107838267,2012-08-29,Medium,32,153.98000,0.02,Regular Air,71.60,4.91,0.50
3705,22434,695980,48698759,2012-08-29,Critical,39,140.74000,0.01,Regular Air,-92.29,3.28,3.97
5538,59361,191273,28609672,2012-08-29,High,45,1008.34000,0.09,Regular Air,218.65,23.99,6.30
6830,31232,952554,33741844,2012-08-29,High,9,2643.15000,0.01,Delivery Truck,-715.11,286.85,61.76
7534,13575,1017940,7031126,2012-08-29,Critical,15,106.10000,0.09,Express Air,-65.67,6.48,8.19
1050,26981,209111,94803589,2012-08-30,Medium,13,603.34700,0.08,Regular Air,142.98,55.99,1.25
2099,50565,134974,103235308,2012-08-30,High,43,683.46000,0.09,Regular Air,-138.82,16.98,12.39
2232,52230,241264,88925672,2012-08-30,Critical,29,2700.78000,0.06,Delivery Truck,-793.36,95.98,58.20
3469,9155,952000,33483588,2012-08-30,Critical,17,518.80000,0.10,Regular Air,54.63,30.98,11.63
3669,40007,649376,51065809,2012-08-30,Not Specified,45,188.77000,0.02,Regular Air,21.93,4.13,1.17
5011,58369,1048806,74126979,2012-08-30,High,16,2013.80000,0.01,Delivery Truck,-98.43,119.99,56.14
5809,26981,203328,94803589,2012-08-30,Medium,44,770.53000,0.04,Regular Air,30.17,16.91,6.25
7087,14439,385812,99434135,2012-08-30,High,27,1428.64000,0.09,Regular Air,494.26,54.96,10.75
7899,58369,523991,74126979,2012-08-30,High,46,320.57000,0.10,Regular Air,-114.20,7.10,6.05
929,43270,652699,107067931,2012-09-01,Critical,35,343.92000,0.06,Regular Air,154.54,10.35,0.99
1722,43588,357620,26622969,2012-09-01,Medium,6,20.47000,0.09,Regular Air,-0.74,3.38,1.09
2881,30054,660527,38075002,2012-09-01,Not Specified,33,311.19000,0.03,Regular Air,-9.18,9.38,4.93
3206,43588,73324,100464058,2012-09-01,Medium,16,3075.75200,0.04,Delivery Truck,-572.69,236.97,59.24
4350,37253,647762,75566934,2012-09-01,High,46,1184.32000,0.09,Regular Air,-99.55,26.31,5.89
5196,25797,318385,70286456,2012-09-01,Not Specified,28,925.43000,0.00,Regular Air,368.86,31.78,1.99
444,39808,459677,3285755,2012-09-02,Low,50,2026.42000,0.03,Regular Air,655.36,39.98,9.83
688,33702,155970,50857062,2012-09-02,Not Specified,14,56.26000,0.00,Express Air,28.11,2.89,0.50
743,40193,500802,86285514,2012-09-02,High,34,3130.20150,0.07,Express Air,692.78,115.99,2.50
1845,13345,567128,68464052,2012-09-02,Not Specified,45,483.64000,0.10,Regular Air,28.39,10.98,3.37
3434,25666,689019,29599945,2012-09-02,Critical,36,5072.34000,0.06,Regular Air,369.46,140.85,19.99
3506,13345,231193,68464052,2012-09-02,Not Specified,24,116.82000,0.02,Regular Air,-42.05,4.77,2.39
3733,39808,585386,3285755,2012-09-02,Low,31,3413.45550,0.03,Regular Air,868.47,125.99,2.50
5741,20066,957636,56055651,2012-09-02,Critical,3,40.79000,0.02,Regular Air,-11.69,11.58,5.72
6811,25666,217562,24333725,2012-09-02,Critical,23,260.08000,0.10,Regular Air,-37.85,12.21,4.81
6843,25985,200320,71600295,2012-09-02,Low,22,80.79000,0.10,Regular Air,25.18,3.78,0.71
7284,20066,538069,56055651,2012-09-02,Critical,16,524.25000,0.00,Regular Air,124.18,30.98,8.74
7975,25985,84722,71600295,2012-09-02,Low,50,230.63000,0.10,Regular Air,-39.71,4.91,3.05
428,49094,428422,75768983,2012-09-03,Critical,31,846.85000,0.03,Regular Air,-25.98,27.48,4.00
1777,15781,428422,97525521,2012-09-03,High,29,824.51000,0.01,Regular Air,0.90,27.48,4.00
2280,57152,49841,31343539,2012-09-03,Low,6,22.89000,0.08,Regular Air,-2.66,3.80,1.49
4592,40802,250765,48318195,2012-09-03,High,28,3361.02000,0.04,Delivery Truck,26.05,115.99,56.14
5296,4581,639545,20148851,2012-09-03,Not Specified,25,2325.42000,0.02,Regular Air,739.91,90.48,19.99
5666,57152,845743,31343539,2012-09-03,Low,18,271.85000,0.03,Regular Air,109.19,15.57,1.39
1795,16231,491105,35573893,2012-09-04,Low,20,2506.38000,0.07,Delivery Truck,-500.46,124.49,51.94
5298,39555,1039077,59062935,2012-09-04,Low,38,1112.54000,0.01,Regular Air,352.96,27.18,8.23
7461,2560,761140,69252035,2012-09-04,Critical,23,114.14000,0.07,Regular Air,-65.62,4.98,5.49
781,23649,192952,12346524,2012-09-05,Not Specified,30,4587.92600,0.10,Regular Air,687.41,195.99,4.20
1242,52130,234415,70665879,2012-09-05,Low,13,63.33000,0.00,Regular Air,-39.96,4.13,5.34
1476,22182,284312,7031126,2012-09-05,Medium,9,174.72000,0.06,Regular Air,-63.48,19.98,4.00
1756,2147,37996,56394562,2012-09-05,Not Specified,15,605.10000,0.04,Express Air,92.81,40.98,5.33
2576,52130,408433,70665879,2012-09-05,Low,36,1436.55000,0.10,Regular Air,-4.01,40.89,18.98
2728,22182,91652,7031126,2012-09-05,Medium,48,2271.37000,0.09,Express Air,528.11,49.34,10.25
2729,22182,150664,7031126,2012-09-05,Medium,4,55.97000,0.09,Regular Air,-19.34,12.53,7.17
3923,23649,924819,12346524,2012-09-05,Not Specified,42,4541.92400,0.01,Regular Air,1222.14,125.99,8.08
4583,30660,690604,65993654,2012-09-05,Critical,16,986.27200,0.02,Regular Air,-647.14,71.37,69.00
4697,14695,575569,94206076,2012-09-05,High,40,1992.45000,0.05,Delivery Truck,-1609.92,48.58,54.11
5586,34852,914855,47872917,2012-09-05,Low,26,53.93000,0.04,Regular Air,-10.95,2.08,1.49
579,1991,217285,91610897,2012-09-06,Not Specified,27,3491.06000,0.09,Regular Air,921.70,136.98,24.49
2558,34309,210383,39390141,2012-09-06,High,16,75.77000,0.00,Regular Air,-56.62,4.37,5.15
3378,54086,852926,39112993,2012-09-06,Low,23,5062.18000,0.06,Delivery Truck,842.83,270.97,28.06
5533,1991,582987,91610897,2012-09-06,Not Specified,37,14383.83000,0.01,Delivery Truck,5050.10,399.98,12.06
105,43713,805629,44817590,2012-09-07,Medium,12,34.41000,0.05,Regular Air,-17.69,2.60,2.40
1213,29536,604082,38079848,2012-09-07,Medium,5,495.32000,0.05,Delivery Truck,-72.73,100.98,15.66
2565,29536,921326,38079848,2012-09-07,Medium,11,2483.53000,0.07,Delivery Truck,-176.77,220.98,64.66
7400,29536,574567,38079848,2012-09-07,Medium,26,967.41000,0.03,Regular Air,26.64,35.44,19.99
1536,59202,641495,103767580,2012-09-08,Medium,7,83.81000,0.09,Regular Air,21.92,12.53,0.50
2266,18661,241264,103048242,2012-09-08,Low,12,1207.08000,0.05,Delivery Truck,-351.30,95.98,58.20
2777,59202,896019,103767580,2012-09-08,Medium,36,218.81000,0.03,Regular Air,7.45,5.85,2.27
5192,36743,725611,26827600,2012-09-08,Critical,3,26.13000,0.10,Regular Air,-10.61,7.59,4.00
5648,18661,952554,103048242,2012-09-08,Low,11,2618.11200,0.04,Delivery Truck,-139.27,286.85,61.76
580,17959,217285,43644616,2012-09-09,Medium,21,2784.57000,0.05,Regular Air,847.06,136.98,24.49
1266,32804,816179,76208299,2012-09-09,Medium,49,174.81000,0.07,Regular Air,74.82,3.75,0.50
1398,11874,459677,52428882,2012-09-09,Medium,20,775.77000,0.07,Regular Air,179.37,39.98,9.83
2683,11874,719525,52428882,2012-09-09,Medium,1,40.29000,0.00,Regular Air,-82.13,30.42,8.65
4212,32804,1067744,76208299,2012-09-09,Medium,20,89.51000,0.02,Regular Air,-61.99,3.98,5.26
7140,17959,267787,43644616,2012-09-09,Medium,28,1201.68000,0.01,Regular Air,146.80,40.99,19.99
7567,31744,620362,62992734,2012-09-09,Medium,12,86.69000,0.00,Regular Air,-43.48,6.48,7.37
57,11362,585679,23051437,2012-09-10,Low,27,63.02000,0.07,Regular Air,-119.66,2.18,5.00
1028,7552,865125,40482968,2012-09-10,Critical,49,587.71000,0.09,Regular Air,26.28,12.98,3.14
1086,58278,529796,57813441,2012-09-10,High,4,281.54550,0.10,Regular Air,-434.56,85.99,0.99
1865,11362,205200,23051437,2012-09-10,Low,9,6420.87000,0.02,Regular Air,-690.21,699.99,24.49
2429,7552,736479,40482968,2012-09-10,Critical,47,1406.49000,0.02,Regular Air,332.52,28.15,6.17
2463,58278,700485,57813441,2012-09-10,High,37,3512.90000,0.08,Regular Air,2093.70,99.23,8.99
3532,11362,64446,23051437,2012-09-10,Low,25,2407.69300,0.04,Regular Air,424.14,110.99,8.99
5255,11362,221286,23051437,2012-09-10,Low,32,3245.73000,0.09,Regular Air,569.57,110.98,13.99
7302,43332,175765,28488718,2012-09-10,High,31,1750.00000,0.03,Express Air,559.38,55.48,14.30
153,19653,540260,90514203,2012-09-11,Not Specified,34,125.46000,0.07,Regular Air,-129.63,3.58,5.47
3476,41766,749689,15408772,2012-09-11,Critical,7,273.42000,0.00,Regular Air,10.06,34.54,14.72
5015,41766,585869,60780393,2012-09-11,Critical,10,5158.09000,0.01,Delivery Truck,969.05,500.98,28.14
893,27302,539744,89205766,2012-09-12,Low,16,237.54000,0.04,Regular Air,29.76,13.79,8.78
990,49862,189993,19748793,2012-09-12,Not Specified,24,75.73000,0.07,Regular Air,29.46,3.15,0.50
3094,46212,826113,39250329,2012-09-12,Not Specified,7,3877.88000,0.08,Delivery Truck,-1331.55,550.98,45.70
3162,4578,246243,91977284,2012-09-12,Low,15,294.66000,0.07,Regular Air,86.33,20.24,6.67
4760,4578,947059,91977284,2012-09-12,Low,48,724.13000,0.01,Regular Air,-250.53,14.81,13.32
4975,42564,674050,44738936,2012-09-12,Low,35,7468.86000,0.02,Delivery Truck,2155.41,200.98,23.76
5853,47622,200147,60402655,2012-09-12,Not Specified,41,8188.19000,0.05,Regular Air,3702.00,204.10,13.99
6880,46212,438316,21904093,2012-09-12,Not Specified,43,322.47000,0.09,Express Air,72.28,7.78,2.50
7272,27302,905789,89205766,2012-09-12,Low,3,143.50000,0.08,Regular Air,-27.51,48.91,5.81
7778,4578,742897,91977284,2012-09-12,Low,45,282.71000,0.09,Regular Air,-141.44,6.48,6.74
89,32000,638256,47450738,2012-09-13,Low,49,162.16000,0.05,Regular Air,24.95,3.29,1.35
233,36130,841915,73316576,2012-09-13,Critical,23,394.80000,0.10,Regular Air,-113.80,17.98,4.00
406,2146,344239,57347993,2012-09-13,Not Specified,41,6111.16850,0.06,Regular Air,1663.08,175.99,4.99
408,2146,605916,57347993,2012-09-13,Not Specified,44,113.71000,0.07,Regular Air,41.70,2.61,0.50
1059,46053,72479,38551290,2012-09-13,High,31,2447.10750,0.00,Regular Air,856.96,85.99,0.99
2948,46053,338935,39901794,2012-09-13,High,25,1458.83000,0.05,Regular Air,392.76,60.22,3.50
3862,4996,872550,47872917,2012-09-13,Medium,30,4305.79000,0.00,Regular Air,1020.32,142.86,19.99
8031,36901,165314,64349381,2012-09-13,Critical,30,201.09000,0.08,Regular Air,-56.22,6.68,5.66
330,26021,518917,59440797,2012-09-14,Critical,17,328.62700,0.00,Regular Air,-7.77,20.99,4.81
582,51140,217285,81275177,2012-09-14,Low,3,394.34000,0.10,Regular Air,352.38,136.98,24.49
619,44805,686443,58189342,2012-09-14,High,40,1710.65000,0.01,Regular Air,782.01,41.94,2.99
1638,42054,186776,73221313,2012-09-14,Medium,32,94.55000,0.01,Regular Air,6.74,2.88,1.49
1757,42306,37996,83053562,2012-09-14,High,19,773.83000,0.06,Regular Air,146.79,40.98,5.33
1827,42306,570526,13258267,2012-09-14,High,18,47.40000,0.03,Regular Air,-63.03,2.28,5.20
2176,51140,210383,81275177,2012-09-14,Low,28,132.01000,0.04,Regular Air,-93.12,4.37,5.15
3179,42306,820841,93460140,2012-09-14,High,4,36.46000,0.10,Regular Air,-7.41,8.69,2.99
7141,51140,403940,81275177,2012-09-14,Low,14,626.33000,0.01,Regular Air,24.56,45.19,1.99
780,3333,58607,23649246,2012-09-15,Not Specified,42,927.97000,0.08,Regular Air,162.17,22.98,4.50
1705,32640,456509,93861666,2012-09-15,High,18,126.69000,0.04,Regular Air,-35.56,6.81,5.48
2271,31874,567128,87932728,2012-09-15,High,29,321.95000,0.03,Express Air,20.76,10.98,3.37
4892,24263,180041,85163678,2012-09-15,Low,16,512.81000,0.10,Delivery Truck,-177.07,33.94,19.19
5773,57798,698263,19748793,2012-09-15,High,20,3050.81000,0.01,Delivery Truck,-124.04,140.98,36.09
7230,3333,1044002,23649246,2012-09-15,Not Specified,9,59.05000,0.08,Regular Air,-24.09,6.48,5.40
7647,32640,50374,93861666,2012-09-15,High,12,162.11000,0.04,Express Air,3.91,12.28,6.47
1223,31684,635598,73798026,2012-09-16,Critical,15,89.97000,0.02,Regular Air,23.48,5.68,1.46
1510,3810,605916,41264800,2012-09-16,Critical,25,78.26000,0.04,Express Air,35.09,2.61,0.50
4382,3810,242307,41264800,2012-09-16,Critical,40,221.86000,0.09,Regular Air,-1845.66,4.48,49.00
5892,27841,672413,97850819,2012-09-16,High,33,67.85000,0.05,Regular Air,1.05,2.10,0.70
5917,31684,934862,73798026,2012-09-16,Critical,28,456.91000,0.04,Express Air,-328.18,15.51,17.78
6893,42951,746290,99251719,2012-09-16,Critical,20,2104.99100,0.09,Regular Air,165.45,125.99,8.80
7743,32994,723460,56692640,2012-09-16,Critical,34,226.41000,0.05,Regular Air,-164.89,6.48,8.73
7892,41286,307544,64261965,2012-09-16,Medium,40,260.96000,0.09,Regular Air,-96.70,6.48,6.22
423,56291,774393,6794165,2012-09-17,Not Specified,47,1200.70000,0.06,Regular Air,-37.27,24.98,8.79
2288,24261,775181,74780468,2012-09-17,Critical,28,946.27000,0.06,Regular Air,66.38,33.29,8.74
5446,56291,515534,6794165,2012-09-17,Not Specified,22,11022.53000,0.06,Delivery Truck,1869.86,517.48,16.63
7082,56291,5889,6794165,2012-09-17,Not Specified,25,377.37000,0.04,Regular Air,151.40,15.04,1.97
2713,2885,221926,23386707,2012-09-18,Not Specified,46,712.18000,0.06,Regular Air,13.98,15.42,5.41
3338,33479,995197,55544129,2012-09-18,Critical,50,762.20000,0.07,Regular Air,16.57,15.01,8.40
3428,52419,483546,38640449,2012-09-18,High,32,3500.49000,0.09,Regular Air,230.64,111.03,8.64
3914,57537,23721,79423257,2012-09-18,Medium,29,2948.63000,0.05,Regular Air,888.62,100.97,7.18
4853,33479,164015,55544129,2012-09-18,Critical,27,235.45000,0.06,Regular Air,-8.82,8.56,5.16
7220,57537,538736,79423257,2012-09-18,Medium,4,18.33000,0.09,Regular Air,-7.08,3.98,2.97
7223,57537,276012,79423257,2012-09-18,Medium,13,76.38000,0.03,Express Air,-29.69,4.82,5.24
7429,33479,490474,18837338,2012-09-18,Critical,24,161.87000,0.04,Regular Air,-31.27,6.48,5.11
7520,2885,102789,23386707,2012-09-18,Not Specified,29,197.41000,0.06,Regular Air,-128.68,6.48,8.40
163,29537,681809,33980383,2012-09-19,Low,30,318.56000,0.08,Express Air,-30.97,10.89,4.50
609,12096,924094,50378986,2012-09-19,Medium,46,8009.59250,0.02,Regular Air,2332.40,200.99,8.08
2182,12096,120431,50378986,2012-09-19,Medium,23,4689.66000,0.01,Regular Air,2176.19,194.30,11.54
4662,17157,952312,22856565,2012-09-19,Low,31,3081.47100,0.09,Regular Air,574.98,125.99,4.20
5464,33729,587889,30521001,2012-09-19,Not Specified,26,6995.56000,0.07,Regular Air,-286.58,279.48,35.00
5611,20354,573049,92656557,2012-09-19,Critical,24,76.06000,0.02,Regular Air,30.03,3.15,0.49
1172,38723,284312,41823417,2012-09-20,Critical,9,169.27000,0.09,Regular Air,-68.93,19.98,4.00
1552,39783,189993,102857204,2012-09-20,Not Specified,29,94.50000,0.02,Regular Air,39.90,3.15,0.50
2786,39783,392324,102857204,2012-09-20,Not Specified,19,82.43000,0.04,Regular Air,-94.76,4.06,6.89
2789,39783,231361,102857204,2012-09-20,Not Specified,31,295.97000,0.02,Regular Air,5.02,8.85,5.60
3268,17799,728557,69372586,2012-09-20,Medium,8,149.51000,0.02,Regular Air,-31.11,16.98,12.39
3281,33893,896019,57117060,2012-09-20,Not Specified,16,88.30000,0.09,Regular Air,-12.14,5.85,2.27
3407,38723,835973,31711779,2012-09-20,Critical,39,2617.13000,0.00,Regular Air,368.87,64.98,6.88
4821,33893,996963,57117060,2012-09-20,Not Specified,6,232.21000,0.00,Regular Air,-14.03,35.89,14.72
1237,55170,667910,40344994,2012-09-21,Critical,22,985.29000,0.04,Express Air,138.37,43.98,8.99
2642,36229,492210,45162841,2012-09-21,Not Specified,12,1465.29000,0.02,Regular Air,373.50,120.97,7.11
296,30913,709485,60636010,2012-09-22,Medium,24,496.62000,0.07,Express Air,49.86,19.98,10.49
298,30913,155970,60636010,2012-09-22,Medium,44,126.36000,0.02,Regular Air,50.26,2.89,0.50
300,30913,207983,60636010,2012-09-22,Medium,23,143.10000,0.01,Regular Air,36.75,5.98,1.49
344,25443,229356,38797703,2012-09-22,Medium,33,570.24000,0.01,Regular Air,-57.83,15.99,11.28
1469,59585,314991,50623060,2012-09-22,High,45,712.04000,0.07,Regular Air,-110.93,15.99,9.40
1822,3556,730110,98456564,2012-09-22,Not Specified,48,269.37000,0.05,Regular Air,-103.55,5.74,5.01
6404,3556,715054,98456564,2012-09-22,Not Specified,41,4933.99000,0.10,Regular Air,1161.89,128.24,12.65
7028,30913,937092,60636010,2012-09-22,Medium,36,795.52000,0.08,Regular Air,290.64,22.24,1.99
7670,37158,620362,14871276,2012-09-22,Low,25,172.04000,0.05,Regular Air,-85.11,6.48,7.37
1961,19361,980324,26421512,2012-09-23,Low,21,535.57000,0.05,Regular Air,131.05,25.38,8.99
3068,45571,445991,54085164,2012-09-23,Medium,44,720.52000,0.10,Regular Air,-36.79,17.98,8.51
3719,19361,164015,102101268,2012-09-23,Low,43,364.59000,0.07,Regular Air,-14.28,8.56,5.16
4704,45571,871061,54085164,2012-09-23,Medium,47,5975.04950,0.06,Regular Air,1417.23,155.99,8.99
5783,22055,953470,100815423,2012-09-23,Medium,40,6147.24000,0.05,Delivery Truck,632.98,160.98,30.00
5949,17187,772761,87691641,2012-09-23,High,4,2951.97000,0.09,Delivery Truck,-1890.33,810.98,16.06
6436,45571,217562,54085164,2012-09-23,Medium,43,528.53000,0.05,Regular Air,-7.24,12.21,4.81
7078,19361,604095,102101268,2012-09-23,Low,21,788.85000,0.06,Regular Air,317.53,37.70,2.99
1301,19425,559119,97203720,2012-09-24,Not Specified,34,210.24000,0.00,Regular Air,-31.67,5.68,3.60
1334,23648,464128,18173108,2012-09-24,Critical,4,10.65000,0.10,Regular Air,-0.64,2.61,0.50
3725,35554,34354,12671287,2012-09-24,Not Specified,34,4581.54000,0.05,Delivery Truck,-614.37,130.98,54.74
4003,11650,500073,31869933,2012-09-24,Not Specified,30,243.49000,0.08,Regular Air,-45.89,8.32,2.38
5737,11650,930243,31869933,2012-09-24,Not Specified,26,1090.40000,0.06,Regular Air,146.24,40.97,8.99
6409,52320,545294,2907098,2012-09-24,Low,41,112.60000,0.10,Regular Air,0.49,2.88,1.01
6430,13984,802024,35540504,2012-09-24,Critical,30,2052.82000,0.05,Regular Air,-870.61,70.71,37.58
6647,55655,161867,15814455,2012-09-24,Low,33,3671.14150,0.02,Regular Air,995.09,125.99,8.99
29,39972,656848,75726086,2012-09-25,Not Specified,35,224.58000,0.03,Regular Air,108.49,6.30,0.50
30,39972,481924,75726086,2012-09-25,Not Specified,36,138.59000,0.01,Regular Air,62.73,3.69,0.50
1857,21792,211281,60559394,2012-09-25,Not Specified,26,362.76000,0.09,Regular Air,19.36,14.48,6.46
6920,51107,511714,50383746,2012-09-25,Not Specified,36,772.67000,0.00,Regular Air,286.87,21.38,2.99
6935,39972,841805,75726086,2012-09-25,Not Specified,19,97.06000,0.05,Regular Air,-7.36,5.06,2.99
1823,30720,730110,73091440,2012-09-27,Low,5,32.77000,0.07,Regular Air,-17.19,5.74,5.01
3373,30720,480064,22237665,2012-09-27,Low,27,2398.90000,0.09,Express Air,656.95,95.46,18.13
4644,30720,687259,73091440,2012-09-27,Low,37,1701.53000,0.01,Express Air,735.99,43.98,1.99
4956,57570,77414,69566389,2012-09-28,High,27,1823.04000,0.09,Delivery Truck,-190.78,70.98,26.74
6898,34406,705403,102405473,2012-09-28,Medium,29,142.59000,0.02,Regular Air,-3.23,4.71,0.70
7886,57570,433913,69566389,2012-09-28,High,15,675.23000,0.10,Regular Air,204.08,48.04,7.23
422,16518,72479,74757853,2012-09-29,Critical,36,2628.92250,0.03,Regular Air,832.19,85.99,0.99
2723,36998,525720,43859307,2012-09-29,Low,50,481.23000,0.07,Regular Air,-409.24,9.98,12.52
7081,16518,373891,74757853,2012-09-29,Critical,4,80.29000,0.03,Regular Air,-6.57,18.97,5.21
7528,36998,265285,43859307,2012-09-29,Low,41,265.39000,0.10,Regular Air,-237.01,6.48,9.54
7532,36998,155203,43859307,2012-09-29,Low,8,56.50000,0.02,Regular Air,-17.16,6.48,5.19
7671,26657,450484,53838315,2012-09-29,Medium,28,1107.64000,0.06,Regular Air,333.17,40.98,7.47
1184,8678,416583,79533912,2012-09-30,Low,31,937.80000,0.00,Regular Air,27.12,29.74,6.64
2238,55968,412528,95577022,2012-09-30,Low,40,73.62000,0.05,Regular Air,0.86,1.82,1.00
2378,18592,567128,14751244,2012-09-30,Critical,2,25.72000,0.04,Regular Air,-15.50,10.98,3.37
5711,18374,761908,10406639,2012-09-30,Low,21,150.16000,0.09,Regular Air,-32.78,7.28,5.47
5958,27300,672413,19317610,2012-09-30,Not Specified,27,55.68000,0.04,Regular Air,0.26,2.10,0.70
6268,39654,511714,59426264,2012-09-30,Medium,39,856.15000,0.03,Express Air,330.03,21.38,2.99
230,293,245102,60345992,2012-10-01,High,49,10123.02000,0.07,Delivery Truck,457.81,208.16,68.02
1975,293,820841,60345992,2012-10-01,High,27,244.57000,0.01,Regular Air,46.71,8.69,2.99
2299,22980,789960,97344739,2012-10-01,Not Specified,17,224.09000,0.00,Regular Air,-27.92,12.44,6.27
3562,20579,64446,56764115,2012-10-01,Medium,16,1434.08600,0.10,Regular Air,-26.25,110.99,8.99
3947,929,134191,104482978,2012-10-01,High,39,84.33000,0.04,Regular Air,-64.29,2.08,2.56
3948,929,124828,104482978,2012-10-01,High,21,227.66000,0.04,Regular Air,-100.16,10.97,6.50
5843,6150,990083,70928312,2012-10-01,Critical,38,191.14000,0.06,Regular Air,82.65,4.98,0.80
7854,22980,761140,85163678,2012-10-01,Not Specified,10,56.05000,0.06,Regular Air,-27.73,4.98,5.49
1357,18596,641495,22050539,2012-10-02,Low,32,416.80000,0.01,Regular Air,223.38,12.53,0.50
3131,25476,360858,33663686,2012-10-02,Not Specified,4,13698.96000,0.05,Regular Air,-9078.94,3499.99,24.49
4154,4261,475585,91785983,2012-10-02,Critical,22,1556.87000,0.04,Delivery Truck,-521.42,68.81,60.00
4155,4261,1070903,91785983,2012-10-02,Critical,32,9235.97000,0.04,Regular Air,2848.17,300.65,24.49
4748,25476,118378,33663686,2012-10-02,Not Specified,21,676.69000,0.09,Regular Air,138.10,35.41,1.99
6011,18596,285357,22050539,2012-10-02,Low,42,4917.69000,0.02,Delivery Truck,126.31,110.98,30.00
7382,4261,484348,91785983,2012-10-02,Critical,33,195.98000,0.08,Regular Air,-71.47,5.98,5.35
7383,4261,120598,91785983,2012-10-02,Critical,48,274.38000,0.04,Regular Air,-94.82,5.78,5.37
1464,46534,930660,75847676,2012-10-03,High,13,1341.31000,0.05,Regular Air,5.55,99.99,19.99
6201,31266,582987,15052698,2012-10-03,High,16,6573.75000,0.04,Delivery Truck,1197.05,399.98,12.06
198,15651,171527,20705818,2012-10-04,Critical,8,1496.83000,0.07,Delivery Truck,-329.72,179.29,56.20
1949,15651,322672,20705818,2012-10-04,Critical,14,1144.35000,0.05,Regular Air,-448.60,80.98,35.00
1951,15651,338935,20705818,2012-10-04,Critical,40,2182.91000,0.10,Express Air,549.45,60.22,3.50
4610,51333,102341,99168275,2012-10-04,Not Specified,30,2219.79000,0.10,Delivery Truck,-9.45,80.97,33.60
6370,51333,999980,99168275,2012-10-04,Not Specified,25,237.36000,0.07,Regular Air,-117.86,9.06,9.86
6449,44000,607634,24239354,2012-10-04,Not Specified,19,332.38000,0.05,Regular Air,89.95,17.78,5.03
6885,44000,888317,90732122,2012-10-04,Not Specified,15,502.80000,0.00,Regular Air,-19.10,30.98,19.51
7042,50849,1039422,51065809,2012-10-04,Low,47,307.37000,0.04,Express Air,-249.27,6.48,9.17
7617,5697,852845,58852314,2012-10-04,Critical,31,371.68000,0.03,Regular Air,-13.32,11.29,5.03
7754,44000,523991,24239354,2012-10-04,Not Specified,17,119.51000,0.06,Regular Air,-51.30,7.10,6.05
7960,44000,317100,35404813,2012-10-04,Not Specified,18,85.03000,0.05,Regular Air,-75.31,4.28,6.72
2458,3655,166184,35678860,2012-10-05,Critical,3,62.54000,0.02,Regular Air,-30.74,15.99,13.18
3904,38336,124828,15879065,2012-10-05,Critical,31,346.57000,0.00,Regular Air,-116.45,10.97,6.50
4793,55623,530121,25961578,2012-10-05,Critical,47,10348.73000,0.09,Delivery Truck,1094.57,227.55,32.48
5808,29991,573049,12932634,2012-10-05,Low,41,123.11000,0.06,Regular Air,48.93,3.15,0.49
7210,38336,734492,15879065,2012-10-05,Critical,14,91.75000,0.07,Regular Air,2.82,6.75,2.99
182,33444,805629,30354681,2012-10-06,Medium,11,30.51000,0.09,Regular Air,-17.68,2.60,2.40
5326,33444,109003,30354681,2012-10-06,Medium,8,127.80000,0.07,Regular Air,-30.48,14.97,7.51
5580,50818,240546,22470862,2012-10-06,Medium,34,5518.53150,0.10,Regular Air,1111.26,205.99,8.99
6425,42848,334736,92552035,2012-10-06,Not Specified,50,387.79000,0.01,Regular Air,-56.51,7.64,5.83
7215,4067,523991,87932728,2012-10-06,High,16,118.38000,0.04,Regular Air,-42.46,7.10,6.05
7774,16709,250992,67300487,2012-10-06,High,3,24.36000,0.07,Regular Air,-13.01,6.48,5.74
763,481,414885,83020097,2012-10-07,High,44,4509.37750,0.01,Regular Air,1426.26,115.99,5.26
2490,42722,431822,57533478,2012-10-07,Not Specified,2,19.90000,0.07,Regular Air,15.97,7.38,5.21
2492,42722,505095,57533478,2012-10-07,Not Specified,23,1152.16000,0.00,Regular Air,286.98,48.92,4.50
4214,9509,318701,67755932,2012-10-07,Not Specified,36,12175.82000,0.02,Delivery Truck,2825.15,320.98,58.95
6756,8677,455572,106662918,2012-10-07,High,38,1610.76000,0.10,Regular Air,-8.67,43.57,16.36
7176,58181,781408,101792006,2012-10-07,Not Specified,5,36.43000,0.04,Regular Air,-22.04,5.98,7.15
7431,9509,373891,67755932,2012-10-07,Not Specified,5,101.21000,0.10,Express Air,2.13,18.97,5.21
7432,9509,905789,67755932,2012-10-07,Not Specified,32,1585.64000,0.02,Regular Air,707.15,48.91,5.81
8033,45825,299508,8636979,2012-10-07,Medium,43,272.63000,0.04,Regular Air,-64.45,6.48,5.14
2190,33731,622193,58189342,2012-10-08,High,27,8213.37000,0.02,Delivery Truck,1148.88,284.98,69.55
5550,33731,154899,58189342,2012-10-08,High,32,109.01000,0.09,Regular Air,8.45,3.58,1.63
5644,34241,227306,37499275,2012-10-08,Low,4,207.55000,0.08,Regular Air,16.23,52.71,2.50
7154,33731,852845,58189342,2012-10-08,High,12,138.88000,0.05,Regular Air,-23.99,11.29,5.03
8059,3232,996641,62684908,2012-10-08,Critical,5,42.66000,0.06,Regular Air,-11.83,7.84,4.71
1328,43010,635598,30311200,2012-10-09,Critical,40,233.20000,0.00,Regular Air,74.83,5.68,1.46
1680,40994,178608,32749447,2012-10-09,High,42,793.04000,0.10,Regular Air,323.08,20.98,1.49
2352,28929,134974,64928711,2012-10-09,Medium,46,723.17000,0.09,Regular Air,-154.11,16.98,12.39
5987,43010,245758,30311200,2012-10-09,Critical,24,245.53000,0.02,Regular Air,83.16,10.14,2.27
7267,28929,1017940,64928711,2012-10-09,Medium,37,230.97000,0.08,Regular Air,-173.73,6.48,8.19
708,32356,95746,25750022,2012-10-10,Not Specified,47,5238.19200,0.08,Delivery Truck,-503.77,145.98,46.20
2242,32356,442073,25750022,2012-10-10,Not Specified,12,768.41000,0.10,Regular Air,60.38,67.28,19.99
2188,9473,515586,58189342,2012-10-11,Not Specified,3,31.95000,0.10,Regular Air,-23.69,8.04,8.94
3827,9473,90345,58189342,2012-10-11,Not Specified,34,563.82000,0.03,Regular Air,188.22,16.51,2.99
4296,47686,330665,32605811,2012-10-11,Not Specified,48,179.65000,0.10,Regular Air,3.32,4.13,1.23
4775,58722,1083564,42985416,2012-10-11,Critical,45,4042.96000,0.05,Delivery Truck,-699.72,89.99,42.00
5554,9473,934862,58189342,2012-10-11,Not Specified,31,502.44000,0.04,Regular Air,-363.44,15.51,17.78
1668,6500,819688,60937343,2012-10-12,Critical,20,38.29000,0.06,Regular Air,-16.15,1.95,1.63
2880,6500,719525,60937343,2012-10-12,Critical,15,448.07000,0.10,Regular Air,-141.02,30.42,8.65
5185,36390,156820,86353944,2012-10-12,High,3,329.63000,0.05,Regular Air,-541.33,125.99,8.99
5777,9765,715054,49508194,2012-10-12,Low,26,3505.60000,0.03,Regular Air,1019.70,128.24,12.65
2011,44678,541994,15023876,2012-10-13,Low,36,1152.63000,0.03,Regular Air,389.40,32.48,7.09
2620,48801,430810,97203720,2012-10-13,High,43,2387.61000,0.01,Regular Air,527.13,54.20,11.10
5393,44678,489579,15023876,2012-10-13,Low,4,7.56000,0.10,Regular Air,-5.53,1.89,0.76
6741,59683,985540,72667470,2012-10-13,Not Specified,37,191.36000,0.05,Regular Air,-82.09,4.91,4.97
200,32165,529796,81843446,2012-10-14,Not Specified,38,2939.68250,0.02,Regular Air,192.06,85.99,0.99
4716,25473,585869,103492523,2012-10-14,High,36,17304.85000,0.05,Delivery Truck,7434.48,500.98,28.14
5706,56069,209997,64444841,2012-10-14,Low,10,55.66000,0.09,Regular Air,8.82,5.68,1.39
5780,1447,828775,9969848,2012-10-14,High,40,2135.97350,0.07,Regular Air,239.40,65.99,8.99
7753,25473,709916,103492523,2012-10-14,High,20,794.32000,0.08,Regular Air,67.61,40.99,17.48
2487,21665,481236,39400605,2012-10-15,High,5,474.79300,0.09,Express Air,-407.26,115.99,2.50
6465,25152,942547,57583255,2012-10-15,Critical,29,195.21000,0.07,Regular Air,16.40,7.08,2.35
7166,15715,712459,86967557,2012-10-15,Critical,43,2123.64000,0.03,Regular Air,1013.77,47.90,5.86
3033,14630,614969,52287358,2012-10-16,Low,17,363.54000,0.08,Regular Air,4.75,22.01,5.53
3448,56740,699709,10056208,2012-10-16,Critical,33,662.21000,0.01,Regular Air,256.57,18.84,3.62
4016,56740,522377,83933572,2012-10-16,Low,29,23516.31000,0.09,Regular Air,1094.74,832.81,24.49
4323,36034,828731,89681717,2012-10-16,High,10,19.36000,0.00,Regular Air,-1.02,1.76,0.70
7020,26084,570116,4221093,2012-10-16,Low,33,228.82000,0.03,Express Air,-107.00,6.68,7.30
7287,56740,99546,83933572,2012-10-16,Low,6,34.29000,0.05,Regular Air,-6.82,5.28,2.99
4756,51940,584340,107541916,2012-10-17,High,11,65.50000,0.08,Regular Air,-55.94,5.98,4.38
5144,35713,209835,16637514,2012-10-17,Medium,49,1355.47000,0.04,Regular Air,590.04,28.53,1.49
7862,34182,541296,89960282,2012-10-17,Critical,31,336.34000,0.05,Regular Air,-89.90,10.52,7.94
301,8231,709485,56352213,2012-10-18,Critical,5,110.03000,0.06,Regular Air,-31.33,19.98,10.49
304,8231,640880,56352213,2012-10-18,Critical,27,79.44000,0.06,Regular Air,29.85,2.88,0.50
411,50055,89922,61555104,2012-10-18,Medium,1,13.45000,0.00,Regular Air,-8.20,5.40,7.78
800,19782,947521,54628732,2012-10-18,Low,18,33.21000,0.06,Regular Air,-0.85,1.81,0.75
1501,48643,147972,45622197,2012-10-18,Medium,6,18.05000,0.06,Regular Air,0.13,2.88,0.99
1601,50308,659453,96448861,2012-10-18,Low,19,86.48000,0.10,Regular Air,33.58,4.91,0.50
4371,48643,49746,45622197,2012-10-18,Medium,14,9171.71000,0.06,Delivery Truck,2636.01,808.49,55.30
4553,33924,585869,36382841,2012-10-18,Not Specified,12,6168.07000,0.05,Delivery Truck,1542.00,500.98,28.14
4633,54721,924506,100787002,2012-10-18,Not Specified,19,2002.40000,0.00,Delivery Truck,151.09,100.98,26.22
6123,48643,977308,45622197,2012-10-18,Medium,50,2896.35800,0.00,Regular Air,583.50,65.99,8.99
6829,55296,468265,93475684,2012-10-18,Low,32,317.06000,0.05,Regular Air,105.47,10.06,2.06
7075,50055,1054832,61555104,2012-10-18,Medium,11,75.79000,0.09,Regular Air,-18.77,6.68,4.91
7264,30401,591346,90386354,2012-10-18,Medium,39,239.40000,0.07,Regular Air,-57.37,5.98,5.15
7415,12356,484348,25165064,2012-10-18,Critical,39,243.05000,0.02,Regular Air,-70.85,5.98,5.35
302,19777,364705,56352213,2012-10-19,Not Specified,24,3268.75150,0.04,Regular Air,562.91,155.99,8.08
1294,33477,652699,40629636,2012-10-19,High,28,269.28000,0.08,Regular Air,113.63,10.35,0.99
2008,19777,995197,56352213,2012-10-19,Not Specified,22,321.91000,0.06,Regular Air,-24.96,15.01,8.40
2009,19777,240412,56352213,2012-10-19,Not Specified,2,132.96000,0.05,Regular Air,-61.88,59.78,10.29
3603,27750,724277,81843446,2012-10-19,Low,12,769.17000,0.00,Delivery Truck,-212.01,58.14,36.61
78,27780,114426,69563791,2012-10-20,Critical,39,147.71000,0.00,Regular Air,-30.25,3.68,1.32
82,27780,358060,69563791,2012-10-20,Critical,18,56.41000,0.02,Regular Air,11.92,3.08,0.99
752,612,796442,98822841,2012-10-20,Medium,43,2531.08750,0.01,Regular Air,881.68,65.99,2.50
3546,27780,687259,69563791,2012-10-20,Critical,39,1678.34000,0.05,Regular Air,670.11,43.98,1.99
7211,612,736435,98822841,2012-10-20,Medium,50,262.87000,0.10,Regular Air,-166.29,5.28,6.26
3207,2275,759968,61047485,2012-10-21,Not Specified,49,278.00000,0.08,Regular Air,41.67,6.08,1.17
3681,11168,1005483,75234630,2012-10-21,Critical,35,182.86000,0.00,Regular Air,-106.27,4.82,5.72
6516,8065,161786,18255550,2012-10-21,Medium,17,1125.76000,0.00,Regular Air,379.28,60.65,12.23
972,31845,604082,71376437,2012-10-22,Low,36,3645.12000,0.04,Delivery Truck,807.29,100.98,15.66
2818,54180,361951,29025972,2012-10-22,Critical,43,913.99000,0.08,Regular Air,-57.75,21.38,8.99
4628,55716,171277,24699845,2012-10-22,High,9,14665.55000,0.07,Regular Air,-767.51,1637.53,24.49
6259,31845,468265,28782880,2012-10-22,Low,11,114.55000,0.05,Regular Air,28.61,10.06,2.06
125,47522,234470,39049481,2012-10-23,High,5,80.56000,0.03,Regular Air,12.50,15.67,1.39
705,3559,604088,92656557,2012-10-23,Medium,34,136.67000,0.07,Express Air,-117.92,3.81,5.44
3833,35712,23721,3863253,2012-10-23,High,42,3931.17000,0.10,Regular Air,1174.02,100.97,7.18
6057,14372,525152,11928127,2012-10-23,Critical,34,5350.61000,0.09,Delivery Truck,-1059.20,170.98,60.49
7164,35712,191428,3863253,2012-10-23,High,24,134.88000,0.00,Regular Air,-122.21,5.28,8.16
7505,48902,938591,20427219,2012-10-23,Medium,7,53.29000,0.01,Regular Air,-28.88,6.48,7.49
8007,2630,279111,80666018,2012-10-23,Low,31,146.51000,0.04,Regular Air,37.14,4.73,1.52
108,53445,638256,44817590,2012-10-24,High,21,73.80000,0.02,Regular Air,11.23,3.29,1.35
1892,53445,152427,44817590,2012-10-24,High,8,105.95000,0.01,Regular Air,-44.33,11.66,8.99
3262,5378,845978,43339092,2012-10-24,Critical,6,54.28000,0.01,Express Air,-11.98,6.24,5.22
5443,30976,491548,61555104,2012-10-24,High,10,403.88000,0.07,Regular Air,48.03,40.97,1.99
455,57861,186776,30521001,2012-10-25,Medium,40,120.15000,0.00,Regular Air,11.32,2.88,1.49
953,56224,604088,16907084,2012-10-25,Medium,35,144.06000,0.01,Regular Air,-117.27,3.81,5.44
956,56224,491105,16907084,2012-10-25,Medium,9,902.02400,0.04,Delivery Truck,-153.25,124.49,51.94
957,56224,682640,16907084,2012-10-25,Medium,32,3205.24000,0.01,Delivery Truck,-1115.99,95.95,74.35
3002,17831,168172,15610164,2012-10-25,Critical,34,239.30000,0.06,Regular Air,41.31,6.98,2.83
4570,3521,269026,34598354,2012-10-25,Low,50,204.11000,0.06,Regular Air,28.71,4.28,0.94
5753,56224,380477,16907084,2012-10-25,Medium,46,339.27000,0.10,Regular Air,48.59,7.89,2.82
7440,56676,1031199,47742901,2012-10-25,Critical,39,206.47000,0.08,Regular Air,-107.20,5.28,5.66
7709,17831,484348,15610164,2012-10-25,Critical,38,260.41000,0.00,Express Air,-45.75,5.98,5.35
681,55171,284312,38326802,2012-10-26,High,29,575.89000,0.06,Regular Air,-14.04,19.98,4.00
909,39269,666242,10766748,2012-10-26,Low,16,464.69500,0.06,Regular Air,107.51,35.99,2.50
1838,16197,704553,74374530,2012-10-26,Critical,23,218.71000,0.00,Express Air,67.23,9.11,2.15
4869,32871,124828,68444699,2012-10-26,High,9,107.92000,0.04,Regular Air,-57.65,10.97,6.50
6587,32871,399912,68444699,2012-10-26,High,14,2151.08000,0.03,Delivery Truck,179.05,145.45,17.85
7189,55171,552704,38326802,2012-10-26,High,43,260.60000,0.05,Regular Air,-182.71,5.78,7.96
7727,16197,524385,74374530,2012-10-26,Critical,19,103.68000,0.08,Regular Air,-58.16,5.28,5.85
637,16132,258022,5130941,2012-10-27,Medium,26,519.96000,0.07,Regular Air,169.44,21.38,2.99
808,23395,851117,55611186,2012-10-27,Medium,31,1296.46000,0.01,Regular Air,376.47,39.48,1.99
1729,51556,737723,90386549,2012-10-27,High,10,45.69000,0.01,Express Air,-24.21,3.57,4.17
1912,1345,160678,91811409,2012-10-27,Low,24,2443.85000,0.08,Delivery Truck,-120.85,100.98,35.84
3074,17700,845978,63444550,2012-10-27,Critical,20,2305.75000,0.03,Regular Air,-530.68,113.64,35.00
6496,18918,637817,28399266,2012-10-27,Not Specified,7,6362.94000,0.10,Regular Air,-221.78,999.99,13.99
231,21634,245102,73316576,2012-10-28,Not Specified,8,1611.73000,0.10,Delivery Truck,-314.61,208.16,68.02
1022,8289,463033,59694432,2012-10-28,Low,38,572.74000,0.00,Regular Air,53.31,14.45,7.17
1711,9861,751450,71736805,2012-10-28,Low,47,706.68000,0.10,Regular Air,6.60,15.94,5.45
3545,43104,112415,69563791,2012-10-28,High,50,4648.52000,0.10,Delivery Truck,1676.70,100.97,14.00
5352,21634,388220,73316576,2012-10-28,Not Specified,1,1946.55000,0.07,Regular Air,-4017.62,1938.02,13.99
6903,38912,784832,34397851,2012-10-28,Low,26,1514.96350,0.02,Regular Air,310.19,65.99,4.99
6911,41504,1018236,64766657,2012-10-28,Critical,20,302.94000,0.07,Regular Air,-30.20,15.51,5.80
7452,23428,621870,68210083,2012-10-28,High,41,980.95000,0.02,Regular Air,234.68,22.84,8.18
1874,26116,1003701,84795584,2012-10-29,Critical,36,697.41000,0.04,Regular Air,81.71,18.97,9.03
2243,47971,410733,73939563,2012-10-29,High,24,113.43000,0.09,Regular Air,-53.06,4.95,5.32
2414,40672,160678,9969848,2012-10-29,Low,16,1617.91000,0.04,Delivery Truck,-159.21,100.98,35.84
3605,3014,518671,108626146,2012-10-29,Not Specified,13,4002.14000,0.02,Regular Air,1314.39,304.99,19.99
4980,18531,870163,53512689,2012-10-29,Critical,50,1298.81000,0.04,Delivery Truck,-250.55,25.98,14.36
5990,41378,251563,69252035,2012-10-29,Not Specified,30,5454.51000,0.03,Delivery Truck,446.26,180.98,30.00
7460,41378,247078,69252035,2012-10-29,Not Specified,42,1264.17000,0.05,Regular Air,433.34,29.89,1.99
241,15872,498918,74518551,2012-10-30,Not Specified,23,188.53000,0.00,Regular Air,-27.49,7.35,5.96
242,15872,604082,74518551,2012-10-30,Not Specified,48,5198.12000,0.01,Delivery Truck,1481.67,100.98,15.66
746,53536,171527,37499275,2012-10-30,High,5,1015.40000,0.00,Delivery Truck,-234.59,179.29,56.20
1230,43653,638256,79410087,2012-10-30,High,3,10.62000,0.07,Regular Air,-3.96,3.29,1.35
1231,43653,911552,79410087,2012-10-30,High,39,666.40000,0.00,Express Air,2.02,15.73,7.42
1442,48706,494051,35248419,2012-10-30,Low,18,132.78000,0.09,Regular Air,-130.96,7.28,11.15
3773,30499,757246,11934383,2012-10-30,High,33,199.62000,0.01,Regular Air,42.34,5.84,1.20
4194,43653,398909,79410087,2012-10-30,High,10,351.30000,0.06,Regular Air,1.45,34.76,8.22
5037,26306,884845,47596871,2012-10-30,Low,15,2567.64000,0.00,Regular Air,-505.98,209.37,69.00
5049,17061,116812,40189087,2012-10-30,Critical,28,80.53000,0.01,Regular Air,10.01,2.88,0.70
5500,48706,688400,35183561,2012-10-30,Low,28,31.20000,0.09,Regular Air,-2.81,1.14,0.70
5548,17510,845743,12859907,2012-10-30,Critical,28,462.12000,0.00,Regular Air,226.40,15.57,1.39
5641,53536,805551,37499275,2012-10-30,High,35,738.69000,0.10,Regular Air,109.16,22.98,7.58
6157,26306,623126,31307134,2012-10-30,Low,39,7725.66000,0.05,Delivery Truck,-737.41,200.98,55.96
7011,15872,709916,74518551,2012-10-30,Not Specified,19,718.41000,0.10,Regular Air,23.94,40.99,17.48
7116,30499,73356,11934383,2012-10-30,High,16,92.06000,0.10,Regular Air,5.66,5.98,2.50
171,48423,789601,21703579,2012-10-31,High,49,414.11000,0.08,Regular Air,-172.32,8.74,8.29
276,37185,805629,14548487,2012-10-31,High,8,23.19000,0.02,Regular Air,-13.27,2.60,2.40
2302,9350,893965,31290794,2012-10-31,Critical,13,1735.94000,0.10,Delivery Truck,-432.54,140.98,53.48
4056,23585,519574,25362542,2012-10-31,Critical,44,192.78000,0.06,Regular Air,4.59,4.28,1.60
5684,9350,161786,31290794,2012-10-31,Critical,2,337.60000,0.10,Regular Air,-210.78,172.99,19.99
7938,59492,653263,60796863,2012-10-31,Not Specified,25,170.40000,0.02,Regular Air,-153.75,6.48,10.05
1619,35456,154089,84641727,2012-11-01,Critical,37,46.37000,0.03,Regular Air,-19.81,1.26,0.70
2573,37287,56825,42440910,2012-11-01,Low,18,122.41000,0.09,Regular Air,2.37,6.64,4.95
2899,32231,821950,24574802,2012-11-01,Low,44,192.33000,0.01,Regular Air,48.54,4.26,1.20
4606,19586,134191,19029328,2012-11-01,Not Specified,36,70.63000,0.10,Regular Air,-66.87,2.08,2.56
5733,53990,609559,10181449,2012-11-01,Not Specified,44,4263.93150,0.04,Regular Air,1411.03,110.99,2.50
6686,32325,805551,33281016,2012-11-01,Critical,45,1103.73000,0.00,Regular Air,189.28,22.98,7.58
6886,37287,102816,33447795,2012-11-01,Low,45,130.25000,0.05,Regular Air,0.89,2.98,1.58
6901,37287,609559,57185034,2012-11-01,Low,22,2052.26550,0.04,Regular Air,371.40,110.99,2.50
5913,3297,609474,38079848,2012-11-02,High,40,158.70000,0.04,Regular Air,-196.80,3.75,7.50
979,5890,394140,80357374,2012-11-03,High,42,813.53500,0.00,Express Air,435.95,20.99,0.99
2457,34022,56825,94848024,2012-11-03,Not Specified,6,43.90000,0.06,Regular Air,12.74,6.64,4.95
7336,34022,84722,94848024,2012-11-03,Not Specified,50,236.28000,0.05,Regular Air,-34.06,4.91,3.05
4929,37798,470743,87328286,2012-11-04,High,23,6276.83000,0.09,Delivery Truck,813.49,291.73,48.80
6036,19143,772761,23169608,2012-11-04,High,3,2421.02000,0.07,Delivery Truck,-1943.17,810.98,16.06
943,36163,463033,45307458,2012-11-05,Low,32,463.00000,0.07,Regular Air,24.61,14.45,7.17
1185,53188,416583,96713610,2012-11-05,High,22,621.21000,0.07,Regular Air,-42.35,29.74,6.64
4250,20032,457455,18173108,2012-11-05,Medium,8,137.38000,0.06,Regular Air,-11.39,17.48,1.99
1382,15937,680802,86931361,2012-11-06,Low,17,215.65000,0.01,Express Air,77.38,12.22,2.85
2819,10951,661590,55920460,2012-11-06,Not Specified,14,677.43000,0.10,Regular Air,75.48,50.98,22.24
4291,15937,1005967,86931361,2012-11-06,Low,32,311.44000,0.04,Regular Air,74.07,9.78,1.99
4619,25249,209835,15499743,2012-11-06,Medium,34,926.85000,0.09,Regular Air,382.94,28.53,1.49
6215,50370,272408,97936435,2012-11-06,Critical,25,122.05000,0.00,Express Air,-67.60,4.24,5.41
1614,57671,816179,5890384,2012-11-07,Not Specified,6,22.78000,0.01,Regular Air,3.96,3.75,0.50
3458,29927,222984,40923657,2012-11-07,High,19,257.97000,0.03,Regular Air,33.18,12.95,4.98
7631,31681,1031199,91042485,2012-11-07,Not Specified,38,212.12000,0.02,Regular Air,-93.78,5.28,5.66
1430,20292,899702,59478070,2012-11-08,Medium,26,452.39000,0.08,Regular Air,-22.83,17.52,8.17
2911,51109,207567,37451272,2012-11-08,High,28,112.05000,0.04,Regular Air,26.21,4.00,1.30
3071,42469,945043,51561429,2012-11-08,Not Specified,31,934.87000,0.09,Regular Air,98.69,31.74,12.62
3484,42469,87215,8905627,2012-11-08,Not Specified,18,2130.82000,0.05,Regular Air,818.92,120.98,9.07
379,23847,196617,82445538,2012-11-09,Not Specified,7,1278.64650,0.01,Regular Air,-396.17,200.99,4.20
1281,48803,1038283,40351884,2012-11-09,Critical,19,200.41000,0.05,Regular Air,-23.65,10.23,4.68
1886,21827,499554,16666221,2012-11-09,Not Specified,25,1351.78000,0.06,Regular Air,109.92,56.96,13.22
2992,39364,1007032,13019151,2012-11-09,High,29,2754.93000,0.06,Regular Air,-1.33,92.23,39.61
2993,39364,158483,13019151,2012-11-09,High,15,19417.55000,0.03,Regular Air,8417.57,1270.99,19.99
773,22819,421568,79423257,2012-11-10,High,1,6.77000,0.06,Regular Air,-3.66,2.52,4.28
2163,4864,116470,20566789,2012-11-10,Low,16,4901.99000,0.04,Regular Air,1724.68,315.98,19.99
2483,57699,332624,71098769,2012-11-10,Low,20,43.94000,0.09,Regular Air,-72.23,2.08,5.33
3435,9602,712849,29599945,2012-11-10,Critical,16,36.23000,0.02,Regular Air,-24.87,2.12,1.99
3659,55777,199159,72058336,2012-11-10,Not Specified,6,323.53000,0.06,Regular Air,136.32,51.75,19.99
4131,57699,728530,71098769,2012-11-10,Low,47,1857.88000,0.09,Regular Air,752.96,40.98,1.99
5161,9602,499951,48301253,2012-11-10,Critical,27,2654.16000,0.01,Delivery Truck,600.93,90.97,28.00
5392,55777,967595,72058336,2012-11-10,Not Specified,1,65.74750,0.10,Express Air,-252.48,65.99,3.99
5865,57699,954683,71098769,2012-11-10,Low,36,2160.83000,0.08,Regular Air,485.02,60.98,19.99
6737,9602,1030475,48301253,2012-11-10,Critical,15,1722.65000,0.05,Delivery Truck,-399.67,114.98,51.42
7472,42758,5889,47672749,2012-11-10,Critical,42,638.07000,0.05,Regular Air,278.89,15.04,1.97
1591,57600,480920,33887422,2012-11-11,Critical,44,186.94000,0.05,Regular Air,85.81,4.13,0.50
2963,57600,240412,59254130,2012-11-11,Critical,32,1882.12000,0.05,Regular Air,584.15,59.78,10.29
3180,51297,820841,42985416,2012-11-11,Low,41,356.28000,0.07,Express Air,65.76,8.69,2.99
7111,31552,937092,23795937,2012-11-11,High,17,378.08000,0.00,Regular Air,70.48,22.24,1.99
7112,31552,247078,23795937,2012-11-11,High,24,731.71000,0.00,Regular Air,175.82,29.89,1.99
7586,57600,1021964,33887422,2012-11-11,Critical,12,407.20000,0.01,Regular Air,-8.42,30.98,17.08
4898,58564,134191,10166893,2012-11-12,Critical,49,103.03000,0.07,Regular Air,-82.63,2.08,2.56
2283,45700,800064,97492463,2012-11-13,High,43,1704.58000,0.02,Regular Air,518.48,38.06,4.50
6608,19936,357719,57930738,2012-11-13,Critical,19,36.75000,0.06,Regular Air,-9.82,1.88,1.49
7855,19936,247078,57930738,2012-11-13,Critical,41,1115.20000,0.09,Regular Air,301.31,29.89,1.99
3073,21191,482713,63444550,2012-11-14,High,48,7235.83000,0.01,Regular Air,3496.37,140.99,13.99
355,24801,497741,75234630,2012-11-15,High,10,1024.16500,0.02,Regular Air,-105.70,115.99,5.99
357,24801,642251,75234630,2012-11-15,High,3,18.91000,0.00,Regular Air,-16.35,3.89,7.01
949,31456,258022,88555704,2012-11-15,High,10,225.09000,0.02,Regular Air,64.14,21.38,2.99
3680,24801,1054629,75234630,2012-11-15,High,7,685.70000,0.01,Regular Air,350.94,88.84,20.79
7411,13346,467344,39140094,2012-11-15,Low,44,268.34000,0.09,Regular Air,-240.83,6.48,8.88
8037,45346,229862,100387769,2012-11-15,High,37,692.15000,0.09,Regular Air,150.38,19.98,5.97
590,47682,746721,5044115,2012-11-16,Not Specified,38,3191.24000,0.00,Regular Air,1620.23,83.98,5.01
981,48448,394140,79432579,2012-11-16,Low,20,340.95200,0.09,Regular Air,108.94,20.99,0.99
5034,35938,661224,69488635,2012-11-17,Not Specified,6,1770.70000,0.05,Delivery Truck,-448.25,280.98,57.00
6689,35938,492902,69488635,2012-11-17,Not Specified,48,628.33000,0.09,Regular Air,-226.62,14.03,9.37
2145,3328,779048,67539279,2012-11-18,Low,12,1736.41000,0.10,Delivery Truck,-762.44,146.05,80.20
4757,42944,542007,30535909,2012-11-18,Critical,43,9750.55000,0.00,Delivery Truck,1061.61,216.60,64.20
5072,24579,1070903,50327280,2012-11-18,High,45,13921.60000,0.02,Regular Air,5183.04,300.65,24.49
6701,24579,607882,50327280,2012-11-18,High,40,467.50000,0.08,Regular Air,-33.34,11.97,4.98
7033,129,1017940,56352213,2012-11-18,Low,4,32.72000,0.09,Regular Air,-22.59,6.48,8.19
711,44737,106849,73939563,2012-11-19,Medium,16,302.13250,0.02,Regular Air,38.91,20.99,0.99
1633,34659,963970,55591205,2012-11-19,High,42,259.43000,0.00,Regular Air,-52.52,5.77,4.97
1717,54656,640076,37999431,2012-11-19,High,22,109.52000,0.09,Express Air,-73.35,4.54,5.83
3987,16134,585869,66982166,2012-11-19,High,43,21921.28000,0.04,Delivery Truck,10521.33,500.98,28.14
4611,31042,844618,12055977,2012-11-19,Medium,26,3227.38000,0.05,Delivery Truck,192.31,120.98,30.00
5619,44737,462054,73939563,2012-11-19,Medium,11,773.74000,0.02,Regular Air,-309.48,64.65,35.00
478,1796,341229,97588200,2012-11-20,High,43,183.41000,0.07,Regular Air,-125.41,4.13,5.04
1903,50017,192481,40615970,2012-11-20,Low,24,2014.13000,0.10,Regular Air,-794.94,89.83,35.00
5300,50017,573539,40615970,2012-11-20,Low,43,1502.47000,0.07,Regular Air,214.05,34.58,8.99
7357,13158,734492,24306819,2012-11-20,Critical,26,187.16000,0.01,Regular Air,29.33,6.75,2.99
1038,41063,196162,73429118,2012-11-21,Low,10,308.36300,0.04,Regular Air,42.27,35.99,0.99
1039,41063,990658,73429118,2012-11-21,Low,26,1911.40350,0.06,Regular Air,822.89,85.99,1.25
1800,22817,593570,34181262,2012-11-21,Critical,27,6785.86000,0.05,Delivery Truck,-740.07,262.11,62.74
2436,41063,361951,73429118,2012-11-21,Low,22,483.96000,0.01,Regular Air,-34.09,21.38,8.99
3902,50503,918877,37499275,2012-11-21,Medium,28,1538.86550,0.05,Regular Air,-186.33,65.99,19.99
5655,20676,357719,87932728,2012-11-22,Low,22,43.97000,0.04,Regular Air,-9.05,1.88,1.49
5988,36160,240546,30311200,2012-11-22,Low,12,2218.89100,0.00,Express Air,79.54,205.99,8.99
7396,16775,1087413,86789397,2012-11-22,Low,49,2469.15000,0.04,Regular Air,1244.81,48.94,5.86
3419,31270,719525,74145267,2012-11-23,Medium,5,165.04000,0.03,Regular Air,-112.44,30.42,8.65
3420,31270,124081,74145267,2012-11-23,Medium,21,6806.66000,0.00,Delivery Truck,801.72,299.05,87.01
4907,31270,470743,74145267,2012-11-23,Medium,3,891.61000,0.10,Delivery Truck,-328.36,291.73,48.80
1283,33637,840230,81921479,2012-11-24,Low,35,192.21000,0.07,Regular Air,-61.36,5.47,5.26
1811,34976,682640,89379992,2012-11-24,Medium,45,4475.00000,0.02,Delivery Truck,-1523.77,95.95,74.35
3388,37765,392324,32369615,2012-11-24,Low,7,42.66000,0.09,Express Air,-30.74,4.06,6.89
4882,37765,461227,32369615,2012-11-24,Low,12,1465.33000,0.01,Delivery Truck,-66.38,113.98,30.00
7706,34976,333937,89379992,2012-11-24,Medium,29,168.20000,0.08,Regular Air,-64.53,5.98,5.46
7850,37765,940550,32369615,2012-11-24,Low,18,655.58000,0.01,Regular Air,250.67,35.44,5.09
788,9504,654261,74780468,2012-11-25,Medium,17,1954.79600,0.05,Regular Air,98.35,140.99,4.20
7474,47777,1022569,96376660,2012-11-25,Low,13,87.91000,0.05,Regular Air,-27.91,6.68,5.41
689,40838,793455,88925672,2012-11-26,Not Specified,40,323.96000,0.07,Regular Air,-136.82,8.09,7.96
690,40838,586808,88925672,2012-11-26,Not Specified,10,175.85650,0.03,Regular Air,-93.26,20.99,1.25
1502,40289,147972,29705839,2012-11-26,Not Specified,26,78.09000,0.01,Regular Air,19.63,2.88,0.99
2344,25377,425256,42941089,2012-11-26,Low,3,4343.51000,0.09,Delivery Truck,-3755.03,1500.97,29.70
3037,23777,300581,39007820,2012-11-26,Not Specified,16,487.70000,0.06,Regular Air,-67.54,31.98,6.72
6100,6529,430465,7031126,2012-11-26,Medium,35,89.71000,0.04,Regular Air,20.71,2.62,0.80
6127,40289,245758,29705839,2012-11-26,Not Specified,4,42.77000,0.04,Regular Air,-1.19,10.14,2.27
871,23618,767830,80369893,2012-11-27,Medium,45,2601.79050,0.02,Regular Air,748.20,65.99,5.26
887,23713,238390,52483004,2012-11-28,Not Specified,38,3701.52050,0.05,Regular Air,894.06,115.99,5.92
2001,28934,492210,19890992,2012-11-28,Medium,26,3356.92000,0.00,Express Air,1555.90,120.97,7.11
3645,28934,1019643,19890992,2012-11-28,Medium,12,1272.35000,0.00,Regular Air,297.57,100.98,7.18
5379,28934,953470,19890992,2012-11-28,Medium,26,4000.35000,0.07,Delivery Truck,303.39,160.98,30.00
5397,22432,954683,20700273,2012-11-28,Not Specified,45,2728.42000,0.06,Regular Air,664.15,60.98,19.99
6823,56644,616627,62867073,2012-11-28,Not Specified,36,82.09000,0.02,Regular Air,11.44,2.21,1.00
7816,29282,265285,100582712,2012-11-28,Medium,4,34.27000,0.10,Regular Air,-26.44,6.48,9.54
2395,11137,483546,55827442,2012-11-29,High,48,5188.86000,0.10,Regular Air,395.12,111.03,8.64
5451,54501,250373,51940252,2012-11-29,Critical,16,225.46000,0.09,Regular Air,-33.03,13.99,7.51
5452,54501,784832,51940252,2012-11-29,Critical,36,2039.08200,0.01,Regular Air,481.70,65.99,4.99
5453,54501,572974,51940252,2012-11-29,Critical,38,783.96000,0.05,Regular Air,-1195.29,20.34,35.00
1728,614,736799,87627247,2012-11-30,High,24,3366.10000,0.07,Delivery Truck,-335.32,138.75,52.42
2599,40032,913152,81921479,2012-11-30,Low,9,23300.12000,0.06,Delivery Truck,-217.47,2550.14,29.70
4565,614,510087,87627247,2012-11-30,High,41,628.22000,0.00,Regular Air,163.81,14.34,5.00
4847,18368,629536,41191887,2012-11-30,Not Specified,3,5972.59000,0.06,Delivery Truck,-4852.53,2036.48,14.70
6568,18368,455222,41191887,2012-11-30,Not Specified,35,1275.61000,0.08,Regular Air,517.33,37.94,5.08
6570,18368,181963,41191887,2012-11-30,Not Specified,3,212.91000,0.00,Regular Air,-65.15,70.97,3.50
2795,14435,360858,23905406,2012-12-01,Not Specified,9,33367.85000,0.01,Regular Air,3992.52,3499.99,24.49
3701,48576,209835,76162149,2012-12-01,Not Specified,17,464.59000,0.07,Regular Air,168.22,28.53,1.49
4428,14435,1083564,23905406,2012-12-01,Not Specified,41,3731.59000,0.00,Delivery Truck,-605.52,89.99,42.00
4432,14435,940865,23905406,2012-12-01,Not Specified,44,1299.91000,0.06,Regular Air,439.26,30.98,5.76
7067,48576,938591,76162149,2012-12-01,Not Specified,47,316.68000,0.06,Regular Air,-161.00,6.48,7.49
1504,12837,147972,89767975,2012-12-02,Medium,22,66.19000,0.02,Regular Air,15.84,2.88,0.99
2938,13570,68351,52863444,2012-12-02,Not Specified,2,16.97000,0.04,Regular Air,-8.80,8.34,0.96
3376,5954,345368,13012156,2012-12-02,Critical,32,18316.30000,0.06,Delivery Truck,4569.06,596.98,14.70
3762,55747,528974,43122374,2012-12-02,High,36,17560.95000,0.09,Delivery Truck,4801.82,500.98,26.00
4579,13570,64446,52863444,2012-12-02,Not Specified,42,4077.75600,0.04,Regular Air,1086.96,110.99,8.99
6073,56708,957636,32914519,2012-12-02,Not Specified,36,407.17000,0.04,Regular Air,-12.82,11.58,6.97
6074,56708,952554,32914519,2012-12-02,Not Specified,36,10006.28000,0.10,Delivery Truck,-760.98,286.85,61.76
7325,35590,690859,12932634,2012-12-02,Critical,4,423.95000,0.00,Regular Air,-263.95,99.99,19.99
7999,12837,937092,75280011,2012-12-02,Medium,50,1100.21000,0.03,Regular Air,433.59,22.24,1.99
325,48615,480920,65938413,2012-12-03,Low,4,16.91000,0.08,Regular Air,0.21,4.13,0.50
1272,41671,865125,14443258,2012-12-03,Critical,49,638.91000,0.02,Regular Air,77.48,12.98,3.14
2015,48615,507264,65938413,2012-12-03,Low,8,464.66000,0.04,Regular Air,219.02,54.74,14.83
3493,21505,622193,30509837,2012-12-03,Low,3,912.35000,0.07,Delivery Truck,-379.22,284.98,69.55
3980,24451,475585,64790573,2012-12-03,Critical,24,1689.97000,0.06,Delivery Truck,-564.74,68.81,60.00
4063,55239,884845,93685062,2012-12-03,Critical,6,1008.87200,0.02,Express Air,-505.98,209.37,69.00
7928,55239,299508,79874489,2012-12-03,Critical,13,95.68000,0.07,Express Air,-15.27,6.48,5.14
1191,59329,604088,66658318,2012-12-04,Critical,35,128.12000,0.08,Regular Air,-135.60,3.81,5.44
2548,59329,845978,66658318,2012-12-04,Critical,25,165.62000,0.03,Regular Air,-64.72,6.24,5.22
2549,59329,858159,66658318,2012-12-04,Critical,41,214.23000,0.01,Regular Air,-165.42,4.86,7.10
4175,15712,575569,86789397,2012-12-04,High,1,102.90000,0.07,Delivery Truck,-81.89,48.58,54.11
5900,59329,766319,66658318,2012-12-04,Critical,41,214.19000,0.05,Regular Air,-66.06,4.98,4.70
7035,53216,723460,72058336,2012-12-04,High,36,228.01000,0.06,Regular Air,-185.54,6.48,8.73
7216,13031,620362,12674110,2012-12-04,Low,34,210.06000,0.08,Regular Air,-135.00,6.48,7.37
2434,23745,735084,51000782,2012-12-05,Low,12,715.80000,0.06,Regular Air,-279.12,55.50,52.20
4071,23745,530121,51000782,2012-12-05,Low,47,10941.23000,0.00,Delivery Truck,1687.07,227.55,32.48
73,21729,234415,63582475,2012-12-06,Low,28,120.98000,0.00,Regular Air,-92.85,4.13,5.34
1333,58210,540260,45162841,2012-12-06,Medium,38,144.03000,0.03,Regular Air,-139.52,3.58,5.47
1875,21729,581893,63582475,2012-12-06,Low,14,1082.66000,0.08,Regular Air,-256.93,79.52,48.20
3185,22752,281434,57437214,2012-12-07,Low,2,238.76000,0.10,Regular Air,-235.21,110.98,35.00
251,41634,564279,101777049,2012-12-08,Not Specified,7,57.35000,0.06,Regular Air,-28.55,8.33,1.99
3447,49798,567128,8347794,2012-12-08,Critical,29,321.50000,0.03,Regular Air,20.31,10.98,3.37
3625,41634,1006899,101777049,2012-12-08,Not Specified,10,371.45000,0.01,Regular Air,17.73,34.99,7.73
4922,49798,661224,8347794,2012-12-08,Critical,5,1424.95000,0.09,Delivery Truck,-517.83,280.98,57.00
611,32449,924094,61795149,2012-12-09,Critical,44,7195.25850,0.09,Express Air,1698.16,200.99,8.08
613,32449,494051,61795149,2012-12-09,Critical,39,277.58000,0.08,Regular Air,-276.88,7.28,11.15
657,34723,986755,22470862,2012-12-09,Medium,29,1487.89950,0.09,Regular Air,79.32,65.99,8.99
1577,21344,155970,67028724,2012-12-09,Low,39,110.79000,0.05,Regular Air,42.68,2.89,0.50
2185,32449,594189,61795149,2012-12-09,Critical,12,4887.14000,0.08,Delivery Truck,-694.33,424.21,110.20
2214,34723,425256,22470862,2012-12-09,Medium,4,6095.14000,0.06,Delivery Truck,-3001.28,1500.97,29.70
2216,37063,1100539,39086044,2012-12-09,Not Specified,50,919.00000,0.00,Regular Air,89.60,17.67,8.99
2424,46276,205200,13158064,2012-12-09,Critical,23,16743.76000,0.00,Regular Air,6079.63,699.99,24.49
3271,21344,135665,81751203,2012-12-09,Low,48,2011.46000,0.01,Regular Air,171.07,41.32,8.66
3302,3680,49841,90522445,2012-12-09,Not Specified,24,99.53000,0.10,Express Air,18.28,3.80,1.49
3854,34723,789291,22470862,2012-12-09,Medium,46,3776.28000,0.06,Delivery Truck,579.79,80.97,30.06
4066,46276,677142,13158064,2012-12-09,Critical,4,114.83000,0.04,Regular Air,-52.62,28.48,1.99
4450,21344,116401,67028724,2012-12-09,Low,29,587.20000,0.08,Regular Air,134.25,20.89,1.99
7971,3680,429039,49105511,2012-12-09,Not Specified,27,177.95000,0.09,Regular Air,-61.75,6.48,6.00
518,59685,37996,56266301,2012-12-10,Critical,12,505.20000,0.05,Regular Air,78.98,40.98,5.33
784,51205,459677,97492463,2012-12-10,High,5,225.72000,0.00,Regular Air,16.65,39.98,9.83
1310,53984,424146,63543862,2012-12-10,Medium,23,172.90000,0.00,Regular Air,51.43,6.88,2.00
2020,35011,567128,88815489,2012-12-10,Not Specified,14,154.45000,0.09,Regular Air,-2.31,10.98,3.37
3449,10982,114229,43506335,2012-12-10,Not Specified,29,538.27000,0.02,Regular Air,225.20,18.94,1.49
3450,10982,83432,43506335,2012-12-10,Not Specified,30,3665.41000,0.05,Regular Air,1236.36,122.99,19.99
3925,51205,290269,97492463,2012-12-10,High,17,233.01000,0.04,Express Air,88.88,12.97,1.49
4738,26919,1070903,65592088,2012-12-10,Low,12,3534.56000,0.03,Regular Air,763.32,300.65,24.49
5512,59685,452225,56266301,2012-12-10,Critical,46,562.91000,0.10,Regular Air,-560.29,12.99,14.37
6637,10982,688400,43506335,2012-12-10,Not Specified,14,20.95000,0.00,Express Air,2.81,1.14,0.70
7762,26919,1073132,65592088,2012-12-10,Low,32,155.27000,0.10,Regular Air,-151.55,4.98,7.54
331,24576,518917,88815489,2012-12-11,Not Specified,29,531.06300,0.03,Regular Air,24.56,20.99,4.81
539,23555,1015676,67539279,2012-12-11,High,29,104.70000,0.09,Regular Air,42.16,3.69,0.50
1274,46048,865125,64392832,2012-12-11,Medium,10,135.77000,0.05,Express Air,0.53,12.98,3.14
1311,49190,424146,4036912,2012-12-11,High,4,28.04000,0.09,Regular Air,-4.45,6.88,2.00
2018,24576,304170,88815489,2012-12-11,Not Specified,10,152.84000,0.05,Regular Air,38.02,14.58,7.40
5552,6339,382748,58189342,2012-12-11,Critical,20,303.69000,0.05,Regular Air,-50.84,14.98,7.69
5948,46048,747572,64392832,2012-12-11,Medium,35,447.25000,0.08,Regular Air,-15.92,13.48,4.51
6320,34532,888317,74751607,2012-12-11,Low,41,1234.36000,0.04,Express Air,-84.77,30.98,19.51
7118,23555,781122,67539279,2012-12-11,High,5,284.45250,0.06,Regular Air,-254.78,65.99,8.99
1443,59781,494051,36941796,2012-12-12,Not Specified,24,173.12000,0.10,Regular Air,-166.41,7.28,11.15
3491,59781,700485,67879495,2012-12-12,Not Specified,18,1837.94000,0.02,Regular Air,1249.43,99.23,8.99
3984,49889,663528,40500528,2012-12-12,Critical,47,533.47000,0.09,Regular Air,-50.21,11.50,7.19
5720,49889,112938,40500528,2012-12-12,Critical,21,61.94000,0.09,Express Air,-22.32,2.98,2.03
6069,59781,497806,36941796,2012-12-12,Not Specified,43,262.13000,0.00,Express Air,-60.91,5.58,5.30
6660,59781,751161,67879495,2012-12-12,Not Specified,28,24391.16000,0.04,Delivery Truck,-9611.91,880.98,44.55
6775,59781,251563,12801101,2012-12-12,Not Specified,24,4408.27000,0.04,Delivery Truck,329.28,180.98,30.00
4822,4771,688094,86434424,2012-12-13,Critical,4,135.92800,0.04,Delivery Truck,-126.47,31.76,45.51
6184,49381,940440,6913864,2012-12-13,Not Specified,21,1537.50000,0.04,Regular Air,-531.92,70.98,35.00
7757,32102,307544,97049232,2012-12-14,Medium,2,19.81000,0.02,Regular Air,-10.39,6.48,6.22
966,48353,436896,91889558,2012-12-15,Not Specified,18,71.22000,0.04,Regular Air,20.43,3.85,0.70
3001,7427,114229,15610164,2012-12-15,Not Specified,9,182.26000,0.01,Regular Air,60.61,18.94,1.49
4328,16935,116812,59478070,2012-12-15,Not Specified,43,117.68000,0.09,Express Air,12.47,2.88,0.70
4636,7427,689598,15610164,2012-12-15,Not Specified,47,16002.29000,0.09,Regular Air,4604.79,363.25,19.99
5004,388,216645,7452837,2012-12-15,Not Specified,46,517.93000,0.06,Regular Air,-94.73,11.70,6.96
6062,16935,841268,59478070,2012-12-15,Not Specified,3,14.74000,0.06,Regular Air,-2.72,4.48,1.22
1079,58949,332331,35678860,2012-12-16,Critical,50,1558.94250,0.02,Regular Air,548.44,35.99,1.10
1824,33570,730110,13888154,2012-12-16,Not Specified,46,265.88000,0.05,Regular Air,-90.90,5.74,5.01
3010,33570,425256,13888154,2012-12-16,Not Specified,1,1500.82000,0.01,Delivery Truck,-3381.99,1500.97,29.70
4645,33570,391953,13888154,2012-12-16,Not Specified,19,3093.86400,0.07,Regular Air,286.40,205.99,5.26
6082,38848,642999,23386707,2012-12-16,High,6,259.52000,0.06,Regular Air,45.20,43.41,2.99
7146,18851,715760,28609672,2012-12-16,Critical,32,204.21000,0.04,Express Air,-204.81,5.98,10.39
3381,39399,990993,64709810,2012-12-17,Medium,28,303.97000,0.10,Regular Air,23.30,10.98,5.14
1489,12256,533786,65028410,2012-12-18,Medium,44,117.97000,0.10,Regular Air,44.59,2.88,0.50
4724,19745,888848,70860081,2012-12-18,High,29,8635.61000,0.03,Regular Air,2733.04,300.97,7.18
6458,19745,845743,70860081,2012-12-18,High,50,833.00000,0.00,Regular Air,436.53,15.57,1.39
6459,19745,381085,70860081,2012-12-18,High,25,1071.77000,0.09,Regular Air,262.07,45.98,4.80
7756,19745,247078,70860081,2012-12-18,High,2,63.96000,0.00,Regular Air,-119.36,29.89,1.99
1677,28224,364648,71636340,2012-12-19,Critical,25,163.41000,0.07,Regular Air,-91.28,6.23,6.97
5635,26661,784832,45316579,2012-12-19,Medium,31,1772.22450,0.02,Regular Air,390.86,65.99,4.99
2213,8803,226162,101792006,2012-12-20,Not Specified,6,1184.11000,0.07,Regular Air,-145.07,193.17,19.99
5579,8803,255922,101792006,2012-12-20,Not Specified,17,514.22000,0.02,Regular Air,187.37,30.56,2.99
6434,54791,798350,7834765,2012-12-20,High,45,4165.04000,0.00,Delivery Truck,135.68,90.98,30.00
6753,54791,795486,9690051,2012-12-20,High,42,4273.35000,0.07,Regular Air,-892.03,101.41,35.00
7951,54791,522924,9690051,2012-12-20,High,27,1087.58000,0.01,Regular Air,514.45,39.89,3.04
450,23619,330371,17005974,2012-12-21,Medium,48,2611.80350,0.06,Regular Air,644.81,65.99,5.92
2080,23619,845978,17005974,2012-12-21,Medium,45,285.91000,0.02,Regular Air,-104.99,6.24,5.22
2461,43109,995197,67912275,2012-12-21,Critical,19,281.84000,0.06,Regular Air,-21.85,15.01,8.40
2497,6117,299849,90627052,2012-12-21,Critical,7,157.03000,0.07,Regular Air,13.21,22.23,5.08
2773,51813,281434,10356602,2012-12-21,Not Specified,13,1390.17000,0.07,Regular Air,-469.84,110.98,35.00
3141,23619,56287,18436824,2012-12-21,Medium,7,1043.12000,0.06,Regular Air,-52.50,150.98,13.99
5676,10341,399912,74780468,2012-12-21,High,17,2312.96000,0.09,Delivery Truck,43.03,145.45,17.85
5837,43109,219708,67912275,2012-12-21,Critical,10,97.02000,0.06,Regular Air,-3.96,10.01,1.99
3171,21220,651577,49397035,2012-12-22,Not Specified,4,476.31000,0.07,Delivery Truck,-258.08,120.97,26.30
3495,7751,241264,81245085,2012-12-23,Not Specified,45,4547.90000,0.01,Delivery Truck,-768.14,95.98,58.20
4282,3202,705599,93331830,2012-12-23,Low,10,554.21000,0.05,Regular Air,-105.37,53.98,5.50
633,34400,748546,67569954,2012-12-24,Low,17,988.64350,0.04,Regular Air,89.89,65.99,4.20
634,34400,737723,67569954,2012-12-24,Low,25,92.53000,0.01,Regular Air,-71.52,3.57,4.17
1706,16005,456509,30256039,2012-12-24,Not Specified,7,51.03000,0.09,Regular Air,-21.38,6.81,5.48
3059,44992,681369,94206076,2012-12-24,Critical,32,1673.53000,0.00,Regular Air,524.73,51.98,10.17
982,19394,394140,76457359,2012-12-25,Medium,16,279.32700,0.05,Regular Air,75.21,20.99,0.99
4536,12129,381761,9599437,2012-12-25,Medium,36,4852.05000,0.00,Delivery Truck,-1197.58,122.99,70.20
5002,10466,269026,50465044,2012-12-25,High,27,114.86000,0.07,Regular Air,16.21,4.28,0.94
5768,19394,746290,76457359,2012-12-25,Medium,5,539.20600,0.05,Regular Air,-452.39,125.99,8.80
6227,30469,942547,84641727,2012-12-25,Not Specified,46,304.26000,0.10,Regular Air,28.93,7.08,2.35
1366,48672,375694,76281881,2012-12-26,High,43,255.70000,0.00,Regular Air,-35.74,5.81,3.37
1512,16772,605916,95652866,2012-12-26,High,38,95.71000,0.04,Regular Air,32.81,2.61,0.50
668,28611,251489,55790716,2012-12-27,Low,42,3883.47150,0.10,Regular Air,707.17,115.99,8.99
1681,26726,178608,61094278,2012-12-27,High,41,833.51000,0.05,Regular Air,364.99,20.98,1.49
2220,28611,686879,55790716,2012-12-27,Low,30,15337.58000,0.10,Regular Air,6670.41,525.98,19.99
2892,26726,210383,61094278,2012-12-27,High,37,173.11000,0.02,Regular Air,-121.58,4.37,5.15
3678,29505,828731,79337791,2012-12-27,Medium,22,45.21000,0.02,Express Air,4.61,1.76,0.70
4310,1573,295705,86396748,2012-12-27,High,13,759.94000,0.09,Delivery Truck,-226.45,60.89,32.41
4531,26726,695417,61094278,2012-12-27,High,11,86.68000,0.08,Regular Air,-474.91,3.48,49.00
764,5891,178608,83020097,2012-12-28,Medium,2,44.45000,0.01,Regular Air,-17.46,20.98,1.49
3187,4706,442073,87126998,2012-12-28,Not Specified,30,2116.70000,0.02,Regular Air,488.82,67.28,19.99
4395,28453,581262,3837643,2012-12-28,Critical,26,560.03000,0.04,Regular Air,-139.87,21.66,13.99
1033,53730,640076,31001244,2012-12-29,High,40,181.80000,0.05,Regular Air,-144.74,4.54,5.83
3884,29220,643210,92656557,2012-12-29,Medium,36,12690.33000,0.08,Express Air,5045.30,367.99,19.99
4453,42945,755639,96589719,2012-12-29,Not Specified,45,178.70000,0.07,Regular Air,-164.92,3.95,5.13
6337,13507,1029403,65993654,2012-12-29,Medium,27,176.10000,0.09,Regular Air,-75.71,6.78,6.18
707,49344,284312,25750022,2012-12-30,Low,31,672.93000,0.00,Regular Air,27.85,19.98,4.00
1818,45127,746518,29012034,2012-12-30,Medium,10,14.15000,0.10,Regular Air,-1.29,1.48,0.70
1831,25542,466225,86724665,2012-12-30,Low,37,257.46000,0.09,Express Air,-18.66,7.28,4.23
1889,47815,556506,56764115,2012-12-30,Not Specified,45,580.96000,0.08,Regular Air,-33.47,13.73,6.85
3888,49344,522377,25750022,2012-12-30,Low,1,803.33000,0.09,Regular Air,-745.20,832.81,24.49
4540,50950,526018,4514530,2012-12-30,Not Specified,6,391.12000,0.06,Delivery Truck,-166.96,60.98,30.00
6287,50950,747572,4514530,2012-12-30,Not Specified,35,448.10000,0.10,Express Air,-15.07,13.48,4.51
2381,52833,386136,100130172,2011-12-24,Medium,8,317.82000,0.02,Regular Air,-33.09,37.76,12.90
2985,12289,492210,19477891,2011-12-24,Low,25,3019.41000,0.04,Regular Air,1269.05,120.97,7.11
3459,14852,648476,87328286,2011-12-24,Medium,9,3800.40000,0.03,Express Air,1234.57,420.98,19.99
3927,12806,996963,93141025,2011-12-24,Not Specified,20,761.23000,0.00,Regular Air,107.93,35.89,14.72
5343,6148,487515,17767864,2011-12-24,Medium,18,389.52000,0.05,Express Air,116.37,20.28,6.68
14,36356,816179,63834266,2011-12-25,Medium,33,117.77000,0.08,Regular Air,47.98,3.75,0.50
1580,56423,481924,10691025,2011-12-25,Not Specified,41,170.82000,0.00,Express Air,85.45,3.69,0.50
3507,36356,620553,63834266,2011-12-25,Medium,45,4768.59000,0.01,Delivery Truck,-593.80,100.98,45.00
6190,56423,98988,10691025,2011-12-25,Not Specified,4,1609.69000,0.04,Regular Air,-281.17,419.19,19.99
6541,20737,952554,91220663,2011-12-25,Medium,15,3364.24800,0.10,Delivery Truck,-693.23,286.85,61.76
6542,20737,698263,91220663,2011-12-25,Medium,10,1410.93000,0.08,Delivery Truck,-317.48,140.98,36.09
6812,11687,491753,50681325,2011-12-25,High,26,188.93000,0.04,Regular Air,58.32,7.28,1.77
396,45506,250333,23988283,2011-12-26,Low,3,448.36650,0.03,Regular Air,-748.41,175.99,8.99
6053,454,175764,17803888,2011-12-26,Low,42,234.20000,0.09,Regular Air,56.22,6.08,1.82
6050,10820,930243,71827888,2011-12-27,Not Specified,49,2072.12000,0.04,Express Air,365.23,40.97,8.99
6051,10820,705403,71827888,2011-12-27,Not Specified,33,151.19000,0.06,Regular Air,-13.45,4.71,0.70
3632,37861,940865,4221093,2011-12-28,Not Specified,32,980.07000,0.09,Regular Air,337.25,30.98,5.76
41,46662,293693,30578487,2011-12-29,Critical,33,162.00000,0.01,Regular Air,45.84,4.84,0.71
42,46662,72479,30578487,2011-12-29,Critical,48,3410.15750,0.10,Regular Air,1137.91,85.99,0.99
144,37792,481924,51874025,2011-12-29,High,49,183.08000,0.01,Regular Air,82.49,3.69,0.50
5127,39585,912860,30988102,2011-12-29,Not Specified,32,166.17000,0.01,Regular Air,-22.74,5.08,3.63
5223,37792,951158,88591198,2011-12-29,High,14,36.74000,0.09,Regular Air,-5.36,2.78,0.97
6939,46662,160229,30578487,2011-12-29,Critical,8,57.22000,0.07,Regular Air,-27.72,6.48,6.60
550,57959,375694,39916227,2011-12-30,Medium,40,239.86000,0.04,Regular Air,-32.06,5.81,3.37
831,18534,564279,70401594,2011-12-30,Low,36,282.58000,0.10,Express Air,21.68,8.33,1.99
3792,57959,647762,39916227,2011-12-30,Medium,48,1269.79000,0.08,Express Air,-65.33,26.31,5.89
3896,29666,500073,58681809,2011-12-30,Not Specified,44,362.75000,0.08,Regular Air,-54.47,8.32,2.38
4379,58626,279374,86853010,2011-12-30,High,23,6641.14000,0.05,Delivery Truck,673.77,300.98,64.73
4380,58626,528974,86853010,2011-12-30,High,21,10469.03000,0.07,Delivery Truck,2608.72,500.98,26.00
5410,16805,339725,33888882,2011-12-30,Low,29,852.75000,0.08,Regular Air,358.73,30.44,1.49
7050,16805,250992,33888882,2011-12-30,Low,26,172.33000,0.04,Regular Air,-52.21,6.48,5.74
7549,58626,403940,86853010,2011-12-30,High,18,835.55000,0.04,Regular Air,171.59,45.19,1.99
7699,22051,584472,38671459,2011-12-30,Not Specified,39,209.33000,0.01,Regular Air,-160.71,4.98,7.44
7802,29666,191428,59398695,2011-12-30,Not Specified,29,155.86000,0.09,Regular Air,-152.59,5.28,8.16
1075,27137,332331,18657017,2011-12-31,High,2,60.56250,0.02,Regular Air,-165.54,35.99,1.10
1787,5607,560855,78858148,2011-12-31,Not Specified,8,61.87150,0.00,Regular Air,-50.33,7.99,5.03
2505,27015,499554,97394565,2011-12-31,Low,24,1339.25000,0.03,Regular Air,142.51,56.96,13.22
2681,37543,686278,23169608,2011-12-31,Medium,6,241.85000,0.01,Regular Air,-4.50,36.55,13.89
6110,3271,119069,65028410,2011-12-31,Critical,45,11532.99000,0.07,Delivery Truck,2753.39,264.98,17.86
6111,3271,510440,65028410,2011-12-31,Critical,18,146.10000,0.06,Express Air,51.14,8.34,1.43
