ProductID	ProductName	ProductCategory	ProductSubCategory	ProductContainer	ProductBaseMargin
657768	"""While you Were Out"" Message Book, One Form per Page"	Office Supplies	Paper	Wrap Bag	0.35
293693	*Staples* Highlighting Markers	Office Supplies	Pens & Art Supplies	Wrap Bag	0.52
585679	*Staples* Letter Opener	Office Supplies	"Scissors, Rulers and Trimmers"	Wrap Bag	0.81
484597	*Staples* Packaging Labels	Office Supplies	Labels	Small Box	0.38
114426	"*Staples* vLetter Openers, 2/Pack"	Office Supplies	"Scissors, Rulers and Trimmers"	Wrap Bag	0.83
939925	#10 Self-Seal White Envelopes	Office Supplies	Envelopes	Small Box	0.36
234470	"#10 White Business Envelopes,4 1/8 x 9 1/2"	Office Supplies	Envelopes	Small Box	0.38
789601	"#10- 4 1/8"" x 9 1/2"" Recycled Envelopes"	Office Supplies	Envelopes	Small Box	0.38
547380	"#10- 4 1/8"" x 9 1/2"" Security-Tint Envelopes"	Office Supplies	Envelopes	Small Box	0.36
881139	"#10-4 1/8"" x 9 1/2"" Premium Diagonal Seam Envelopes"	Office Supplies	Envelopes	Small Box	0.40
321823	#6 3/4 Gummed Flap White Envelopes	Office Supplies	Envelopes	Small Box	0.37
245102	"1.7 Cubic Foot Compact ""Cube"" Office Refrigerators"	Office Supplies	Appliances	Jumbo Drum	0.58
498918	"1/4 Fold Party Design Invitations & White Envelopes, 24 8-1/2"" X 11"" Cards, 25 Env./Pack"	Office Supplies	Paper	Small Box	0.38
805629	12 Colored Short Pencils	Office Supplies	Pens & Art Supplies	Wrap Bag	0.58
709485	12-1/2 Diameter Round Wall Clock	Furniture	Office Furnishings	Small Box	0.49
506813	14-7/8 x 11 Blue Bar Computer Printout Paper	Office Supplies	Paper	Small Box	0.37
518917	1726 Digital Answering Machine	Technology	Telephones and Communication	Medium Box	0.58
229356	"210 Trimline Phone, White"	Technology	Office Machines	Medium Box	0.38
497741	2160	Technology	Telephones and Communication	Small Box	0.57
196617	2160i	Technology	Telephones and Communication	Small Box	0.59
250333	2180	Technology	Telephones and Communication	Small Box	0.57
397917	2190	Technology	Telephones and Communication	Small Box	0.56
774393	2300 Heavy-Duty Transfer File Systems by Perma	Office Supplies	Storage & Organization	Small Box	0.66
477659	232	Technology	Telephones and Communication	Small Box	0.55
754090	"24 Capacity Maxi Data Binder Racks, Pearl"	Office Supplies	Storage & Organization	Small Box	0.60
330371	252	Technology	Telephones and Communication	Small Box	0.55
1029214	270c	Technology	Telephones and Communication	Small Box	0.59
217058	282	Technology	Telephones and Communication	Small Box	0.56
955858	"3.5"" IBM Formatted Diskettes, DS/HD"	Technology	Computer Peripherals	Small Pack	0.66
738036	3.6 Cubic Foot Counter Height Office Refrigerator	Office Supplies	Appliances	Jumbo Drum	0.57
364705	300 Series Non-Flip	Technology	Telephones and Communication	Small Box	0.60
529361	3285	Technology	Telephones and Communication	Small Box	0.59
781795	3390	Technology	Telephones and Communication	Small Box	0.57
490866	3395	Technology	Telephones and Communication	Small Box	0.58
450797	36X48 HARDFLOOR CHAIRMAT	Furniture	Office Furnishings	Medium Box	0.78
700324	3M Hangers With Command Adhesive	Furniture	Office Furnishings	Wrap Bag	0.44
114359	3M Office Air Cleaner	Office Supplies	Appliances	Medium Box	0.50
89922	3M Organizer Strips	Office Supplies	Binders and Binder Accessories	Small Box	0.37
236065	3M Polarizing Light Filter Sleeves	Furniture	Office Furnishings	Small Pack	0.39
217285	"3M Polarizing Task Lamp with Clamp Arm, Light Gray"	Furniture	Office Furnishings	Large Box	0.59
899010	4009¨ Highlighters by Sanford	Office Supplies	Pens & Art Supplies	Wrap Bag	0.52
924094	5125	Technology	Telephones and Communication	Small Box	0.59
344239	5165	Technology	Telephones and Communication	Small Box	0.59
748546	5170	Technology	Telephones and Communication	Small Box	0.59
259219	5170i	Technology	Telephones and Communication	Small Box	0.57
986755	5180	Technology	Telephones and Communication	Small Box	0.56
251489	5185	Technology	Telephones and Communication	Small Box	0.58
246671	5190	Technology	Telephones and Communication	Small Box	0.59
793455	"6"" Cubicle Wall Clock, Black"	Furniture	Office Furnishings	Small Box	0.49
66293	600 Series Flip	Technology	Telephones and Communication	Small Box	0.57
580148	600 Series Non-Flip	Technology	Telephones and Communication	Small Box	0.57
691869	6000	Technology	Telephones and Communication	Small Box	0.55
275481	6120	Technology	Telephones and Communication	Small Box	0.58
738011	6160	Technology	Telephones and Communication	Small Box	0.57
512866	6162	Technology	Telephones and Communication	Small Box	0.59
592978	6162i	Technology	Telephones and Communication	Small Box	0.55
500802	6162m	Technology	Telephones and Communication	Small Box	0.57
403726	6185	Technology	Telephones and Communication	Small Box	0.58
796442	6190	Technology	Telephones and Communication	Small Box	0.55
594736	6340	Technology	Telephones and Communication	Small Box	0.58
414885	636	Technology	Telephones and Communication	Small Box	0.57
192952	688	Technology	Telephones and Communication	Small Box	0.60
654261	7160	Technology	Telephones and Communication	Small Box	0.59
851117	"80 Minute CD-R Spindle, 100/Pack - Staples"	Technology	Computer Peripherals	Small Pack	0.54
564279	"80 Minute Slim Jewel Case CD-R , 10/Pack - Staples"	Technology	Computer Peripherals	Small Pack	0.52
892166	8260	Technology	Telephones and Communication	Small Box	0.58
567704	8290	Technology	Telephones and Communication	Small Box	0.60
767830	8860	Technology	Telephones and Communication	Small Box	0.56
238390	8890	Technology	Telephones and Communication	Small Box	0.58
539744	9-3/4 Diameter Round Wall Clock	Furniture	Office Furnishings	Small Box	0.43
382992	A1228	Technology	Telephones and Communication	Small Box	0.58
666242	Accessory1	Technology	Telephones and Communication	Small Pack	0.36
988535	Accessory12	Technology	Telephones and Communication	Small Box	0.35
444231	Accessory13	Technology	Telephones and Communication	Small Pack	0.57
328029	Accessory15	Technology	Telephones and Communication	Small Pack	0.83
858029	Accessory17	Technology	Telephones and Communication	Wrap Bag	0.82
335550	Accessory2	Technology	Telephones and Communication	Small Pack	0.55
877175	Accessory20	Technology	Telephones and Communication	Small Pack	0.37
394140	Accessory21	Technology	Telephones and Communication	Wrap Bag	0.37
577469	Accessory23	Technology	Telephones and Communication	Small Pack	0.36
925732	Accessory24	Technology	Telephones and Communication	Small Pack	0.59
106849	Accessory25	Technology	Telephones and Communication	Wrap Bag	0.57
753117	Accessory27	Technology	Telephones and Communication	Small Box	0.85
904387	Accessory28	Technology	Telephones and Communication	Small Pack	0.83
586808	Accessory29	Technology	Telephones and Communication	Small Pack	0.83
196162	Accessory31	Technology	Telephones and Communication	Small Pack	0.35
209111	Accessory32	Technology	Telephones and Communication	Small Pack	0.35
72479	Accessory34	Technology	Telephones and Communication	Wrap Bag	0.55
332331	Accessory35	Technology	Telephones and Communication	Small Box	0.55
259517	Accessory36	Technology	Telephones and Communication	Small Pack	0.83
528379	Accessory37	Technology	Telephones and Communication	Wrap Bag	0.81
933326	Accessory39	Technology	Telephones and Communication	Small Pack	0.81
529796	Accessory4	Technology	Telephones and Communication	Wrap Bag	0.85
803900	Accessory41	Technology	Telephones and Communication	Wrap Bag	0.38
367450	Accessory6	Technology	Telephones and Communication	Small Pack	0.80
990658	Accessory8	Technology	Telephones and Communication	Small Pack	0.39
771470	Accessory9	Technology	Telephones and Communication	Small Pack	0.39
399791	Acco 3-Hole Punch	Office Supplies	Binders and Binder Accessories	Small Box	0.37
923574	Acco 6 Outlet Guardian Premium Surge Suppressor	Office Supplies	Appliances	Small Box	0.58
151557	"Acco Clips to Goª Binder Clips, 24 Clips in Two Sizes"	Office Supplies	Rubber Bands	Wrap Bag	0.38
258022	Acco D-Ring Binder w/DublLock¨	Office Supplies	Binders and Binder Accessories	Small Box	0.36
729684	"Acco Four Pocket Poly Ring Binder with Label Holder, Smoke, 1"""	Office Supplies	Binders and Binder Accessories	Small Box	0.40
658101	Acco Keyboard-In-A-Box¨	Technology	Computer Peripherals	Small Box	0.78
416583	Acco Perma¨ 2700 Stacking Storage Drawers	Office Supplies	Storage & Organization	Small Box	0.70
847898	Acco Perma¨ 3000 Stacking Storage Drawers	Office Supplies	Storage & Organization	Small Box	0.66
604088	"Acco Pressboard Covers with Storage Hooks, 14 7/8"" x 11"", Dark Blue"	Office Supplies	Binders and Binder Accessories	Small Box	0.36
1013737	"Acco Pressboard Covers with Storage Hooks, 14 7/8"" x 11"", Executive Red"	Office Supplies	Binders and Binder Accessories	Small Box	0.40
368543	"Acco Pressboard Covers with Storage Hooks, 14 7/8"" x 11"", Light Blue"	Office Supplies	Binders and Binder Accessories	Small Box	0.36
432501	"Acco PRESSTEX¨ Data Binder with Storage Hooks, Dark Blue, 14 7/8"" X 11"""	Office Supplies	Binders and Binder Accessories	Small Box	0.36
259382	"Acco PRESSTEX¨ Data Binder with Storage Hooks, Dark Blue, 9 1/2"" X 11"""	Office Supplies	Binders and Binder Accessories	Small Box	0.36
463033	"Acco Recycled 2"" Capacity Laser Printer Hanging Data Binders"	Office Supplies	Binders and Binder Accessories	Small Box	0.38
809305	"Acco Six-Outlet Power Strip, 4' Cord Length"	Office Supplies	Appliances	Small Box	0.59
772510	Acco Smartsocket¨ Color-Coded Six-Outlet AC Adapter Model Surge Protectors	Office Supplies	Appliances	Small Box	0.59
469515	"Acco Smartsocketª Table Surge Protector, 6 Color-Coded Adapter Outlets"	Office Supplies	Appliances	Small Box	0.55
373440	Acco Suede Grain Vinyl Round Ring Binder	Office Supplies	Binders and Binder Accessories	Small Box	0.39
638256	Acco¨ Hot Clipsª Clips to Go	Office Supplies	Rubber Bands	Wrap Bag	0.40
577552	Accohide Poly Flexible Ring Binders	Office Supplies	Binders and Binder Accessories	Small Box	0.35
341229	"ACCOHIDE¨ 3-Ring Binder, Blue, 1"""	Office Supplies	Binders and Binder Accessories	Small Box	0.38
234415	ACCOHIDE¨ Binder by Acco	Office Supplies	Binders and Binder Accessories	Small Box	0.38
260010	"Acme Design Line 8"" Stainless Steel Bent Scissors w/Champagne Handles, 3-1/8"" Cut"	Office Supplies	"Scissors, Rulers and Trimmers"	Small Pack	0.58
911552	Acme Galleria¨ Hot Forged Steel Scissors with Colored Handles	Office Supplies	"Scissors, Rulers and Trimmers"	Small Pack	0.56
863849	"Acme Hot Forged Carbon Steel Scissors with Nickel-Plated Handles, 3 7/8"" Cut, 8""L"	Office Supplies	"Scissors, Rulers and Trimmers"	Small Pack	0.56
535988	Acme Kleencut¨ Forged Steel Scissors	Office Supplies	"Scissors, Rulers and Trimmers"	Small Pack	0.55
865125	"Acme¨ 8"" Straight Scissors"	Office Supplies	"Scissors, Rulers and Trimmers"	Small Pack	0.60
1038283	Acme¨ Box Cutter Scissors	Office Supplies	"Scissors, Rulers and Trimmers"	Small Pack	0.59
624282	Acme¨ Design Stainless Steel Bent Scissors	Office Supplies	"Scissors, Rulers and Trimmers"	Small Pack	0.58
858912	Acme¨ Elite Stainless Steel Scissors	Office Supplies	"Scissors, Rulers and Trimmers"	Small Pack	0.59
577331	Acme¨ Forged Steel Scissors with Black Enamel Handles	Office Supplies	"Scissors, Rulers and Trimmers"	Small Pack	0.56
225839	Acme¨ Office Executive Series Stainless Steel Trimmers	Office Supplies	"Scissors, Rulers and Trimmers"	Small Pack	0.59
559119	Acme¨ Preferred Stainless Steel Scissors	Office Supplies	"Scissors, Rulers and Trimmers"	Small Pack	0.56
381880	"Adams ""While You Were Out"" Message Pads"	Office Supplies	Paper	Wrap Bag	0.40
424146	"Adams Phone Message Book, 200 Message Capacity, 8 1/16Ó x 11Ó"	Office Supplies	Paper	Wrap Bag	0.39
30902	"Adams Phone Message Book, Professional, 400 Message Capacity, 5 3/6Ó x 11Ó"	Office Supplies	Paper	Wrap Bag	0.38
210183	"Adams Telephone Message Book W/Dividers/Space For Phone Numbers, 5 1/4""X8 1/2"", 200/Messages"	Office Supplies	Paper	Wrap Bag	0.40
400232	"Adams Telephone Message Book W/Dividers/Space For Phone Numbers, 5 1/4""X8 1/2"", 300/Messages"	Office Supplies	Paper	Wrap Bag	0.36
783568	"Adams Telephone Message Book w/Frequently-Called Numbers Space, 400 Messages per Book"	Office Supplies	Paper	Wrap Bag	0.35
159149	"Adams Telephone Message Books, 5 1/4Ó x 11Ó"	Office Supplies	Paper	Wrap Bag	0.38
635598	"Adams Write n' Stick Phone Message Book, 11"" X 5 1/4"", 200 Messages"	Office Supplies	Paper	Wrap Bag	0.39
460438	"Advantus 10-Drawer Portable Organizer, Chrome Metal Frame, Smoke Drawers"	Office Supplies	Storage & Organization	Small Box	0.57
213268	"Advantus Employee of the Month Certificate Frame, 11 x 13-1/2"	Furniture	Office Furnishings	Small Pack	0.44
519606	Advantus Map Pennant Flags and Round Head Tacks	Office Supplies	Rubber Bands	Wrap Bag	0.53
840230	Advantus Panel Wall Acrylic Frame	Furniture	Office Furnishings	Small Pack	0.42
318979	Advantus Panel Wall Certificate Holder - 8.5x11	Furniture	Office Furnishings	Small Pack	0.43
352062	Advantus Plastic Paper Clips	Office Supplies	Rubber Bands	Wrap Bag	0.37
302517	Advantus Push Pins	Office Supplies	Rubber Bands	Wrap Bag	0.44
375694	"Advantus Push Pins, Aluminum Head"	Office Supplies	Rubber Bands	Wrap Bag	0.54
757487	Advantus Rolling Storage Box	Office Supplies	Storage & Organization	Small Box	0.58
75225	Advantus SlideClipª Paper Clips	Office Supplies	Rubber Bands	Wrap Bag	0.37
695818	Airmail Envelopes	Office Supplies	Envelopes	Small Box	0.38
494349	Alliance Rubber Bands	Office Supplies	Rubber Bands	Wrap Bag	0.81
680802	Aluminum Document Frame	Furniture	Office Furnishings	Small Pack	0.55
746721	Ames Color-File¨ Green Diamond Border X-ray Mailers	Office Supplies	Envelopes	Small Box	0.38
315990	Ampad #10 Peel & Seel¨ Holiday Envelopes	Office Supplies	Envelopes	Small Box	0.37
417731	"Ampad¨ Evidence¨ Wirebond Steno Books, 6"" x 9"""	Office Supplies	Paper	Wrap Bag	0.38
736726	Anderson Hickey Conga Table Tops & Accessories	Furniture	Tables	Jumbo Box	0.76
69354	"Angle-D Binders with Locking Rings, Label Holders"	Office Supplies	Binders and Binder Accessories	Small Box	0.38
346719	APC 7 Outlet Network SurgeArrest Surge Protector	Office Supplies	Appliances	Small Box	0.55
954944	Array¨ Memo Cubes	Office Supplies	Paper	Wrap Bag	0.36
494051	"Array¨ Parchment Paper, Assorted Colors"	Office Supplies	Paper	Small Box	0.37
640587	Artistic Insta-Plaque	Furniture	Office Furnishings	Small Pack	0.46
947521	Assorted Color Push Pins	Office Supplies	Rubber Bands	Wrap Bag	0.52
175848	Astroparche¨ Fine Business Paper	Office Supplies	Paper	Small Box	0.37
454732	AT&T 1430 2.4GHz Analog Phone w/Caller ID	Technology	Office Machines	Small Box	0.54
930660	AT&T 2230 Dual Handset Phone With Caller ID/Call Waiting	Technology	Office Machines	Small Box	0.52
314991	"AT&T Black Trimline Phone, Model 210"	Technology	Office Machines	Small Box	0.49
861428	"Atlantic Metals Mobile 2-Shelf Bookcases, Custom Colors"	Furniture	Bookcases	Jumbo Box	0.56
329429	"Atlantic Metals Mobile 3-Shelf Bookcases, Custom Colors"	Furniture	Bookcases	Jumbo Box	0.59
355734	"Atlantic Metals Mobile 5-Shelf Bookcases, Custom Colors"	Furniture	Bookcases	Jumbo Box	0.55
604082	Avanti 1.7 Cu. Ft. Refrigerator	Office Supplies	Appliances	Jumbo Drum	0.57
1021753	Avanti 4.4 Cu. Ft. Refrigerator	Office Supplies	Appliances	Jumbo Drum	0.57
599985	"Avery 05222 Permanent Self-Adhesive File Folder Labels for Typewriters, on Rolls, White, 250/Roll"	Office Supplies	Labels	Small Box	0.39
961470	"Avery 4027 File Folder Labels for Dot Matrix Printers, 5000 Labels per Box, White"	Office Supplies	Labels	Small Box	0.39
147972	Avery 474	Office Supplies	Labels	Small Box	0.36
188015	Avery 478	Office Supplies	Labels	Small Box	0.36
605916	Avery 479	Office Supplies	Labels	Small Box	0.39
656848	Avery 48	Office Supplies	Labels	Small Box	0.39
358060	Avery 481	Office Supplies	Labels	Small Box	0.37
989878	Avery 482	Office Supplies	Labels	Small Box	0.38
622603	Avery 484	Office Supplies	Labels	Small Box	0.36
641495	Avery 485	Office Supplies	Labels	Small Box	0.38
399302	Avery 487	Office Supplies	Labels	Small Box	0.38
533786	Avery 49	Office Supplies	Labels	Small Box	0.36
871664	Avery 491	Office Supplies	Labels	Small Box	0.39
640880	Avery 492	Office Supplies	Labels	Small Box	0.39
175474	Avery 493	Office Supplies	Labels	Small Box	0.36
464128	Avery 494	Office Supplies	Labels	Small Box	0.39
232452	Avery 496	Office Supplies	Labels	Small Box	0.37
364652	Avery 497	Office Supplies	Labels	Small Box	0.37
155970	Avery 498	Office Supplies	Labels	Small Box	0.38
481924	Avery 501	Office Supplies	Labels	Small Box	0.38
652699	Avery 503	Office Supplies	Labels	Small Box	0.37
643923	Avery 504	Office Supplies	Labels	Small Box	0.36
480920	Avery 506	Office Supplies	Labels	Small Box	0.39
607679	Avery 507	Office Supplies	Labels	Small Box	0.39
659453	Avery 508	Office Supplies	Labels	Small Box	0.36
428893	Avery 51	Office Supplies	Labels	Small Box	0.39
816179	Avery 510	Office Supplies	Labels	Small Box	0.37
944147	Avery 511	Office Supplies	Labels	Small Box	0.37
774939	Avery 514	Office Supplies	Labels	Small Box	0.36
993113	Avery 516	Office Supplies	Labels	Small Box	0.38
1015676	Avery 52	Office Supplies	Labels	Small Box	0.38
189993	Avery 520	Office Supplies	Labels	Small Box	0.37
346151	Avery Arch Ring Binders	Office Supplies	Binders and Binder Accessories	Small Box	0.38
642251	Avery Binder Labels	Office Supplies	Binders and Binder Accessories	Small Box	0.37
963970	Avery Binding System Hidden Tabª Executive Style Index Sets	Office Supplies	Binders and Binder Accessories	Small Box	0.35
186776	Avery Durable Binders	Office Supplies	Binders and Binder Accessories	Small Box	0.36
504878	Avery Durable Poly Binders	Office Supplies	Binders and Binder Accessories	Small Box	0.39
287242	Avery File Folder Labels	Office Supplies	Labels	Small Box	0.36
877669	"Avery Flip-Chart Easel Binder, Black"	Office Supplies	Binders and Binder Accessories	Small Box	0.38
207983	Avery Hanging File Binders	Office Supplies	Binders and Binder Accessories	Small Box	0.39
731566	Avery Heavy-Duty EZD ª Binder With Locking Rings	Office Supplies	Binders and Binder Accessories	Small Box	0.37
819688	"Avery Hi-Liter Comfort Grip Fluorescent Highlighter, Yellow Ink"	Office Supplies	Pens & Art Supplies	Wrap Bag	0.46
302731	"Avery Hi-Liter GlideStik Fluorescent Highlighter, Yellow Ink"	Office Supplies	Pens & Art Supplies	Wrap Bag	0.41
436896	Avery Hi-Liter Pen Style Six-Color Fluorescent Set	Office Supplies	Pens & Art Supplies	Wrap Bag	0.44
707930	"Avery Hi-Liter¨ EverBoldª Pen Style Fluorescent Highlighters, 4/Pack"	Office Supplies	Pens & Art Supplies	Wrap Bag	0.45
318215	Avery Hi-Liter¨ Fluorescent Desk Style Markers	Office Supplies	Pens & Art Supplies	Wrap Bag	0.48
793081	Avery Hi-Liter¨ Smear-Safe Highlighters	Office Supplies	Pens & Art Supplies	Wrap Bag	0.49
364648	Avery Hole Reinforcements	Office Supplies	Binders and Binder Accessories	Small Box	0.36
178608	Avery Legal 4-Ring Binder	Office Supplies	Binders and Binder Accessories	Small Box	0.35
943159	Avery Non-Stick Binders	Office Supplies	Binders and Binder Accessories	Small Box	0.39
540260	Avery Poly Binder Pockets	Office Supplies	Binders and Binder Accessories	Small Box	0.37
835501	Avery Premier Heavy-Duty Binder with Round Locking Rings	Office Supplies	Binders and Binder Accessories	Small Box	0.39
182998	Avery Printable Repositionable Plastic Tabs	Office Supplies	Binders and Binder Accessories	Small Box	0.38
221283	Avery Reinforcements for Hole-Punch Pages	Office Supplies	Binders and Binder Accessories	Small Box	0.40
741640	Avery Round Ring Poly Binders	Office Supplies	Binders and Binder Accessories	Small Box	0.36
456509	Avery Self-Adhesive Photo Pockets for Polaroid Photos	Office Supplies	Binders and Binder Accessories	Small Box	0.37
686443	"Avery Trapezoid Extra Heavy Duty 4"" Binders"	Office Supplies	Binders and Binder Accessories	Small Box	0.35
639682	"Avery Trapezoid Ring Binder, 3"" Capacity, Black, 1040 sheets"	Office Supplies	Binders and Binder Accessories	Small Box	0.36
1000550	Avery White Multi-Purpose Labels	Office Supplies	Labels	Small Box	0.39
312562	"Avery¨ 3 1/2"" Diskette Storage Pages, 10/Pack"	Office Supplies	Binders and Binder Accessories	Small Box	0.39
640076	"Avery¨ Durable Plastic 1"" Binders"	Office Supplies	Binders and Binder Accessories	Small Box	0.36
846871	Avery¨ Durable Slant Ring Binders With Label Holder	Office Supplies	Binders and Binder Accessories	Small Box	0.37
357620	Avoid Verbal Orders Carbonless Minifold Book	Office Supplies	Paper	Wrap Bag	0.39
154089	Bagged Rubber Bands	Office Supplies	Rubber Bands	Wrap Bag	0.81
671340	Balt Solid Wood Rectangular Table	Furniture	Tables	Jumbo Box	0.75
736799	Balt Split Level Computer Training Table	Furniture	Tables	Jumbo Box	0.74
737723	Barrel Sharpener	Office Supplies	Pens & Art Supplies	Small Pack	0.59
954252	"Barricks 18"" x 48"" Non-Folding Utility Table with Bottom Storage Shelf"	Furniture	Tables	Jumbo Drum	0.59
401585	"Barricks Non-Folding Utility Table with Steel Legs, Laminate Tops"	Furniture	Tables	Jumbo Drum	0.56
841964	BASF Silver 74 Minute CD-R	Technology	Computer Peripherals	Small Pack	0.51
284312	Belkin 105-Key Black Keyboard	Technology	Computer Peripherals	Small Box	0.68
841915	"Belkin 107-key enhanced keyboard, USB/PS/2 interface"	Technology	Computer Peripherals	Small Box	0.79
16735	"Belkin 325VA UPS Surge Protector, 6'"	Office Supplies	Appliances	Small Box	0.60
947046	Belkin 5 Outlet SurgeMasterª Power Centers	Office Supplies	Appliances	Small Box	0.57
681809	Belkin 6 Outlet Metallic Surge Strip	Office Supplies	Appliances	Small Box	0.59
924461	Belkin 7 Outlet SurgeMaster Surge Protector with Phone Protection	Office Supplies	Appliances	Small Box	0.56
37996	Belkin 8 Outlet Surge Protector	Office Supplies	Appliances	Small Box	0.57
299230	Belkin 8 Outlet SurgeMaster II Gold Surge Protector	Office Supplies	Appliances	Small Box	0.57
352439	Belkin 8 Outlet SurgeMaster II Gold Surge Protector with Phone Protection	Office Supplies	Appliances	Small Box	0.59
145931	Belkin ErgoBoardª Keyboard	Technology	Computer Peripherals	Small Box	0.64
58607	Belkin F5C206VTEL 6 Outlet Surge	Office Supplies	Appliances	Small Box	0.55
778385	Belkin F9M820V08 8 Outlet Surge	Office Supplies	Appliances	Small Box	0.56
428422	Belkin MediaBoard 104- Keyboard	Technology	Computer Peripherals	Small Box	0.75
767300	Belkin OmniView SE Rackmount Kit	Office Supplies	Storage & Organization	Large Box	0.85
196600	Belkin Premiere Surge Master II 8-outlet surge protector	Office Supplies	Appliances	Small Box	0.56
560855	Bell Sonecor JB700 Caller ID	Technology	Telephones and Communication	Medium Box	0.60
400178	Berol Giant Pencil Sharpener	Office Supplies	Pens & Art Supplies	Small Pack	0.56
491105	Bevis 36 x 72 Conference Tables	Furniture	Tables	Jumbo Box	0.63
593570	Bevis Boat-Shaped Conference Table	Furniture	Tables	Jumbo Box	0.75
95746	Bevis Rectangular Conference Tables	Furniture	Tables	Jumbo Box	0.69
171527	Bevis Round Conference Room Tables and Bases	Furniture	Tables	Jumbo Box	0.71
682640	Bevis Steel Folding Chairs	Furniture	Chairs & Chairmats	Jumbo Drum	0.57
746518	Binder Clips by OIC	Office Supplies	Rubber Bands	Wrap Bag	0.37
730110	Binder Posts	Office Supplies	Binders and Binder Accessories	Small Box	0.39
612766	Binding Machine Supplies	Office Supplies	Binders and Binder Accessories	Small Box	0.37
878329	"Binney & Smith Crayola¨ Metallic Colored Pencils, 8-Color Set"	Office Supplies	Pens & Art Supplies	Wrap Bag	0.52
421568	"Binney & Smith inkTankª Erasable Desk Highlighter, Chisel Tip, Yellow, 12/Box"	Office Supplies	Pens & Art Supplies	Wrap Bag	0.44
570526	"Binney & Smith inkTankª Erasable Pocket Highlighter, Chisel Tip, Yellow"	Office Supplies	Pens & Art Supplies	Wrap Bag	0.41
899702	Bionaire 99.97% HEPA Air Cleaner	Office Supplies	Appliances	Medium Box	0.50
91978	Bionaire Personal Warm Mist Humidifier/Vaporizer	Office Supplies	Appliances	Medium Box	0.46
466225	"Black Print Carbonless 8 1/2"" x 8 1/4"" Rapid Memo Book"	Office Supplies	Paper	Wrap Bag	0.39
704553	"Black Print Carbonless Snap-Off¨ Rapid Letter, 8 1/2"" x 7"""	Office Supplies	Paper	Wrap Bag	0.40
756158	Blackstonian Pencils	Office Supplies	Pens & Art Supplies	Wrap Bag	0.57
459677	"Blue String-Tie & Button Interoffice Envelopes, 10 x 13"	Office Supplies	Envelopes	Small Box	0.40
667910	Boston 1645 Deluxe Heavier-Duty Electric Pencil Sharpener	Office Supplies	Pens & Art Supplies	Small Pack	0.58
751450	Boston 16701 Slimline Battery Pencil Sharpener	Office Supplies	Pens & Art Supplies	Small Pack	0.55
152427	Boston 16765 Mini Stand Up Battery Pencil Sharpener	Office Supplies	Pens & Art Supplies	Small Pack	0.59
614969	Boston 16801 Nautilusª Battery Pencil Sharpener	Office Supplies	Pens & Art Supplies	Small Pack	0.59
361951	Boston 1730 StandUp Electric Pencil Sharpener	Office Supplies	Pens & Art Supplies	Small Pack	0.59
481924	Boston 1799 Powerhouseª Electric Pencil Sharpener	Office Supplies	Pens & Art Supplies	Small Pack	0.57
981209	Boston 19500 Mighty Mite Electric Pencil Sharpener	Office Supplies	Pens & Art Supplies	Small Pack	0.58
524772	"Boston Electric Pencil Sharpener, Model 1818, Charcoal Black"	Office Supplies	Pens & Art Supplies	Small Pack	0.57
479067	Boston KS Multi-Size Manual Pencil Sharpener	Office Supplies	Pens & Art Supplies	Small Pack	0.57
736479	"Boston Model 1800 Electric Pencil Sharpener, Gray"	Office Supplies	Pens & Art Supplies	Small Pack	0.55
403494	"Boston School Pro Electric Pencil Sharpener, 1670"	Office Supplies	Pens & Art Supplies	Small Pack	0.58
934530	"BOSTON¨ Ranger¨ #55 Pencil Sharpener, Black"	Office Supplies	Pens & Art Supplies	Small Box	0.56
779048	BPI Conference Tables	Furniture	Tables	Jumbo Box	0.71
50693	"Bravo IIª Megaboss¨ 12-Amp Hard Body Upright, Replacement Belts, 2 Belts per Pack"	Office Supplies	Appliances	Large Box	0.56
301122	Bretford ÒJust In TimeÓ Height-Adjustable Multi-Task Work Tables	Furniture	Tables	Jumbo Box	0.79
136430	Bretford Rectangular Conference Table Tops	Furniture	Tables	Jumbo Box	0.74
649343	"Brites Rubber Bands, 1 1/2 oz. Box"	Office Supplies	Rubber Bands	Wrap Bag	0.83
743841	Brother DCP1000 Digital 3 in 1 Multifunction Machine	Technology	Copiers and Fax	Large Box	0.50
134974	Brown Kraft Recycled Envelopes	Office Supplies	Envelopes	Small Box	0.35
594189	Bush Advantage Collection¨ Racetrack Conference Table	Furniture	Tables	Jumbo Box	0.67
921326	"Bush Cubix Collection Bookcases, Fully Assembled"	Furniture	Bookcases	Jumbo Box	0.62
893965	"Bush Heritage Pine Collection 5-Shelf Bookcase, Albany Pine Finish, *Special Order"	Furniture	Bookcases	Jumbo Box	0.65
331372	Bush Mission Pointe Library	Furniture	Bookcases	Jumbo Box	0.65
762722	"Bush Westfield Collection Bookcases, Dark Cherry Finish, Fully Assembled"	Furniture	Bookcases	Jumbo Box	0.78
160678	"Bush Westfield Collection Bookcases, Fully Assembled"	Furniture	Bookcases	Jumbo Box	0.62
490695	"Bush¨ Cubix Conference Tables, Fully Assembled"	Furniture	Tables	Jumbo Box	0.60
507264	"C-Line Cubicle Keepers Polyproplyene Holder w/Velcro¨ Back, 8-1/2x11, 25/Bx"	Furniture	Office Furnishings	Small Box	0.54
1012355	"C-Line Peel & Stick Add-On Filing Pockets, 8-3/4 x 5-1/8, 10/Pack"	Office Supplies	Binders and Binder Accessories	Small Box	0.38
492210	Canon BP1200DH 12-Digit Bubble Jet Printing Calculator	Technology	Office Machines	Medium Box	0.36
203194	Canon F603 Scientific Calculator	Technology	Office Machines	Medium Box	0.36
125839	Canon Image Class D660 Copier	Technology	Copiers and Fax	Large Box	0.44
360858	Canon imageCLASS 2200 Advanced Copier	Technology	Copiers and Fax	Large Box	0.37
920949	Canon Imageclass D680 Copier / Fax	Technology	Copiers and Fax	Large Box	0.54
482713	Canon MP100DHII Printing Calculator	Technology	Office Machines	Medium Box	0.37
681369	Canon MP25DIII Desktop Whisper-Quiet Printing Calculator	Technology	Office Machines	Medium Box	0.37
56287	Canon MP41DH Printing Calculator	Technology	Office Machines	Medium Box	0.38
445991	Canon P1-DHIII Palm Printing Calculator	Technology	Office Machines	Medium Box	0.40
1039462	Canon PC-428 Personal Copier	Technology	Copiers and Fax	Large Box	0.46
205200	Canon PC1060 Personal Laser Copier	Technology	Copiers and Fax	Large Box	0.41
710507	Canon PC1080F Personal Copier	Technology	Copiers and Fax	Large Box	0.50
651577	Canon S750 Color Inkjet Printer	Technology	Office Machines	Jumbo Drum	0.38
392183	Cardinal Holdit Business Card Pockets	Office Supplies	Binders and Binder Accessories	Small Box	0.37
821997	Cardinal Poly Pocket Divider Pockets for Ring Binders	Office Supplies	Binders and Binder Accessories	Small Box	0.40
820841	"Cardinal Slant-D¨ Ring Binder, Heavy Gauge Vinyl"	Office Supplies	Binders and Binder Accessories	Small Box	0.39
643318	"Career Cubicle Clock, 8 1/4"", Black"	Furniture	Office Furnishings	Small Box	0.47
322672	"Carina 42""Hx23 3/4""W Media Storage Unit"	Office Supplies	Storage & Organization	Large Box	0.83
224170	Carina Double Wide Media Storage Towers in Natural & Black	Office Supplies	Storage & Organization	Large Box	0.81
281434	"Carina Mini System Audio Rack, Model AR050B"	Office Supplies	Storage & Organization	Large Box	0.82
442073	Catalog Binders with Expanding Posts	Office Supplies	Binders and Binder Accessories	Small Box	0.40
677137	CF 688	Technology	Telephones and Communication	Small Box	0.58
784982	CF 888	Technology	Telephones and Communication	Small Box	0.59
826113	Chromcraft Bull-Nose Wood Oval Conference Tables & Bases	Furniture	Tables	Jumbo Box	0.71
899480	"Chromcraft Bull-Nose Wood Round Conference Table Top, Wood Base"	Furniture	Tables	Jumbo Box	0.68
73324	Chromcraft Rectangular Conference Tables	Furniture	Tables	Jumbo Box	0.61
759968	Col-Erase¨ Pencils with Erasers	Office Supplies	Pens & Art Supplies	Wrap Bag	0.56
697651	Colored Envelopes	Office Supplies	Envelopes	Small Box	0.39
872912	Colored Push Pins	Office Supplies	Rubber Bands	Wrap Bag	0.49
1016325	Coloredge Poster Frame	Furniture	Office Furnishings	Wrap Bag	0.46
617337	Colorific¨ Watercolor Pencils	Office Supplies	Pens & Art Supplies	Wrap Bag	0.56
386136	"Companion Letter/Legal File, Black"	Office Supplies	Storage & Organization	Small Box	0.57
632742	Computer Printout Index Tabs	Office Supplies	Binders and Binder Accessories	Small Box	0.37
1003701	Computer Printout Paper with Letter-Trim Perforations	Office Supplies	Paper	Small Box	0.37
541994	"Computer Room Manger, 14"""	Furniture	Office Furnishings	Small Box	0.49
499554	"Conquestª 14 Commercial Heavy-Duty Upright Vacuum, Collection System, Accessory Kit"	Office Supplies	Appliances	Small Box	0.56
410461	Contemporary Wood/Metal Frame	Furniture	Office Furnishings	Small Box	0.50
328938	Crate-A-Filesª	Office Supplies	Storage & Organization	Small Box	0.59
412528	"Crayola Anti Dust Chalk, 12/Pack"	Office Supplies	Pens & Art Supplies	Wrap Bag	0.40
460873	Crayola Colored Pencils	Office Supplies	Pens & Art Supplies	Wrap Bag	0.52
661590	"Dana Fluorescent Magnifying Lamp, White, 36"""	Furniture	Office Furnishings	Large Box	0.55
593564	Dana Halogen Swing-Arm Architect Lamp	Furniture	Office Furnishings	Large Box	0.57
542188	Dana Swing-Arm Lamps	Furniture	Office Furnishings	Large Box	0.60
908791	"DAX Charcoal/Nickel-Tone Document Frame, 5 x 7"	Furniture	Office Furnishings	Small Pack	0.40
304170	DAX Clear Channel Poster Frame	Furniture	Office Furnishings	Small Box	0.48
246243	"DAX Contemporary Wood Frame with Silver Metal Mat, Desktop, 11 x 14 Size"	Furniture	Office Furnishings	Small Pack	0.49
126813	"DAX Copper Panel Document Frame, 5 x 7 Size"	Furniture	Office Furnishings	Small Box	0.43
176425	DAX Cubicle Frames - 8x10	Furniture	Office Furnishings	Medium Box	0.55
610002	"DAX Cubicle Frames, 8-1/2 x 11"	Furniture	Office Furnishings	Small Pack	0.49
116706	"DAX Metal Frame, Desktop, Stepped-Edge"	Furniture	Office Furnishings	Small Pack	0.46
766415	DAX Natural Wood-Tone Poster Frame	Furniture	Office Furnishings	Small Box	0.49
532104	DAX Solid Wood Frames	Furniture	Office Furnishings	Medium Box	0.48
285119	"DAX Two-Tone Rosewood/Black Document Frame, Desktop, 5 x 7"	Furniture	Office Furnishings	Small Pack	0.45
482686	"DAX Value U-Channel Document Frames, Easel Back"	Furniture	Office Furnishings	Medium Box	0.54
816613	DAX Wood Document Frame	Furniture	Office Furnishings	Small Pack	0.49
556506	DAX Wood Document Frame.	Furniture	Office Furnishings	Wrap Bag	0.54
221926	Decoflex Hanging Personal Folder File	Office Supplies	Storage & Organization	Small Box	0.59
678382	"Decoflex Hanging Personal Folder File, Blue"	Office Supplies	Storage & Organization	Small Box	0.58
728557	Deflect-o DuraMat Antistatic Studded Beveled Mat for Medium Pile Carpeting	Furniture	Office Furnishings	Large Box	0.61
998209	"Deflect-o EconoMat Nonstudded, No Bevel Mat"	Furniture	Office Furnishings	Medium Box	0.65
135665	"Deflect-o EconoMat Studded, No Bevel Mat for Low Pile Carpeting"	Furniture	Office Furnishings	Medium Box	0.76
931500	Deflect-o Glass Clear Studded Chair Mats	Furniture	Office Furnishings	Medium Box	0.63
1007032	"Deflect-o RollaMat Studded, Beveled Mat for Medium Pile Carpeting"	Furniture	Office Furnishings	Medium Box	0.67
592044	"Deflect-o SuperTrayª Unbreakable Stackable Tray, Letter, Black"	Furniture	Office Furnishings	Small Box	0.42
243623	Deflect-O¨ Glasstiqueª Clear Desk Accessories	Furniture	Office Furnishings	Wrap Bag	0.52
674664	Deluxe Rollaway Locking File with Drawer	Office Supplies	Storage & Organization	Small Box	0.57
735275	Desktop 3-Pocket Hot File¨	Office Supplies	Storage & Organization	Small Box	0.59
896019	"Dixon My First Ticonderoga Pencil, #2"	Office Supplies	Pens & Art Supplies	Wrap Bag	0.56
779056	DIXON Oriole¨ Pencils	Office Supplies	Pens & Art Supplies	Wrap Bag	0.59
821950	"Dixon Prang¨ Watercolor Pencils, 10-Color Set with Brush"	Office Supplies	Pens & Art Supplies	Wrap Bag	0.44
161487	Dixon Ticonderoga Core-Lock Colored Pencils	Office Supplies	Pens & Art Supplies	Wrap Bag	0.52
686278	"Dixon Ticonderoga Core-Lock Colored Pencils, 48-Color Set"	Office Supplies	Pens & Art Supplies	Wrap Bag	0.41
512058	DIXON Ticonderoga¨ Erasable Checking Pencils	Office Supplies	Pens & Art Supplies	Wrap Bag	0.46
675127	"Dixon Ticonderoga¨ Erasable Colored Pencil Set, 12-Color"	Office Supplies	Pens & Art Supplies	Wrap Bag	0.51
834531	DMI Arturo Collection Mission-style Design Wood Chair	Furniture	Chairs & Chairmats	Jumbo Drum	0.59
174009	DMI Eclipse Executive Suite Bookcases	Furniture	Bookcases	Jumbo Box	0.66
68351	Document Clip Frames	Furniture	Office Furnishings	Wrap Bag	0.43
519834	"Dot Matrix Printer Tape Reel Labels, White, 5000/Box"	Office Supplies	Labels	Small Box	0.36
481236	DPC 650 Piper	Technology	Telephones and Communication	Small Box	0.58
403305	"DS/HD IBM Formatted Diskettes, 10/Pack - Staples"	Technology	Computer Peripherals	Small Pack	0.64
640984	"DS/HD IBM Formatted Diskettes, 200/Pack - Staples"	Technology	Computer Peripherals	Small Pack	0.71
149455	"Dual Level, Single-Width Filing Carts"	Office Supplies	Storage & Organization	Small Box	0.59
49841	Durable Pressboard Binders	Office Supplies	Binders and Binder Accessories	Small Box	0.38
731946	"DXLª Angle-View Binders with Locking Rings, Black"	Office Supplies	Binders and Binder Accessories	Small Box	0.38
559984	"Eaton Premium Continuous-Feed Paper, 25% Cotton, Letter Size, White, 1000 Shts/Box"	Office Supplies	Paper	Small Box	0.37
1036156	Economy Binders	Office Supplies	Binders and Binder Accessories	Small Box	0.36
742923	Economy Rollaway Files	Office Supplies	Storage & Organization	Small Box	0.59
207567	EcoTones¨ Memo Sheets	Office Supplies	Paper	Wrap Bag	0.37
956439	Eldon Advantage¨ Chair Mats for Low to Medium Pile Carpets	Furniture	Office Furnishings	Medium Box	0.75
430810	Eldon Advantage¨ Foldable Chair Mats for Low Pile Carpets	Furniture	Office Furnishings	Medium Box	0.64
450925	Eldon Antistatic Chair Mats for Low to Medium Pile Carpets	Furniture	Office Furnishings	Large Box	0.79
552086	"Eldon Base for stackable storage shelf, platinum"	Office Supplies	Storage & Organization	Large Box	0.80
581893	Eldon Cleatmat Plusª Chair Mats for High Pile Carpets	Furniture	Office Furnishings	Medium Box	0.74
735084	Eldon Cleatmat¨ Chair Mats for Medium Pile Carpets	Furniture	Office Furnishings	Medium Box	0.72
265590	Eldon ClusterMat Chair Mat with Cordless Antistatic Protection	Furniture	Office Furnishings	Medium Box	0.74
429891	"Eldon Delta Triangular Chair Mat, 52"" x 58"", Clear"	Furniture	Office Furnishings	Wrap Bag	0.67
760319	Eldon Econocleat¨ Chair Mats for Low Pile Carpets	Furniture	Office Furnishings	Wrap Bag	0.73
408433	Eldon Executive Woodline II Cherry Finish Desk Accessories	Furniture	Office Furnishings	Small Box	0.57
845978	Eldon Expressions Mahogany Wood Desk Collection	Furniture	Office Furnishings	Small Box	0.60
660527	"Eldon Expressions Punched Metal & Wood Desk Accessories, Black & Cherry"	Furniture	Office Furnishings	Small Box	0.57
370731	"Eldon Expressions Punched Metal & Wood Desk Accessories, Pewter & Cherry"	Furniture	Office Furnishings	Small Box	0.57
134249	"Eldon Expressionsª Desk Accessory, Wood Pencil Holder, Oak"	Furniture	Office Furnishings	Small Box	0.55
1010112	"Eldon Expressionsª Desk Accessory, Wood Photo Frame, Mahogany"	Furniture	Office Furnishings	Small Box	0.56
924265	Eldon Image Series Black Desk Accessories	Furniture	Office Furnishings	Small Box	0.49
858159	"Eldon Imge¨ Series Desk Accessories, Clear"	Furniture	Office Furnishings	Small Box	0.42
887573	Eldon Jumbo ProFileª Portable File Boxes Graphite/Black	Office Supplies	Storage & Organization	Small Box	0.57
335488	Eldon Pizzazª Desk Accessories	Furniture	Office Furnishings	Small Pack	0.41
884540	Eldon Portable Mobile Manager	Office Supplies	Storage & Organization	Medium Box	0.58
275015	Eldon Radial Chair Mat for Low to Medium Pile Carpets	Furniture	Office Furnishings	Wrap Bag	0.65
448604	"Eldon Regeneration Recycled Desk Accessories, Smoke"	Furniture	Office Furnishings	Small Pack	0.53
802904	Eldon Shelf Saversª Cubes and Bins	Office Supplies	Storage & Organization	Small Box	0.83
789960	Eldon Simplefile¨ Box Office¨	Office Supplies	Storage & Organization	Medium Box	0.57
858401	"Eldon Spacemaker¨ Box, Quick-Snap Lid, Clear"	Office Supplies	Pens & Art Supplies	Wrap Bag	0.54
623150	Eldon Wave Desk Accessories	Furniture	Office Furnishings	Small Box	0.41
115110	Eldon¨ 200 Classª Desk Accessories	Furniture	Office Furnishings	Small Box	0.53
743734	"Eldon¨ 200 Classª Desk Accessories, Burgundy"	Furniture	Office Furnishings	Small Box	0.43
410733	"Eldon¨ 300 Classª Desk Accessories, Black"	Furniture	Office Furnishings	Small Box	0.41
447798	"Eldon¨ 400 Classª Desk Accessories, Black Carbon"	Furniture	Office Furnishings	Small Pack	0.43
754038	Eldon¨ 500 Classª Desk Accessories	Furniture	Office Furnishings	Wrap Bag	0.52
552434	"Eldon¨ Executive Woodline II Desk Accessories, Mahogany"	Furniture	Office Furnishings	Small Box	0.58
525720	"Eldon¨ Expressionsª Wood and Plastic Desk Accessories, Oak"	Furniture	Office Furnishings	Small Box	0.57
431822	"Eldon¨ Expressionsª Wood Desk Accessories, Oak"	Furniture	Office Furnishings	Small Box	0.56
131291	Eldon¨ Gobal File Keepers	Office Supplies	Storage & Organization	Small Box	0.81
594094	"Eldon¨ Image Series Desk Accessories, Burgundy"	Furniture	Office Furnishings	Small Box	0.49
332624	Eldon¨ Wave Desk Accessories	Furniture	Office Furnishings	Small Box	0.43
579387	Electrix 20W Halogen Replacement Bulb for Zoom-In Desk Lamp	Furniture	Office Furnishings	Small Pack	0.37
480064	"Electrix Architect's Clamp-On Swing Arm Lamp, Black"	Furniture	Office Furnishings	Large Box	0.56
91652	Electrix Fluorescent Magnifier Lamps & Weighted Base	Furniture	Office Furnishings	Large Box	0.57
120431	Electrix Halogen Magnifier Lamp	Furniture	Office Furnishings	Large Box	0.59
829851	"Electrix Incandescent Magnifying Lamp, Black"	Furniture	Office Furnishings	Large Box	0.58
886452	"Elite 5"" Scissors"	Office Supplies	"Scissors, Rulers and Trimmers"	Small Pack	0.55
280185	ELITE Series	Technology	Telephones and Communication	Small Box	0.58
670585	Epson C62 Color Inkjet Printer	Technology	Office Machines	Jumbo Box	0.35
621737	Epson C82 Color Inkjet Printer	Technology	Office Machines	Jumbo Drum	0.36
913152	Epson DFX-8500 Dot Matrix Printer	Technology	Office Machines	Jumbo Drum	0.57
425256	Epson DFX5000+ Dot Matrix Printer	Technology	Office Machines	Jumbo Drum	0.57
345368	Epson FX-2180 Wide Format Dot Matrix Printer	Technology	Office Machines	Jumbo Drum	0.57
27473	Epson FX-980 Dot Matrix Printer	Technology	Office Machines	Jumbo Drum	0.59
852926	Epson LQ-570e Dot Matrix Printer	Technology	Office Machines	Jumbo Drum	0.56
272273	Epson LQ-870 Dot Matrix Printer	Technology	Office Machines	Jumbo Drum	0.59
302796	Epson Stylus 1520 Color Inkjet Printer	Technology	Office Machines	Jumbo Drum	0.37
392324	Eureka Disposable Bags for Sanitaire¨ Vibra Groomer I¨ Upright Vac	Office Supplies	Appliances	Small Box	0.60
520419	"Eureka Hand Vacuum, Bagless"	Office Supplies	Appliances	Small Box	0.57
430772	"Eureka Recycled Copy Paper 8 1/2"" x 11"", Ream"	Office Supplies	Paper	Small Box	0.37
210383	"Eureka Sanitaire ¨ Multi-Pro Heavy-Duty Upright, Disposable Bags"	Office Supplies	Appliances	Small Box	0.59
199819	Eureka The Boss¨ Cordless Rechargeable Stick Vac	Office Supplies	Appliances	Small Box	0.58
745182	"Eureka The Boss¨ Plus 12-Amp Hard Box Upright Vacuum, Red"	Office Supplies	Appliances	Small Box	0.58
179381	Euro Pro Shark Stick Mini Vacuum	Office Supplies	Appliances	Large Box	0.59
1100539	"Executive Impressions 12"" Wall Clock"	Furniture	Office Furnishings	Small Pack	0.47
739811	"Executive Impressions 13-1/2"" Indoor/Outdoor Wall Clock"	Furniture	Office Furnishings	Small Pack	0.47
980324	"Executive Impressions 13"" Chairman Wall Clock"	Furniture	Office Furnishings	Small Pack	0.50
1050983	"Executive Impressions 13"" Clairmont Wall Clock"	Furniture	Office Furnishings	Small Pack	0.44
299849	"Executive Impressions 14"""	Furniture	Office Furnishings	Small Pack	0.41
211351	"Executive Impressions 14"" Contract Wall Clock"	Furniture	Office Furnishings	Small Pack	0.52
682156	"Executive Impressions 14"" Contract Wall Clock with Quartz Movement"	Furniture	Office Furnishings	Small Pack	0.41
105932	"Executive Impressions 14"" Two-Color Numerals Wall Clock"	Furniture	Office Furnishings	Small Pack	0.44
286374	"Executive Impressions 8-1/2"" Career Panel/Partition Cubicle Clock"	Furniture	Office Furnishings	Small Pack	0.51
279720	Fellowes 17-key keypad for PS/2 interface	Technology	Computer Peripherals	Small Box	0.75
15497	Fellowes 8 Outlet Superior Workstation Surge Protector	Office Supplies	Appliances	Small Box	0.56
427305	Fellowes 8 Outlet Superior Workstation Surge Protector w/o Phone/Fax/Modem Protection	Office Supplies	Appliances	Small Box	0.59
835973	Fellowes Bankers Boxª Staxonsteel¨ Drawer File/Stacking System	Office Supplies	Storage & Organization	Small Box	0.73
300581	Fellowes Bankers Boxª Stor/Drawer¨ Steel Plusª	Office Supplies	Storage & Organization	Small Box	0.75
775181	Fellowes Bases and Tops For Staxonsteel¨/High-Stak¨ Systems	Office Supplies	Storage & Organization	Small Box	0.61
445951	Fellowes Binding Cases	Office Supplies	Binders and Binder Accessories	Small Box	0.40
918216	Fellowes Black Plastic Comb Bindings	Office Supplies	Binders and Binder Accessories	Small Box	0.39
376545	Fellowes Command Center 5-outlet power strip	Office Supplies	Appliances	Small Box	0.58
661762	Fellowes EZ Multi-Media Keyboard	Technology	Computer Peripherals	Small Box	0.76
454214	Fellowes High-Stak¨ Drawer Files	Office Supplies	Storage & Organization	Small Box	0.62
719525	"Fellowes Internet Keyboard, Platinum"	Technology	Computer Peripherals	Small Box	0.74
138181	Fellowes Mighty 8 Compact Surge Protector	Office Supplies	Appliances	Small Box	0.57
417265	"Fellowes Mobile File Cart, Black"	Office Supplies	Storage & Organization	Small Box	0.58
111176	Fellowes Neat Ideas¨ Storage Cubes	Office Supplies	Storage & Organization	Large Box	0.81
192481	Fellowes Officewareª Wire Shelving	Office Supplies	Storage & Organization	Large Box	0.83
616694	Fellowes PB300 Plastic Comb Binding Machine	Office Supplies	Binders and Binder Accessories	Small Box	0.38
158483	Fellowes PB500 Electric Punch Plastic Comb Binding Machine with Manual Bind	Office Supplies	Binders and Binder Accessories	Small Box	0.35
657927	"Fellowes Personal Hanging Folder Files, Navy"	Office Supplies	Storage & Organization	Small Box	0.57
505095	"Fellowes Premier Superior Surge Suppressor, 10-Outlet, With Phone and Remote"	Office Supplies	Appliances	Small Box	0.59
483546	Fellowes Recycled Storage Drawers	Office Supplies	Storage & Organization	Small Box	0.78
338935	"Fellowes Smart Surge Ten-Outlet Protector, Platinum"	Office Supplies	Appliances	Small Box	0.57
226162	Fellowes Staxonsteel¨ Drawer Files	Office Supplies	Storage & Organization	Small Box	0.71
271693	Fellowes Stor/Drawer¨ Steel Plusª Storage Drawers	Office Supplies	Storage & Organization	Small Box	0.79
689019	"Fellowes Strictly Business¨ Drawer File, Letter/Legal Size"	Office Supplies	Storage & Organization	Small Box	0.73
285813	Fellowes Super Stor/Drawer¨	Office Supplies	Storage & Organization	Small Box	0.67
711463	Fellowes Super Stor/Drawer¨ Files	Office Supplies	Storage & Organization	Small Box	0.66
800064	Fellowes Superior 10 Outlet Split Surge Protector	Office Supplies	Appliances	Small Box	0.56
515586	"Fellowes Twister Kit, Gray/Clear, 3/pkg"	Office Supplies	Binders and Binder Accessories	Small Box	0.40
965118	"File Shuttle II and Handi-File, Black"	Office Supplies	Storage & Organization	Small Box	0.60
278621	Filing/Storage Totes and Swivel Casters	Office Supplies	Storage & Organization	Small Box	0.60
591499	"Fiskars 8"" Scissors, 2/Pack"	Office Supplies	"Scissors, Rulers and Trimmers"	Small Pack	0.56
567128	Fiskars¨ Softgrip Scissors	Office Supplies	"Scissors, Rulers and Trimmers"	Small Pack	0.57
699709	Flat Face Poster Frame	Furniture	Office Furnishings	Wrap Bag	0.43
114229	Flexible Leather- Look Classic Collection Ring Binder	Office Supplies	Binders and Binder Accessories	Small Box	0.35
456173	Fluorescent Highlighters by Dixon	Office Supplies	Pens & Art Supplies	Wrap Bag	0.51
529619	Fuji 5.2GB DVD-RAM	Technology	Computer Peripherals	Small Pack	0.55
712849	Fuji Slim Jewel Case CD-R	Technology	Computer Peripherals	Small Pack	0.55
168172	G.E. Halogen Desk Lamp Bulbs	Furniture	Office Furnishings	Small Pack	0.37
56825	G.E. Longer-Life Indoor Recessed Floodlight Bulbs	Furniture	Office Furnishings	Small Pack	0.37
195341	g520	Technology	Telephones and Communication	Small Box	0.59
222984	GBC Binding covers	Office Supplies	Binders and Binder Accessories	Small Box	0.40
564488	"GBC Clear Cover, 8-1/2 x 11, unpunched, 25 covers per pack"	Office Supplies	Binders and Binder Accessories	Small Box	0.39
648476	GBC DocuBind 200 Manual Binding Machine	Office Supplies	Binders and Binder Accessories	Small Box	0.35
686879	GBC DocuBind 300 Electric Binding Machine	Office Supplies	Binders and Binder Accessories	Small Box	0.37
351447	GBC DocuBind P100 Manual Binding Machine	Office Supplies	Binders and Binder Accessories	Small Box	0.40
420010	GBC DocuBind P50 Personal Binding Machine	Office Supplies	Binders and Binder Accessories	Small Box	0.38
801720	GBC DocuBind TL200 Manual Binding Machine	Office Supplies	Binders and Binder Accessories	Small Box	0.38
507331	GBC DocuBind TL300 Electric Binding System	Office Supplies	Binders and Binder Accessories	Small Box	0.38
559987	GBC Durable Plastic Covers	Office Supplies	Binders and Binder Accessories	Small Box	0.39
990993	GBC Imprintable Covers	Office Supplies	Binders and Binder Accessories	Small Box	0.36
539739	GBC Instant Indexª System for Binding Systems	Office Supplies	Binders and Binder Accessories	Small Box	0.35
962312	"GBC Laser Imprintable Binding System Covers, Desert Sand"	Office Supplies	Binders and Binder Accessories	Small Box	0.38
952000	GBC Linen Binding Covers	Office Supplies	Binders and Binder Accessories	Small Box	0.37
1047536	GBC Plastic Binding Combs	Office Supplies	Binders and Binder Accessories	Small Box	0.36
888871	GBC Poly Designer Binding Covers	Office Supplies	Binders and Binder Accessories	Small Box	0.36
166184	"GBC Pre-Punched Binding Paper, Plastic, White, 8-1/2"" x 11"""	Office Supplies	Binders and Binder Accessories	Small Box	0.37
995197	"GBC Prepunched Paper, 19-Hole, for Binding Systems, 24-lb"	Office Supplies	Binders and Binder Accessories	Small Box	0.39
508763	GBC ProClick Punch Binding System	Office Supplies	Binders and Binder Accessories	Small Box	0.36
150664	GBC ProClick Spines for 32-Hole Punch	Office Supplies	Binders and Binder Accessories	Small Box	0.38
116470	GBC ProClickª 150 Presentation Binding System	Office Supplies	Binders and Binder Accessories	Small Box	0.38
749689	GBC Recycled Grain Textured Covers	Office Supplies	Binders and Binder Accessories	Small Box	0.37
240412	GBC Recycled Regency Composition Covers	Office Supplies	Binders and Binder Accessories	Small Box	0.39
231361	GBC Standard Plastic Binding Systems Combs	Office Supplies	Binders and Binder Accessories	Small Box	0.36
487738	GBC Standard Plastic Binding Systems' Combs	Office Supplies	Binders and Binder Accessories	Small Box	0.40
642280	GBC Standard Therm-A-Bind Covers	Office Supplies	Binders and Binder Accessories	Small Box	0.39
83432	GBC Therma-A-Bind 250T Electric Binding System	Office Supplies	Binders and Binder Accessories	Small Box	0.37
232999	"GBC Twin Loopª Wire Binding Elements, 9/16"" Spine, Black"	Office Supplies	Binders and Binder Accessories	Small Box	0.36
87215	GBC VeloBinder Electric Binding Machine	Office Supplies	Binders and Binder Accessories	Small Box	0.35
516201	GBC VeloBinder Strips	Office Supplies	Binders and Binder Accessories	Small Box	0.35
211281	"GBC White Gloss Covers, Plain Front"	Office Supplies	Binders and Binder Accessories	Small Box	0.38
945043	GBC Wire Binding Strips	Office Supplies	Binders and Binder Accessories	Small Box	0.37
548833	"GE 4 Foot Flourescent Tube, 40 Watt"	Furniture	Office Furnishings	Small Pack	0.39
700485	"GE 48"" Fluorescent Tube, Cool White Energy Saver, 34 Watts, 30/Box"	Furniture	Office Furnishings	Small Pack	0.35
400240	"Geographics Note Cards, Blank, White, 8 1/2"" x 11"""	Office Supplies	Paper	Small Box	0.37
240897	"Global Airflow Leather Mesh Back Chair, Black"	Furniture	Chairs & Chairmats	Jumbo Drum	0.55
124081	Global Cometª Stacking Armless Chair	Furniture	Chairs & Chairmats	Jumbo Drum	0.57
622193	Global Commerceª Series High-Back Swivel/Tilt Chairs	Furniture	Chairs & Chairmats	Jumbo Drum	0.60
345256	Global Deluxe High-Back Office Chair in Storm	Furniture	Chairs & Chairmats	Jumbo Drum	0.76
241264	Global Deluxe Office Fabric Chairs	Furniture	Chairs & Chairmats	Jumbo Drum	0.58
629210	"Global Deluxe Stacking Chair, Gray"	Furniture	Chairs & Chairmats	Jumbo Drum	0.56
192660	Global Enterprise Series Seating High-Back Swivel/Tilt Chairs	Furniture	Chairs & Chairmats	Jumbo Drum	0.77
104120	Global Enterpriseª Series Seating Low-Back Swivel/Tilt Chairs	Furniture	Chairs & Chairmats	Jumbo Drum	0.55
507788	Global Ergonomic Managers Chair	Furniture	Chairs & Chairmats	Jumbo Drum	0.59
381761	"Global High-Back Leather Tilter, Burgundy"	Furniture	Chairs & Chairmats	Jumbo Drum	0.74
990587	"Global Leather & Oak Executive Chair, Burgundy"	Furniture	Chairs & Chairmats	Jumbo Drum	0.77
279374	"Global Leather and Oak Executive Chair, Black"	Furniture	Chairs & Chairmats	Jumbo Drum	0.56
884090	Global Leather Executive Chair	Furniture	Chairs & Chairmats	Jumbo Drum	0.55
674050	"Global Leather Highback Executive Chair with Pneumatic Height Adjustment, Black"	Furniture	Chairs & Chairmats	Jumbo Drum	0.58
1083564	"Global Leather Task Chair, Black"	Furniture	Chairs & Chairmats	Jumbo Drum	0.66
295705	"Global Push Button Manager's Chair, Indigo"	Furniture	Chairs & Chairmats	Jumbo Drum	0.56
870163	"Global Stack Chair without Arms, Black"	Furniture	Chairs & Chairmats	Jumbo Drum	0.60
528974	Global Troyª Executive Leather Low-Back Tilter	Furniture	Chairs & Chairmats	Jumbo Drum	0.60
993502	"Gould Plastics 9-Pocket Panel Bin, 18-3/8w x 5-1/4d x 20-1/2h, Black"	Office Supplies	Storage & Organization	Small Box	0.81
727825	Grip Seal Envelopes	Office Supplies	Envelopes	Small Box	0.38
381438	Gyration RF Keyboard	Technology	Computer Peripherals	Small Box	0.49
23721	Gyration Ultra Cordless Optical Suite	Technology	Computer Peripherals	Small Box	0.46
888848	Gyration Ultra Professional Cordless Optical Suite	Technology	Computer Peripherals	Small Box	0.48
687346	Hammermill Color Copier Paper (28Lb. and 96 Bright)	Office Supplies	Paper	Small Box	0.40
388781	Hammermill CopyPlus Copy Paper (20Lb. and 84 Bright)	Office Supplies	Paper	Small Box	0.36
524096	Hand-Finished Solid Wood Document Frame	Furniture	Office Furnishings	Small Box	0.55
680591	Hanging Personal Folder File	Office Supplies	Storage & Organization	Small Box	0.60
216645	Harmony HEPA Quiet Air Purifiers	Office Supplies	Appliances	Medium Box	0.50
945646	Hayes Optima 56K V.90 Internal Voice Modem	Technology	Computer Peripherals	Small Box	0.51
672241	Heavy-Duty E-Z-D¨ Binders	Office Supplies	Binders and Binder Accessories	Small Box	0.38
166783	Hewlett Packard 610 Color Digital Copier / Printer	Technology	Copiers and Fax	Large Box	0.40
122114	Hewlett Packard 6S Scientific Calculator	Technology	Office Machines	Medium Box	0.39
1005949	Hewlett Packard LaserJet 3310 Copier	Technology	Copiers and Fax	Large Box	0.37
1048806	Hewlett-Packard 2600DN Business Color Inkjet Printer	Technology	Office Machines	Jumbo Box	0.39
93844	Hewlett-Packard 4.7GB DVD+R Discs	Technology	Computer Peripherals	Small Pack	0.49
49746	"Hewlett-Packard Business Color Inkjet 3000 [N, DTN] Series Printers"	Technology	Office Machines	Jumbo Drum	0.40
585869	"Hewlett-Packard cp1700 [D, PS] Series Color Inkjet Printers"	Technology	Office Machines	Jumbo Drum	0.38
366386	Hewlett-Packard Deskjet 1220Cse Color Inkjet Printer	Technology	Office Machines	Jumbo Box	0.36
112415	Hewlett-Packard Deskjet 3820 Color Inkjet Printer	Technology	Office Machines	Jumbo Drum	0.37
250765	Hewlett-Packard Deskjet 5550 Color Inkjet Printer	Technology	Office Machines	Jumbo Drum	0.40
266000	Hewlett-Packard Deskjet 6122 Color Inkjet Printer	Technology	Office Machines	Jumbo Drum	0.36
789291	Hewlett-Packard Deskjet 940 REFURBISHED Color Inkjet Printer	Technology	Office Machines	Jumbo Box	0.40
171277	High Speed Automatic Electric Letter Opener	Office Supplies	"Scissors, Rulers and Trimmers"	Medium Box	0.81
581262	Holmes 99% HEPA Air Purifier	Office Supplies	Appliances	Medium Box	0.52
326423	"Holmes Cool Mist Humidifier for the Whole House with 8-Gallon Output per Day, Extended Life Filter"	Office Supplies	Appliances	Medium Box	0.40
229792	Holmes Harmony HEPA Air Purifier for 17 x 20 Room	Office Supplies	Appliances	Medium Box	0.42
919940	Holmes HEPA Air Purifier	Office Supplies	Appliances	Medium Box	0.50
540818	Holmes Odor Grabber	Office Supplies	Appliances	Medium Box	0.52
947059	"Holmes Replacement Filter for HEPA Air Cleaner, Large Room"	Office Supplies	Appliances	Small Box	0.43
1012577	"Holmes Replacement Filter for HEPA Air Cleaner, Medium Room"	Office Supplies	Appliances	Medium Box	0.42
475585	"Holmes Replacement Filter for HEPA Air Cleaner, Very Large Room, HEPA Filter"	Office Supplies	Appliances	Jumbo Drum	0.41
1067150	Home/Office Personal File Carts	Office Supplies	Storage & Organization	Small Box	0.60
661224	Hon 2090 ÒPillow SoftÓ Series Mid Back Swivel/Tilt Chairs	Furniture	Chairs & Chairmats	Jumbo Drum	0.78
884845	Hon 2111 Invitationª Series Corner Table	Furniture	Tables	Large Box	0.79
924506	Hon 4-Shelf Metal Bookcases	Furniture	Bookcases	Jumbo Box	0.60
679655	Hon 4060 Series Tables	Furniture	Tables	Large Box	0.63
470743	Hon 4070 Series Pagodaª Armless Upholstered Stacking Chairs	Furniture	Chairs & Chairmats	Jumbo Drum	0.56
318701	Hon 4070 Series Pagodaª Round Back Stacking Chairs	Furniture	Chairs & Chairmats	Jumbo Drum	0.57
476021	Hon 4700 Series Mobuisª Mid-Back Task Chairs with Adjustable Arms	Furniture	Chairs & Chairmats	Jumbo Drum	0.64
116703	Hon 5100 Series Wood Tables	Furniture	Tables	Large Box	0.67
603630	Hon 61000 Series Interactive Training Tables	Furniture	Tables	Jumbo Box	0.67
839366	Hon 94000 Series Round Tables	Furniture	Tables	Jumbo Box	0.76
461227	Hon Comfortask¨ Task/Swivel Chairs	Furniture	Chairs & Chairmats	Jumbo Drum	0.69
575277	Hon Deluxe Fabric Upholstered Stacking Chairs	Furniture	Chairs & Chairmats	Jumbo Drum	0.57
188964	"Hon Deluxe Fabric Upholstered Stacking Chairs, Rounded Back"	Furniture	Chairs & Chairmats	Jumbo Drum	0.55
844618	Hon Every-Day¨ Chair Series Swivel Task Chairs	Furniture	Chairs & Chairmats	Jumbo Drum	0.64
367410	Hon GuestStacker Chair	Furniture	Chairs & Chairmats	Jumbo Drum	0.59
688094	Hon iLevelª Computer Training Table	Furniture	Tables	Jumbo Box	0.65
77414	"Hon Metal Bookcases, Black"	Furniture	Bookcases	Jumbo Box	0.60
884527	"Hon Metal Bookcases, Putty"	Furniture	Bookcases	Jumbo Box	0.56
542007	Hon Multipurpose Stacking Arm Chairs	Furniture	Chairs & Chairmats	Jumbo Drum	0.59
948291	Hon Non-Folding Utility Tables	Furniture	Tables	Jumbo Drum	0.55
949076	Hon Olson Stacker Stools	Furniture	Chairs & Chairmats	Large Box	0.57
332190	Hon Pagodaª Stacking Chairs	Furniture	Chairs & Chairmats	Large Box	0.55
530121	Hon Rectangular Conference Tables	Furniture	Tables	Jumbo Box	0.68
620553	Hon Valutaskª Swivel Chairs	Furniture	Chairs & Chairmats	Jumbo Drum	0.69
1070903	Honeywell Enviracaire Portable HEPA Air Cleaner for 17' x 22' Room	Office Supplies	Appliances	Large Box	0.52
317279	Honeywell Enviracaire¨ Portable Air Cleaner for up to 8 x 10 Room	Office Supplies	Appliances	Large Box	0.54
487927	Honeywell Enviracaire¨ Portable HEPA Air Cleaner for up to 10 x 16 Room	Office Supplies	Appliances	Large Box	0.46
277631	Honeywell Quietcare HEPA Air Cleaner	Office Supplies	Appliances	Medium Box	0.52
136439	Hoover Commercial Lightweight Upright Vacuum with E-Z Emptyª Dirt Cup	Office Supplies	Appliances	Small Box	0.59
669077	Hoover Commercial Soft Guard Upright Vacuum And Disposable Filtration Bags	Office Supplies	Appliances	Small Box	0.58
242307	Hoover Portapowerª Portable Vacuum	Office Supplies	Appliances	Large Box	0.60
909475	Hoover Replacement Belt for Commercial Guardsman Heavy-Duty Upright Vacuum	Office Supplies	Appliances	Small Box	0.55
755639	"Hoover Replacement Belts For Soft Guardª & Commercial Ltweight Upright Vacs, 2/Pk"	Office Supplies	Appliances	Small Box	0.59
135273	Hoover Upright Vacuum With Dirt Cup	Office Supplies	Appliances	Small Box	0.56
689598	Hoover WindTunnelª Plus Canister Vacuum	Office Supplies	Appliances	Small Box	0.57
695417	Hoover¨ Commercial Lightweight Upright Vacuum	Office Supplies	Appliances	Large Box	0.59
314204	"Hot File¨ 7-Pocket, Floor Stand"	Office Supplies	Storage & Organization	Small Box	0.55
240006	"Howard Miller 11-1/2"" Diameter Ridgewood Wall Clock"	Furniture	Office Furnishings	Small Box	0.44
206992	Howard Miller 12-3/4 Diameter Accuwave DS ª Wall Clock	Furniture	Office Furnishings	Small Box	0.43
199159	"Howard Miller 13-3/4"" Diameter Brushed Chrome Round Wall Clock"	Furniture	Office Furnishings	Small Box	0.55
633903	"Howard Miller 13"" Diameter Goldtone Round Wall Clock"	Furniture	Office Furnishings	Small Box	0.44
924921	"Howard Miller 16"" Diameter Gallery Wall Clock"	Furniture	Office Furnishings	Small Box	0.46
768272	Howard Miller Distant Time Traveler Alarm Clock	Furniture	Office Furnishings	Small Box	0.44
308871	HP Office Paper (20Lb. and 87 Bright)	Office Supplies	Paper	Small Box	0.37
1036331	HP Office Recycled Paper (20Lb. and 87 Bright)	Office Supplies	Paper	Small Box	0.36
1006899	Hunt Boston¨ Vacuum Mount KS Pencil Sharpener	Office Supplies	Pens & Art Supplies	Small Box	0.59
730958	"Hunt BOSTON¨ Vista¨ Battery-Operated Pencil Sharpener, Black"	Office Supplies	Pens & Art Supplies	Small Pack	0.58
930353	i1000	Technology	Telephones and Communication	Small Box	0.58
952312	i1000plus	Technology	Telephones and Communication	Small Box	0.57
585386	i2000	Technology	Telephones and Communication	Small Box	0.60
138468	i270	Technology	Telephones and Communication	Small Box	0.55
391953	i470	Technology	Telephones and Communication	Small Box	0.56
607575	i500plus	Technology	Telephones and Communication	Small Box	0.58
393245	i600	Technology	Telephones and Communication	Small Box	0.56
885014	I888 World Phone	Technology	Telephones and Communication	Small Box	0.60
663528	Ibico Covers for Plastic or Wire Binding Elements	Office Supplies	Binders and Binder Accessories	Small Box	0.40
1006802	Ibico EB-19 Dual Function Manual Binding System	Office Supplies	Binders and Binder Accessories	Small Box	0.39
918904	Ibico EPK-21 Electric Binding System	Office Supplies	Binders and Binder Accessories	Small Box	0.36
518671	Ibico Hi-Tech Manual Binding System	Office Supplies	Binders and Binder Accessories	Small Box	0.40
643210	Ibico Ibimaster 300 Manual Binding System	Office Supplies	Binders and Binder Accessories	Small Box	0.40
672681	Ibico Laser Imprintable Binding System Covers	Office Supplies	Binders and Binder Accessories	Small Box	0.39
1067744	Ibico Presentation Index for Binding Systems	Office Supplies	Binders and Binder Accessories	Small Box	0.38
207098	Ibico Recycled Linen-Style Covers	Office Supplies	Binders and Binder Accessories	Small Box	0.37
858726	"IBM 3.5"" DS/HD IBM Formatted Diskettes, 50/Pack"	Technology	Computer Peripherals	Small Pack	0.69
116401	"IBM 80 Minute CD-R Spindle, 50/Pack"	Technology	Computer Peripherals	Small Pack	0.48
326421	"IBM Active Response Keyboard, Black"	Technology	Computer Peripherals	Small Box	0.67
940865	"IBM Multi-Purpose Copy Paper, 8 1/2 x 11"", Case"	Office Supplies	Paper	Small Box	0.40
545772	"IBM Numeric Access II Keypad, 17-Key, Black"	Technology	Computer Peripherals	Small Box	0.75
538416	Iceberg Mobile Mega Data/Printer Cart ¨	Office Supplies	Storage & Organization	Small Box	0.59
479225	iDEN i550	Technology	Telephones and Communication	Small Box	0.60
918877	iDEN i95	Technology	Telephones and Communication	Small Box	0.59
251048	iDENi80s	Technology	Telephones and Communication	Small Box	0.59
124105	"Imation 3.5 IBM Diskettes, 10/Box"	Technology	Computer Peripherals	Small Pack	0.79
500073	"Imation 3.5 IBM Formatted Diskettes, 10/Box"	Technology	Computer Peripherals	Small Pack	0.74
125017	"Imation 3.5, DISKETTE 44766 HGHLD3.52HD/FM, 10/Pack"	Technology	Computer Peripherals	Small Pack	0.79
139334	"Imation 3.5"" Diskettes, IBM Format, DS/HD, 10/Box, Neon"	Technology	Computer Peripherals	Small Pack	0.64
991205	"Imation 3.5"" DS-HD Macintosh Formatted Diskettes, 10/Pack"	Technology	Computer Peripherals	Small Pack	0.68
584340	"Imation 3.5"" DS/HD IBM Formatted Diskettes, 10/Pack"	Technology	Computer Peripherals	Small Pack	0.75
224619	"Imation 3.5"" DS/HD IBM Formatted Diskettes, 50/Pack"	Technology	Computer Peripherals	Small Pack	0.64
192351	"Imation 3.5"" IBM-Formatted Diskettes, 10/Pack"	Technology	Computer Peripherals	Small Pack	0.68
463313	"Imation 3.5"" Unformatted DS/HD Diskettes, 10/Box"	Technology	Computer Peripherals	Small Pack	0.69
401561	"Imation 3.5"", DISKETTE 44766 HGHLD3.52HD/FM, 10/Pack"	Technology	Computer Peripherals	Small Pack	0.64
905400	"Imation 3.5"", RTS 247544 3M 3.5 DSDD, 10/Pack"	Technology	Computer Peripherals	Small Pack	0.61
219802	Imation 5.2GB DVD-RAM	Technology	Computer Peripherals	Small Pack	0.50
118378	Imation DVD-RAM discs	Technology	Computer Peripherals	Small Pack	0.43
475524	"Imation IBM Formatted Diskettes, 100/Pack"	Technology	Computer Peripherals	Small Pack	0.70
315687	"Imation Neon 80 Minute CD-R Spindle, 50/Pack"	Technology	Computer Peripherals	Small Pack	0.45
665810	"Imation Neon Mac Format Diskettes, 10/Pack"	Technology	Computer Peripherals	Small Pack	0.77
231193	"Imation Primaris 3.5"" 2HD Unformatted Diskettes, 10/Pack"	Technology	Computer Peripherals	Small Pack	0.72
728530	"Imation Printable White 80 Minute CD-R Spindle, 50/Pack"	Technology	Computer Peripherals	Small Pack	0.44
850189	"Important Message Pads, 50 4-1/4 x 5-1/2 Forms per Pad"	Office Supplies	Paper	Wrap Bag	0.36
294775	Iris Project Case	Office Supplies	Storage & Organization	Medium Box	0.59
326842	"Iris¨ 3-Drawer Stacking Bin, Black"	Office Supplies	Storage & Organization	Small Box	0.83
48396	"It's Hot Message Books with Stickers, 2 3/4"" x 5"""	Office Supplies	Paper	Wrap Bag	0.40
996963	Jet-Pak Recycled Peel 'N' Seal Padded Mailers	Office Supplies	Envelopes	Small Box	0.40
90345	JM Magazine Binder	Office Supplies	Binders and Binder Accessories	Small Box	0.37
269538	Kensington 4 Outlet MasterPiece¨ Compact Power Control Center	Office Supplies	Appliances	Small Box	0.57
813730	Kensington 6 Outlet Guardian Standard Surge Protector	Office Supplies	Appliances	Small Box	0.58
330853	Kensington 6 Outlet MasterPiece¨ HOMEOFFICE Power Control Center	Office Supplies	Appliances	Small Box	0.56
587480	Kensington 6 Outlet SmartSocket Surge Protector	Office Supplies	Appliances	Small Box	0.60
945326	Kensington 7 Outlet MasterPiece Power Center	Office Supplies	Appliances	Small Box	0.56
74067	Kensington 7 Outlet MasterPiece Power Center with Fax/Phone Line Protection	Office Supplies	Appliances	Small Box	0.55
301579	Kensington 7 Outlet MasterPiece¨ HOMEOFFICE Power Control Center	Office Supplies	Appliances	Small Box	0.55
375957	Keytronic Designer 104- Key Black Keyboard	Technology	Computer Peripherals	Small Box	0.77
878513	KF 788	Technology	Telephones and Communication	Small Box	0.56
781610	KH 688	Technology	Telephones and Communication	Small Box	0.57
134191	Kleencut¨ Forged Office Shears by Acme United Corporation	Office Supplies	"Scissors, Rulers and Trimmers"	Small Pack	0.55
272345	Laminate Occasional Tables	Furniture	Tables	Large Box	0.68
444448	Large Capacity Hanging Post Binders	Office Supplies	Binders and Binder Accessories	Small Box	0.39
72479	Laser & Ink Jet Business Envelopes	Office Supplies	Envelopes	Small Box	0.39
998220	"Lesro Round Back Collection Coffee Table, End Table"	Furniture	Tables	Large Box	0.72
690604	"Lesro Sheffield Collection Coffee Table, End Table, Center Table, Corner Table"	Furniture	Tables	Large Box	0.68
46361	Letter or Legal Size Expandable Poly String Tie Envelopes	Office Supplies	Envelopes	Small Box	0.36
872550	Letter Size Cart	Office Supplies	Storage & Organization	Small Box	0.56
192250	Letter Slitter	Office Supplies	"Scissors, Rulers and Trimmers"	Wrap Bag	0.82
41129	"Letter/Legal File Tote with Clear Snap-On Lid, Black Granite"	Office Supplies	Storage & Organization	Small Box	0.59
629536	Lexmark 4227 Plus Dot Matrix Printer	Technology	Office Machines	Jumbo Drum	0.55
102341	Lexmark Z25 Color Inkjet Printer	Technology	Office Machines	Jumbo Drum	0.37
419790	Lexmark Z54se Color Inkjet Printer	Technology	Office Machines	Jumbo Drum	0.36
499951	Lexmark Z55se Color Inkjet Printer	Technology	Office Machines	Jumbo Drum	0.38
251746	"Lifetime Advantageª Folding Chairs, 4/Carton"	Furniture	Chairs & Chairmats	Large Box	0.57
860962	"Linden¨ 12"" Wall Clock With Oak Frame"	Furniture	Office Furnishings	Small Box	0.55
209835	Lock-Up Easel 'Spel-Binder'	Office Supplies	Binders and Binder Accessories	Small Box	0.38
875716	Logitech Cordless Access Keyboard	Technology	Computer Peripherals	Small Box	0.51
1019643	Logitech Cordless Elite Duo	Technology	Computer Peripherals	Small Box	0.40
287107	Logitech Cordless Keyboard	Technology	Computer Peripherals	Small Box	0.49
588162	Logitech Cordless Navigator Duo	Technology	Computer Peripherals	Small Box	0.48
397638	Lumber Crayons	Office Supplies	Pens & Art Supplies	Wrap Bag	0.47
1054629	Luxo Adjustable Task Clamp Lamp	Furniture	Office Furnishings	Large Box	0.59
884115	Luxo Economy Swing Arm Lamp	Furniture	Office Furnishings	Large Box	0.57
854211	Luxo Professional Combination Clamp-On Lamps	Furniture	Office Furnishings	Large Box	0.59
475727	Luxo Professional Fluorescent Magnifier Lamp with Clamp-Mount Base	Furniture	Office Furnishings	Large Box	0.59
64446	LX 677	Technology	Telephones and Communication	Small Box	0.57
871061	LX 788	Technology	Telephones and Communication	Small Box	0.58
924819	M3682	Technology	Telephones and Communication	Small Box	0.57
156820	M70	Technology	Telephones and Communication	Small Box	0.59
1005483	Magna Visual Magnetic Picture Hangers	Furniture	Office Furnishings	Small Pack	0.47
694506	"Manila Recycled Extra-Heavyweight Clasp Envelopes, 6"" x 9"""	Office Supplies	Envelopes	Small Box	0.36
522377	Martin Yale Chadless Opener Electric Letter Opener	Office Supplies	"Scissors, Rulers and Trimmers"	Medium Box	0.83
238464	Martin-Yale Premier Letter Opener	Office Supplies	"Scissors, Rulers and Trimmers"	Wrap Bag	0.82
112907	"Master Big Foot¨ Doorstop, Beige"	Furniture	Office Furnishings	Wrap Bag	0.54
344017	"Master Caster Door Stop, Brown"	Furniture	Office Furnishings	Wrap Bag	0.51
912860	"Master Caster Door Stop, Gray"	Furniture	Office Furnishings	Wrap Bag	0.51
340286	"Master Caster Door Stop, Large Neon Orange"	Furniture	Office Furnishings	Wrap Bag	0.42
725611	"Master Giant Foot¨ Doorstop, Safety Yellow"	Furniture	Office Furnishings	Wrap Bag	0.42
391118	"Maxell 3.5"" DS/HD IBM-Formatted Diskettes, 10/Pack"	Technology	Computer Peripherals	Small Pack	0.66
737955	Maxell 4.7GB DVD-R	Technology	Computer Peripherals	Small Pack	0.51
536153	Maxell DVD-RAM Discs	Technology	Computer Peripherals	Small Pack	0.42
457455	"Maxell Pro 80 Minute CD-R, 10/Pack"	Technology	Computer Peripherals	Small Pack	0.45
290269	"Mead 1st Gear 2"" Zipper Binder, Asst. Colors"	Office Supplies	Binders and Binder Accessories	Small Box	0.35
780236	"Memo Book, 100 Message Capacity, 5 3/8Ó x 11Ó"	Office Supplies	Paper	Wrap Bag	0.35
851560	"Memorex 'Cool' 80 Minute CD-R Spindle, 25/Pack"	Technology	Computer Peripherals	Small Pack	0.46
318385	"Memorex 4.7GB DVD-RAM, 3/Pack"	Technology	Computer Peripherals	Small Pack	0.42
678670	"Memorex 4.7GB DVD+R, 3/Pack"	Technology	Computer Peripherals	Small Pack	0.42
677142	"Memorex 4.7GB DVD+RW, 3/Pack"	Technology	Computer Peripherals	Small Pack	0.40
687259	"Memorex 80 Minute CD-R Spindle, 100/Pack"	Technology	Computer Peripherals	Small Pack	0.44
87900	"Memorex 80 Minute CD-R, 30/Pack"	Technology	Computer Peripherals	Small Pack	0.46
1005967	"Memorex Slim 80 Minute CD-R, 10/Pack"	Technology	Computer Peripherals	Small Pack	0.43
164015	"Message Book, Standard Line ""While You Were Out"", 5 1/2"" X 4"", 200 Sets/Book"	Office Supplies	Paper	Wrap Bag	0.38
180041	"Metal Folding Chairs, Beige, 4/Carton"	Furniture	Chairs & Chairmats	Jumbo Drum	0.58
124828	Micro Innovations 104 Keyboard	Technology	Computer Peripherals	Small Box	0.64
785102	Micro Innovations Media Access Pro Keyboard	Technology	Computer Peripherals	Small Box	0.76
647762	"Micro Innovations Micro 3000 Keyboard, Black"	Technology	Computer Peripherals	Small Box	0.75
630917	Microsoft Multimedia Keyboard	Technology	Computer Peripherals	Small Box	0.74
868096	Microsoft Natural Keyboard Elite	Technology	Computer Peripherals	Small Box	0.70
332937	Microsoft Natural Multimedia Keyboard	Technology	Computer Peripherals	Small Box	0.73
576304	Microsoft Office Keyboard	Technology	Computer Peripherals	Small Box	0.64
75029	MicroTAC 650	Technology	Telephones and Communication	Small Box	0.58
662058	Model L Table or Wall-Mount Pencil Sharpener	Office Supplies	Pens & Art Supplies	Small Box	0.57
98806	Motorola SB4200 Cable Modem	Technology	Computer Peripherals	Small Box	0.48
398909	"Multi-Use Personal File Cart and Caster Set, Three Stacking Bins"	Office Supplies	Storage & Organization	Small Box	0.57
264955	Multicolor Computer Printout Paper	Office Supplies	Paper	Small Box	0.37
685823	Multimedia Mailers	Office Supplies	Envelopes	Small Box	0.39
642034	Newell 307	Office Supplies	Pens & Art Supplies	Wrap Bag	0.57
115501	Newell 308	Office Supplies	Pens & Art Supplies	Wrap Bag	0.60
855099	Newell 309	Office Supplies	Pens & Art Supplies	Wrap Bag	0.55
649376	Newell 31	Office Supplies	Pens & Art Supplies	Wrap Bag	0.57
592380	Newell 310	Office Supplies	Pens & Art Supplies	Wrap Bag	0.56
757246	Newell 312	Office Supplies	Pens & Art Supplies	Wrap Bag	0.55
245427	Newell 314	Office Supplies	Pens & Art Supplies	Wrap Bag	0.60
308520	Newell 315	Office Supplies	Pens & Art Supplies	Wrap Bag	0.60
924995	Newell 318	Office Supplies	Pens & Art Supplies	Wrap Bag	0.59
519574	Newell 320	Office Supplies	Pens & Art Supplies	Wrap Bag	0.58
611039	Newell 321	Office Supplies	Pens & Art Supplies	Wrap Bag	0.56
744609	Newell 323	Office Supplies	Pens & Art Supplies	Wrap Bag	0.59
330665	Newell 325	Office Supplies	Pens & Art Supplies	Wrap Bag	0.55
828731	Newell 326	Office Supplies	Pens & Art Supplies	Wrap Bag	0.56
840523	Newell 327	Office Supplies	Pens & Art Supplies	Wrap Bag	0.58
506093	Newell 329	Office Supplies	Pens & Art Supplies	Wrap Bag	0.59
583300	Newell 332	Office Supplies	Pens & Art Supplies	Wrap Bag	0.58
529422	Newell 333	Office Supplies	Pens & Art Supplies	Wrap Bag	0.59
674668	Newell 335	Office Supplies	Pens & Art Supplies	Wrap Bag	0.56
269026	Newell 336	Office Supplies	Pens & Art Supplies	Wrap Bag	0.56
695980	Newell 337	Office Supplies	Pens & Art Supplies	Wrap Bag	0.56
1084658	Newell 338	Office Supplies	Pens & Art Supplies	Wrap Bag	0.58
951158	Newell 339	Office Supplies	Pens & Art Supplies	Wrap Bag	0.59
116812	Newell 340	Office Supplies	Pens & Art Supplies	Wrap Bag	0.56
793720	Newell 342	Office Supplies	Pens & Art Supplies	Wrap Bag	0.56
933643	Newell 343	Office Supplies	Pens & Art Supplies	Wrap Bag	0.58
691011	Newell 346	Office Supplies	Pens & Art Supplies	Wrap Bag	0.56
92451	Newell 35	Office Supplies	Pens & Art Supplies	Wrap Bag	0.56
448778	Newell 351	Office Supplies	Pens & Art Supplies	Wrap Bag	0.56
386038	Newell¨ 3-Hole Punched Plastic Slotted Magazine Holders for Binders	Office Supplies	Binders and Binder Accessories	Small Box	0.37
526018	Novimex Fabric Task Chair	Furniture	Chairs & Chairmats	Jumbo Drum	0.70
1018354	Novimex High-Tech Fabric Mesh Task Chair	Furniture	Chairs & Chairmats	Jumbo Drum	0.78
515830	Novimex Swivel Fabric Task Chair	Furniture	Chairs & Chairmats	Jumbo Drum	0.74
830831	Novimex Turbo Task Chair	Furniture	Chairs & Chairmats	Jumbo Drum	0.73
489031	Nu-Dell Executive Frame	Furniture	Office Furnishings	Small Pack	0.48
120049	Nu-Dell Float Frame 11 x 14 1/2	Furniture	Office Furnishings	Small Pack	0.43
510087	Nu-Dell Leatherette Frames	Furniture	Office Furnishings	Small Pack	0.49
705599	Nu-Form 106-Key Ergonomic Keyboard w/ Touchpad	Technology	Computer Peripherals	Small Box	0.62
575569	O'Sullivan 2-Shelf Heavy-Duty Bookcases	Furniture	Bookcases	Jumbo Box	0.69
724277	O'Sullivan 3-Shelf Heavy-Duty Bookcases	Furniture	Bookcases	Jumbo Box	0.61
611826	O'Sullivan 4-Shelf Bookcase in Odessa Pine	Furniture	Bookcases	Jumbo Box	0.68
140526	O'Sullivan 5-Shelf Heavy-Duty Bookcases	Furniture	Bookcases	Jumbo Box	0.60
402732	O'Sullivan Cherrywood Estates Traditional Barrister Bookcase	Furniture	Bookcases	Jumbo Box	0.78
34354	"O'Sullivan Elevations Bookcase, Cherry Finish"	Furniture	Bookcases	Jumbo Box	0.69
764509	O'Sullivan Living Dimensions 2-Shelf Bookcases	Furniture	Bookcases	Jumbo Box	0.75
623126	O'Sullivan Living Dimensions 3-Shelf Bookcases	Furniture	Bookcases	Jumbo Box	0.75
608341	O'Sullivan Manor Hill 2-Door Library in Brianna Oak	Furniture	Bookcases	Jumbo Box	0.74
242881	Office Impressions Heavy Duty Welded Shelving & Multimedia Storage Drawers	Office Supplies	Storage & Organization	Large Box	0.85
905242	"Office Star - Contemporary Task Swivel chair with 2-way adjustable arms, Plum"	Furniture	Chairs & Chairmats	Jumbo Drum	0.78
251563	Office Star - Ergonomic Mid Back Chair with 2-Way Adjustable Arms	Furniture	Chairs & Chairmats	Jumbo Drum	0.69
953470	Office Star - Mid Back Dual function Ergonomic High Back Chair with 2-Way Adjustable Arms	Furniture	Chairs & Chairmats	Jumbo Drum	0.62
1045401	Office Star - Professional Matrix Back Chair with 2-to-1 Synchro Tilt and Mesh Fabric Seat	Furniture	Chairs & Chairmats	Jumbo Drum	0.61
798350	Office Star - Task Chair with Contemporary Loop Arms	Furniture	Chairs & Chairmats	Jumbo Drum	0.61
802135	Office Star Flex Back Scooter Chair with Aluminum Finish Frame	Furniture	Chairs & Chairmats	Jumbo Drum	0.61
285357	Office Star Flex Back Scooter Chair with White Frame	Furniture	Chairs & Chairmats	Jumbo Drum	0.71
1040869	OIC Bulk Pack Metal Binder Clips	Office Supplies	Rubber Bands	Wrap Bag	0.39
154899	"OIC Colored Binder Clips, Assorted Sizes"	Office Supplies	Rubber Bands	Wrap Bag	0.36
688400	OIC Thumb-Tacks	Office Supplies	Rubber Bands	Wrap Bag	0.38
79748	Okidata ML184 Turbo Dot Matrix Printers	Technology	Office Machines	Jumbo Drum	0.56
582987	Okidata ML320 Series Turbo Dot Matrix Printers	Technology	Office Machines	Jumbo Box	0.56
105743	Okidata ML390 Turbo Dot Matrix Printers	Technology	Office Machines	Jumbo Drum	0.56
588803	Okidata ML395C Color Dot Matrix Printer	Technology	Office Machines	Jumbo Drum	0.59
539131	Okidata ML520 Series Dot Matrix Printers	Technology	Office Machines	Jumbo Drum	0.56
772761	Okidata ML591 Wide Format Dot Matrix Printer	Technology	Office Machines	Jumbo Drum	0.56
394339	Okidata Pacemark 4410N Wide Format Dot Matrix Printer	Technology	Office Machines	Jumbo Box	0.57
152521	"Panasonic All Digital Answering System with Caller ID*, KX-TM150B"	Technology	Telephones and Communication	Medium Box	0.60
484548	Panasonic KP-150 Electric Pencil Sharpener	Office Supplies	Pens & Art Supplies	Small Pack	0.59
625704	Panasonic KP-310 Heavy-Duty Electric Pencil Sharpener	Office Supplies	Pens & Art Supplies	Small Pack	0.55
573539	Panasonic KP-350BK Electric Pencil Sharpener with Auto Stop	Office Supplies	Pens & Art Supplies	Small Pack	0.56
119069	Panasonic KX-P1131 Dot Matrix Printer	Technology	Office Machines	Jumbo Drum	0.58
399912	Panasonic KX-P1150 Dot Matrix Printer	Technology	Office Machines	Jumbo Drum	0.56
738097	Panasonic KX-P2130 Dot Matrix Printer	Technology	Office Machines	Jumbo Drum	0.59
515534	Panasonic KX-P3626 Dot Matrix Printer	Technology	Office Machines	Jumbo Box	0.59
845743	Park Ridgeª Embossed Executive Business Envelopes	Office Supplies	Envelopes	Small Box	0.38
220034	PC Concepts 116 Key Quantum 3000 Keyboard	Technology	Computer Peripherals	Small Box	0.75
957636	"Peel & Seel¨ Recycled Catalog Envelopes, Brown"	Office Supplies	Envelopes	Small Box	0.35
1029916	Peel & Stick Add-On Corner Pockets	Office Supplies	Binders and Binder Accessories	Small Box	0.37
717095	Peel-Off¨ China Markers	Office Supplies	Pens & Art Supplies	Wrap Bag	0.43
539839	"Perma STOR-ALLª Hanging File Box, 13 1/8""W x 12 1/4""D x 10 1/2""H"	Office Supplies	Storage & Organization	Small Box	0.68
465557	Personal Creationsª Ink Jet Cards and Labels	Office Supplies	Paper	Small Box	0.36
218863	Phone 918	Technology	Telephones and Communication	Small Box	0.59
109003	Pizazz¨ Global Quick Fileª	Office Supplies	Storage & Organization	Small Box	0.57
800889	Plastic Binding Combs	Office Supplies	Binders and Binder Accessories	Small Box	0.38
568048	Plymouth Boxed Rubber Bands by Plymouth	Office Supplies	Rubber Bands	Wrap Bag	0.80
269814	Poly Designer Cover & Back	Office Supplies	Binders and Binder Accessories	Small Box	0.37
637817	"Polycom Soundstation EX Audio-Conferencing Telephone, Black"	Technology	Office Machines	Medium Box	0.36
260366	Polycom ViaVideoª Desktop Video Communications Unit	Technology	Office Machines	Large Box	0.37
388220	Polycom ViewStationª Adapter H323 Videoconferencing Unit	Technology	Office Machines	Medium Box	0.38
147664	Polycom ViewStationª ISDN Videoconferencing Unit	Technology	Office Machines	Large Box	0.39
871182	Polycom VoiceStation 100	Technology	Office Machines	Medium Box	0.39
217562	Portable Personal File Box	Office Supplies	Storage & Organization	Small Box	0.58
823075	Portfile¨ Personal File Boxes	Office Supplies	Storage & Organization	Small Box	0.59
491753	"Post-it¨ ÒImportant MessageÓ Note Pad, Neon Colors, 50 Sheets/Pad"	Office Supplies	Paper	Wrap Bag	0.37
117213	Prang Colored Pencils	Office Supplies	Pens & Art Supplies	Wrap Bag	0.40
852778	Prang Dustless Chalk Sticks	Office Supplies	Pens & Art Supplies	Wrap Bag	0.35
339725	"Premier Elliptical Ring Binder, Black"	Office Supplies	Binders and Binder Accessories	Small Box	0.37
942944	Premium Transparent Presentation Covers by GBC	Office Supplies	Binders and Binder Accessories	Small Box	0.37
112938	"Premium Writing Pencils, Soft, #2 by Central Association for the Blind"	Office Supplies	Pens & Art Supplies	Wrap Bag	0.57
985540	"Pressboard Covers with Storage Hooks, 9 1/2"" x 11"", Light Blue"	Office Supplies	Binders and Binder Accessories	Small Box	0.38
953860	"Pressboard Data Binder, Crimson, 12"" X 8 1/2"""	Office Supplies	Binders and Binder Accessories	Small Box	0.39
249175	Presstex Flexible Ring Binders	Office Supplies	Binders and Binder Accessories	Small Box	0.35
479758	Prismacolor Color Pencil Set	Office Supplies	Pens & Art Supplies	Wrap Bag	0.44
492902	Project Tote Personal File	Office Supplies	Storage & Organization	Small Box	0.56
668688	Quality Park Security Envelopes	Office Supplies	Envelopes	Small Box	0.38
616627	"Quartet Alpha¨ White Chalk, 12/Pack"	Office Supplies	Pens & Art Supplies	Wrap Bag	0.38
575546	"Quartet Omega¨ Colored Chalk, 12/Pack"	Office Supplies	Pens & Art Supplies	Wrap Bag	0.38
984757	R280	Technology	Telephones and Communication	Small Box	0.55
500747	R289LX	Technology	Telephones and Communication	Small Box	0.57
671330	R380	Technology	Telephones and Communication	Small Box	0.58
836171	"Recycled Desk Saver Line ""While You Were Out"" Book, 5 1/2"" X 4"""	Office Supplies	Paper	Wrap Bag	0.39
797793	Recycled Eldon Regeneration Jumbo File	Office Supplies	Storage & Organization	Small Box	0.57
266765	"Recycled Interoffice Envelopes with Re-Use-A-Seal¨ Closure, 10 x 13"	Office Supplies	Envelopes	Small Box	0.38
470802	"Recycled Interoffice Envelopes with String and Button Closure, 10 x 13"	Office Supplies	Envelopes	Small Box	0.35
1041463	Recycled Premium Regency Composition Covers	Office Supplies	Binders and Binder Accessories	Small Box	0.36
525375	Recycled Steel Personal File for Standard File Folders	Office Supplies	Storage & Organization	Small Box	0.59
510440	"REDIFORM Incoming/Outgoing Call Register, 11"" X 8 1/2"", 100 Messages"	Office Supplies	Paper	Wrap Bag	0.35
990083	Rediform S.O.S. Phone Message Books	Office Supplies	Paper	Wrap Bag	0.36
334736	"Rediform Wirebound ""Phone Memo"" Message Book, 11 x 5-3/4"	Office Supplies	Paper	Wrap Bag	0.36
786593	Regeneration Desk Collection	Furniture	Office Furnishings	Small Box	0.41
489579	Revere Boxed Rubber Bands by Revere	Office Supplies	Rubber Bands	Wrap Bag	0.83
468265	Riverleaf Stik-Withit¨ Designer Note Cubes¨	Office Supplies	Paper	Wrap Bag	0.39
952554	Riverside Furniture Stanwyck Manor Table Series	Furniture	Tables	Jumbo Box	0.78
751161	"Riverside Palais Royal Lawyers Bookcase, Royale Cherry Finish"	Furniture	Bookcases	Jumbo Box	0.62
553905	Rogers Handheld Barrel Pencil Sharpener	Office Supplies	Pens & Art Supplies	Small Pack	0.58
331004	Rogers¨ Profile Extra Capacity Storage Tub	Office Supplies	Storage & Organization	Small Box	0.81
914855	Round Ring Binders	Office Supplies	Binders and Binder Accessories	Small Box	0.38
161247	Round Specialty Laser Printer Labels	Office Supplies	Labels	Small Box	0.38
428687	Rubber Band Ball	Office Supplies	Rubber Bands	Wrap Bag	0.83
221286	"Rubbermaid ClusterMat Chairmats, Mat Size- 66"" x 60"", Lip 20"" x 11"" -90 Degree Angle"	Furniture	Office Furnishings	Medium Box	0.69
288283	"Rush Hierlooms Collection 1"" Thick Stackable Bookcases"	Furniture	Bookcases	Jumbo Box	0.66
1007862	Rush Hierlooms Collection Rich Wood Bookcases	Furniture	Bookcases	Jumbo Box	0.72
165300	SAFCO Arco Folding Chair	Furniture	Chairs & Chairmats	Large Box	0.00
701744	SAFCO Boltless Steel Shelving	Office Supplies	Storage & Organization	Large Box	0.00
126366	"SAFCO Commercial Wire Shelving, Black"	Office Supplies	Storage & Organization	Large Box	0.00
752212	Safco Contoured Stacking Chairs	Furniture	Chairs & Chairmats	Large Box	0.00
715054	SAFCO Folding Chair Trolley	Furniture	Chairs & Chairmats	Medium Box	0.00
1064589	Safco Industrial Wire Shelving	Office Supplies	Storage & Organization	Large Box	0.00
910598	"SAFCO Mobile Desk Side File, Wire Frame"	Office Supplies	Storage & Organization	Small Box	0.00
703917	SAFCO Optional Arm Kit for Workspace¨ Cribbage Stacking Chair	Furniture	Chairs & Chairmats	Medium Box	0.00
37176	"SAFCO PlanMaster Heigh-Adjustable Drafting Table Base, 43w x 30d x 30-37h, Black"	Furniture	Tables	Jumbo Drum	0.00
248300	"Safco Value Mate Steel Bookcase, Baked Enamel Finish on Steel, Black"	Furniture	Bookcases	Jumbo Box	0.00
930243	Sanford 52201 APSCO Electric Pencil Sharpener	Office Supplies	Pens & Art Supplies	Small Pack	0.59
545294	"Sanford Colorific Colored Pencils, 12/Box"	Office Supplies	Pens & Art Supplies	Wrap Bag	0.55
526942	"Sanford Colorific¨ Eraseable Coloring Pencils, 12 Count"	Office Supplies	Pens & Art Supplies	Wrap Bag	0.42
672413	"Sanford EarthWrite¨ Recycled Pencils, Medium Soft, #2"	Office Supplies	Pens & Art Supplies	Wrap Bag	0.57
475614	Sanford Liquid Accent Highlighters	Office Supplies	Pens & Art Supplies	Wrap Bag	0.48
853927	SANFORD Liquid Accentª Tank-Style Highlighters	Office Supplies	Pens & Art Supplies	Wrap Bag	0.54
942547	SANFORD Major Accentª Highlighters	Office Supplies	Pens & Art Supplies	Wrap Bag	0.47
317714	Sanford Pocket Accent¨ Highlighters	Office Supplies	Pens & Art Supplies	Wrap Bag	0.42
798361	"Sanford Prismacolor¨ Professional Thick Lead Art Pencils, 36-Color Set"	Office Supplies	Pens & Art Supplies	Wrap Bag	0.46
330570	"Sanford Uni-Blazerª View Highlighters, Chisel Tip, Yellow"	Office Supplies	Pens & Art Supplies	Wrap Bag	0.41
409791	Sanyo 2.5 Cubic Foot Mid-Size Office Refrigerators	Office Supplies	Appliances	Jumbo Drum	0.59
967842	"Sanyo Counter Height Refrigerator with Crisper, 3.6 Cubic Foot, Stainless Steel/Black"	Office Supplies	Appliances	Jumbo Drum	0.57
642999	Satellite Sectional Post Binders	Office Supplies	Binders and Binder Accessories	Small Box	0.39
778120	"Sauder Camden County Barrister Bookcase, Planked Cherry Finish"	Furniture	Bookcases	Jumbo Box	0.71
698622	"Sauder Camden County Collection Libraries, Planked Cherry Finish"	Furniture	Bookcases	Jumbo Box	0.76
1030475	Sauder Camden County Collection Library	Furniture	Bookcases	Jumbo Box	0.65
525152	"Sauder Facets Collection Library, Sky Alder Finish"	Furniture	Bookcases	Jumbo Box	0.69
79342	"Sauder Facets Collection Locker/File Cabinet, Sky Alder Finish"	Office Supplies	Storage & Organization	Jumbo Drum	0.65
698263	"Sauder Forest Hills Library, Woodland Oak Finish"	Furniture	Bookcases	Jumbo Box	0.77
828775	SC-3160	Technology	Telephones and Communication	Small Box	0.59
748835	SC7868i	Technology	Telephones and Communication	Small Box	0.55
219855	Security-Tint Envelopes	Office Supplies	Envelopes	Small Box	0.36
459865	Self-Adhesive Address Labels for Typewriters by Universal	Office Supplies	Labels	Small Box	0.38
573049	Self-Adhesive Removable Labels	Office Supplies	Labels	Small Box	0.37
957535	Self-Adhesive Ring Binder Labels	Office Supplies	Binders and Binder Accessories	Small Box	0.38
940440	Sensible Storage WireTech Storage Systems	Office Supplies	Storage & Organization	Large Box	0.80
701718	Serrated Blade or Curved Handle Hand Letter Openers	Office Supplies	"Scissors, Rulers and Trimmers"	Wrap Bag	0.84
805551	"Seth Thomas 12"" Clock w/ Goldtone Case"	Furniture	Office Furnishings	Small Box	0.51
607634	"Seth Thomas 13 1/2"" Wall Clock"	Furniture	Office Furnishings	Small Box	0.54
390796	"Seth Thomas 14"" Putty-Colored Wall Clock"	Furniture	Office Furnishings	Small Box	0.54
487515	"Seth Thomas 8 1/2"" Cubicle Clock"	Furniture	Office Furnishings	Small Box	0.53
339698	Sharp 1540cs Digital Laser Copier	Technology	Copiers and Fax	Jumbo Drum	0.35
472903	Sharp AL-1530CS Digital Copier	Technology	Copiers and Fax	Large Box	0.36
250373	Sharp EL500L Fraction Calculator	Technology	Office Machines	Medium Box	0.39
991431	"Sharp EL501VB Scientific Calculator, Battery Operated, 10-Digit Display, Hard Case"	Technology	Office Machines	Medium Box	0.39
674377	"SimpliFileª Personal File, Black Granite, 15w x 6-15/16d x 11-1/4h"	Office Supplies	Storage & Organization	Small Box	0.57
751465	"Situations Contoured Folding Chairs, 4/Set"	Furniture	Chairs & Chairmats	Jumbo Drum	0.60
98988	Smead Adjustable Mobile File Trolley with Lockable Top	Office Supplies	Storage & Organization	Small Box	0.58
609474	Smead Alpha-Z Color-Coded Name Labels First Letter Starter Set	Office Supplies	Labels	Small Box	0.37
455222	"Snap-A-Way¨ Black Print Carbonless Ruled Speed Letter, Triplicate"	Office Supplies	Paper	Wrap Bag	0.38
701926	"Snap-A-Way¨ Black Print Carbonless Speed Message, No Reply Area, Duplicate"	Office Supplies	Paper	Wrap Bag	0.38
113085	"Sony IBM Color Diskettes, 25/Pack"	Technology	Computer Peripherals	Small Pack	0.61
994793	"Sony MFD2HD Formatted Diskettes, 10/Pack"	Technology	Computer Peripherals	Small Pack	0.71
200147	"Soundgear Copyboard Conference Phone, Optional Battery"	Technology	Office Machines	Medium Box	0.37
852337	Soundgear TeleForum DX Desktop Conference Phone	Technology	Office Machines	Medium Box	0.38
632964	SouthWestern Bell FA970 Digital Answering Machine with Time/Day Stamp	Technology	Telephones and Communication	Medium Box	0.56
674000	Southworth 25% Cotton Antique Laid Paper & Envelopes	Office Supplies	Paper	Small Box	0.40
999980	Southworth 25% Cotton Linen-Finish Paper & Envelopes	Office Supplies	Paper	Small Box	0.40
410393	Southworth 25% Cotton Premium Laser Paper and Envelopes	Office Supplies	Paper	Small Box	0.37
761908	Southworth Structures Collectionª	Office Supplies	Paper	Small Box	0.35
462054	Space Solutions Commercial Steel Shelving	Office Supplies	Storage & Organization	Large Box	0.80
632743	Space Solutionsª Industrial Galvanized Steel Shelving.	Office Supplies	Storage & Organization	Large Box	0.83
1023942	"Speediset Carbonless Redi-Letter¨ 7"" x 8 1/2"""	Office Supplies	Paper	Wrap Bag	0.38
841268	Spiral Phone Message Books with Labels by Adams	Office Supplies	Paper	Wrap Bag	0.36
254988	"Stacking Tray, Side-Loading, Legal, Smoke"	Furniture	Office Furnishings	Small Box	0.54
294769	Standard Lineª ÒWhile You Were OutÓ Hardbound Telephone Message Book	Office Supplies	Paper	Wrap Bag	0.39
806839	Stanley Bostitch Contemporary Electric Pencil Sharpeners	Office Supplies	Pens & Art Supplies	Small Pack	0.57
438316	Staples #10 Colored Envelopes	Office Supplies	Envelopes	Small Box	0.38
844963	Staples 1 Part Blank Computer Paper	Office Supplies	Paper	Small Box	0.36
545992	"Staples 10"" Round Wall Clock"	Furniture	Office Furnishings	Small Box	0.41
945371	Staples 4 Outlet Surge Protector	Office Supplies	Appliances	Small Box	0.58
607882	Staples 6 Outlet Surge	Office Supplies	Appliances	Small Box	0.58
325508	Staples Battery-Operated Desktop Pencil Sharpener	Office Supplies	Pens & Art Supplies	Small Pack	0.60
497806	Staples Brown Kraft Recycled Clasp Envelopes	Office Supplies	Envelopes	Small Box	0.35
175764	Staples Bulk Pack Metal Binder Clips	Office Supplies	Rubber Bands	Wrap Bag	0.35
200320	Staples Bulldog Clip	Office Supplies	Rubber Bands	Wrap Bag	0.39
389962	Staples Colored Bar Computer Paper	Office Supplies	Paper	Small Box	0.38
888317	Staples Colored Interoffice Envelopes	Office Supplies	Envelopes	Small Box	0.36
766319	Staples Copy Paper (20Lb. and 84 Bright)	Office Supplies	Paper	Small Box	0.38
780918	Staples File Caddy	Office Supplies	Storage & Organization	Small Box	0.57
102816	Staples Gold Paper Clips	Office Supplies	Rubber Bands	Wrap Bag	0.39
430465	Staples Metal Binder Clips	Office Supplies	Rubber Bands	Wrap Bag	0.39
1031140	Staples Paper Clips	Office Supplies	Rubber Bands	Wrap Bag	0.38
148598	"Staples Pen Style Liquid Stix; Assorted (yellow, pink, green, blue, orange), 5/Pack"	Office Supplies	Pens & Art Supplies	Wrap Bag	0.40
1057069	Staples Plastic Wall Frames	Furniture	Office Furnishings	Small Box	0.41
223319	Staples Premium Bright 1-Part Blank Computer Paper	Office Supplies	Paper	Small Box	0.38
864642	Staples Pushpins	Office Supplies	Rubber Bands	Wrap Bag	0.50
361692	Staples SlimLine Pencil Sharpener	Office Supplies	Pens & Art Supplies	Small Pack	0.60
209997	Staples Standard Envelopes	Office Supplies	Envelopes	Small Box	0.38
864079	Staples Surge Protector 6 outlet	Office Supplies	Appliances	Small Box	0.58
866383	Staples Vinyl Coated Paper Clips	Office Supplies	Rubber Bands	Wrap Bag	0.39
380477	"Staples Vinyl Coated Paper Clips, 800/Box"	Office Supplies	Rubber Bands	Wrap Bag	0.40
245758	"Staples Wirebound Steno Books, 6"" x 9"", 12/Pack"	Office Supplies	Paper	Wrap Bag	0.36
357719	Staples¨ General Use 3-Ring Binders	Office Supplies	Binders and Binder Accessories	Small Box	0.37
992059	StarTAC 3000	Technology	Telephones and Communication	Small Box	0.59
746290	StarTAC 6500	Technology	Telephones and Communication	Small Box	0.59
967595	StarTAC 7760	Technology	Telephones and Communication	Small Box	0.59
1037740	StarTAC 7797	Technology	Telephones and Communication	Small Box	0.55
434079	StarTAC 8000	Technology	Telephones and Communication	Small Box	0.60
977308	StarTAC Analog	Technology	Telephones and Communication	Small Box	0.60
664514	StarTAC Series	Technology	Telephones and Communication	Small Box	0.55
123797	StarTAC ST7762	Technology	Telephones and Communication	Small Box	0.57
161867	StarTAC ST7868	Technology	Telephones and Communication	Small Box	0.55
316838	Steel Personal Filing/Posting Tote	Office Supplies	Storage & Organization	Small Box	0.58
216626	Sterilite Officeware Hinged File Box	Office Supplies	Storage & Organization	Small Box	0.58
705403	Sterling Rubber Bands by Alliance	Office Supplies	Rubber Bands	Wrap Bag	0.85
593359	Stockwell Push Pins	Office Supplies	Rubber Bands	Wrap Bag	0.52
72789	Storex Dura Proª Binders	Office Supplies	Binders and Binder Accessories	Small Box	0.38
272408	Storex DuraTech Recycled Plastic Frosted Binders	Office Supplies	Binders and Binder Accessories	Small Box	0.35
227306	"Strathmore #10 Envelopes, Ultimate White"	Office Supplies	Envelopes	Small Box	0.36
1029403	Strathmore Photo Mount Cards	Office Supplies	Paper	Small Box	0.39
704958	"Super Bands, 12/Pack"	Office Supplies	Rubber Bands	Wrap Bag	0.82
382748	Super Decoflex Portable Personal File	Office Supplies	Storage & Organization	Small Box	0.57
255922	Surelockª Post Binders	Office Supplies	Binders and Binder Accessories	Small Box	0.35
609559	T18	Technology	Telephones and Communication	Small Box	0.57
784832	T193	Technology	Telephones and Communication	Small Box	0.57
538394	T28 WORLD	Technology	Telephones and Communication	Small Box	0.60
101065	T39m	Technology	Telephones and Communication	Small Box	0.55
908570	T60	Technology	Telephones and Communication	Small Box	0.56
886808	T61	Technology	Telephones and Communication	Small Box	0.56
973228	T65	Technology	Telephones and Communication	Small Box	0.56
314388	Talkabout T8097	Technology	Telephones and Communication	Small Box	0.58
623868	Talkabout T8367	Technology	Telephones and Communication	Small Box	0.56
760927	Targus USB Numeric Keypad	Technology	Computer Peripherals	Small Box	0.74
219708	TDK 4.7GB DVD-R	Technology	Computer Peripherals	Small Pack	0.41
491548	"TDK 4.7GB DVD-R Spindle, 15/Pack"	Technology	Computer Peripherals	Small Pack	0.42
131747	TDK 4.7GB DVD+RW	Technology	Computer Peripherals	Small Pack	0.49
707900	"Telephone Message Books with Fax/Mobile Section, 4 1/4"" x 6"""	Office Supplies	Paper	Wrap Bag	0.39
444836	"Telephone Message Books with Fax/Mobile Section, 5 1/2"" x 3 3/16"""	Office Supplies	Paper	Wrap Bag	0.39
453581	Telescoping Adjustable Floor Lamp	Furniture	Office Furnishings	Large Box	0.60
485887	"Tenex 46"" x 60"" Computer Anti-Static Chairmat, Rectangular Shaped"	Furniture	Office Furnishings	Medium Box	0.65
724251	Tenex Antistatic Computer Chair Mats	Furniture	Office Furnishings	Medium Box	0.75
381085	Tenex B1-RE Series Chair Mats for Low Pile Carpets	Furniture	Office Furnishings	Wrap Bag	0.68
802024	"Tenex Carpeted, Granite-Look or Clear Contemporary Contour Shape Chair Mats"	Furniture	Office Furnishings	Wrap Bag	0.78
612619	"Tenex Contemporary Contur Chairmats for Low and Medium Pile Carpet, Computer, 39"" x 49"""	Furniture	Office Furnishings	Medium Box	0.65
934862	"Tenex File Box, Personal Filing Tote with Lid, Black"	Office Supplies	Storage & Organization	Small Box	0.59
1018236	"Tenex Personal Filing Tote With Secure Closure Lid, Black/Frost"	Office Supplies	Storage & Organization	Small Box	0.60
747572	"Tenex Personal Project File with Scoop Front Design, Black"	Office Supplies	Storage & Organization	Small Box	0.59
203328	"Tenex Personal Self-Stacking Standard File Box, Black/Gray"	Office Supplies	Storage & Organization	Small Box	0.58
161786	"Tenex Traditional Chairmats for Medium Pile Carpet, Standard Lip, 36"" x 48"""	Furniture	Office Furnishings	Medium Box	0.64
572974	Tennsco Commercial Shelving	Office Supplies	Storage & Organization	Large Box	0.84
299699	Tennsco Double-Tier Lockers	Office Supplies	Storage & Organization	Jumbo Drum	0.72
845612	Tennsco Industrial Shelving	Office Supplies	Storage & Organization	Large Box	0.83
947094	"Tennsco Lockers, Gray"	Office Supplies	Storage & Organization	Jumbo Drum	0.78
945963	"Tennsco Lockers, Sand"	Office Supplies	Storage & Organization	Jumbo Drum	0.61
795486	Tennsco Regal Shelving Units	Office Supplies	Storage & Organization	Large Box	0.82
587889	"Tennsco Snap-Together Open Shelving Units, Starter Sets and Add-On Units"	Office Supplies	Storage & Organization	Large Box	0.80
1002941	"Tennsco Stur-D-Stor Boltless Shelving, 5 Shelves, 24"" Deep, Sand"	Office Supplies	Storage & Organization	Large Box	0.84
452225	"Tensor ""Hersey Kiss"" Styled Floor Lamp"	Furniture	Office Furnishings	Large Box	0.73
228599	Tensor Computer Mounted Lamp	Furniture	Office Furnishings	Large Box	0.58
217793	TI 30X Scientific Calculator	Technology	Office Machines	Medium Box	0.36
191273	TI 36X Solar Scientific Calculator	Technology	Office Machines	Medium Box	0.38
861428	Timeport L7089	Technology	Telephones and Communication	Small Box	0.58
1049864	TIMEPORT P8767	Technology	Telephones and Communication	Small Box	0.57
240546	TimeportP7382	Technology	Telephones and Communication	Small Box	0.56
467302	"TOPS Money Receipt Book, Consecutively Numbered in Red,"	Office Supplies	Paper	Wrap Bag	0.40
829409	"TOPS Voice Message Log Book, Flash Format"	Office Supplies	Paper	Wrap Bag	0.36
455572	"Trav-L-File Heavy-Duty Shuttle II, Black"	Office Supplies	Storage & Organization	Small Box	0.55
511714	Trimflexª Flexible Post Binders	Office Supplies	Binders and Binder Accessories	Small Box	0.37
226603	Tripp Lite Isotel 6 Outlet Surge Protector with Fax/Modem Protection	Office Supplies	Appliances	Small Box	0.56
181963	Tripp Lite Isotel 8 Ultra 8 Outlet Metal Surge	Office Supplies	Appliances	Small Box	0.59
928702	Tuff Stuffª Recycled Round Ring Binders	Office Supplies	Binders and Binder Accessories	Small Box	0.36
523179	Turquoise Lead Holder with Pocket Clip	Office Supplies	Pens & Art Supplies	Wrap Bag	0.52
1029312	"Tyvek ¨ Top-Opening Peel & Seel ¨ Envelopes, Gray"	Office Supplies	Envelopes	Small Box	0.40
1039077	"Tyvek ¨ Top-Opening Peel & Seel Envelopes, Plain White"	Office Supplies	Envelopes	Small Box	0.38
954683	"Tyvek Interoffice Envelopes, 9 1/2"" x 12 1/2"", 100/Box"	Office Supplies	Envelopes	Small Box	0.38
639545	Tyvek¨ Side-Opening Peel & Seel¨ Expanding Envelopes	Office Supplies	Envelopes	Small Box	0.40
287133	U.S. Robotics 56K Internet Call Modem	Technology	Computer Peripherals	Small Box	0.50
522924	Ultra Commercial Grade Dual Valve Door Closer	Furniture	Office Furnishings	Wrap Bag	0.53
541296	Ultra Door Pull Handle	Furniture	Office Furnishings	Small Pack	0.52
84722	Ultra Door Push Plate	Furniture	Office Furnishings	Small Pack	0.52
582737	UniKeepª View Case Binders	Office Supplies	Binders and Binder Accessories	Small Box	0.39
781408	Universal Premium White Copier/Laser Paper (20Lb. and 87 Bright)	Office Supplies	Paper	Small Box	0.36
538736	Unpadded Memo Slips	Office Supplies	Paper	Wrap Bag	0.35
690859	US Robotics 56K V.92 External Faxmodem	Technology	Computer Peripherals	Small Box	0.52
632804	US Robotics 56K V.92 Internal PCI Faxmodem	Technology	Computer Peripherals	Small Box	0.45
781122	V 3600 Series	Technology	Telephones and Communication	Small Box	0.58
854031	V2397	Technology	Telephones and Communication	Small Box	0.58
412186	V3682	Technology	Telephones and Communication	Small Box	0.59
925995	V66	Technology	Telephones and Communication	Small Box	0.59
550577	V70	Technology	Telephones and Communication	Small Box	0.59
364275	V8160	Technology	Telephones and Communication	Small Box	0.56
606403	V8162	Technology	Telephones and Communication	Small Box	0.56
136776	Verbatim 4.7GB DVD-R	Technology	Computer Peripherals	Small Pack	0.41
939190	"Verbatim DVD Rewritable Disc, Single-Sided, 4.7GB"	Technology	Computer Peripherals	Small Pack	0.55
982190	Verbatim DVD-R 4.7GB authoring disc	Technology	Computer Peripherals	Small Pack	0.51
937092	"Verbatim DVD-R, 3.95GB, SR, Mitsubishi Branded, Jewel"	Technology	Computer Peripherals	Small Pack	0.43
958232	"Verbatim DVD-R, 4.7GB, Spindle, WE, Blank, Ink Jet/Thermal, 20/Spindle"	Technology	Computer Peripherals	Small Pack	0.49
247078	"Verbatim DVD-RAM, 5.2GB, Rewritable, Type 1, DS"	Technology	Computer Peripherals	Small Pack	0.50
403940	"Verbatim DVD-RAM, 9.4GB, Rewritable, Type 1, DS, DataLife Plus"	Technology	Computer Peripherals	Small Pack	0.55
604095	Vinyl Sectional Post Binders	Office Supplies	Binders and Binder Accessories	Small Box	0.35
641174	VTech VT20-2481 2.4GHz Two-Line Phone System w/Answering Machine	Technology	Telephones and Communication	Medium Box	0.57
73356	Wausau Papers Astrobrights¨ Colored Envelopes	Office Supplies	Envelopes	Small Box	0.36
236787	Westinghouse Clip-On Gooseneck Lamps	Furniture	Office Furnishings	Large Box	0.59
752280	"Westinghouse Floor Lamp with Metal Mesh Shade, Black"	Furniture	Office Furnishings	Jumbo Drum	0.62
279111	"While You Were Out Pads, 50 per Pad, 4 x 5 1/4, Green Cycle"	Office Supplies	Paper	Wrap Bag	0.36
657298	"White Business Envelopes with Contemporary Seam, Recycled White Business Envelopes"	Office Supplies	Envelopes	Small Box	0.35
267787	"White Dual Perf Computer Printout Paper, 2700 Sheets, 1 Part, Heavyweight, 20 lbs., 14 7/8 x 11"	Office Supplies	Paper	Small Box	0.36
5889	White GlueTop Scratch Pads	Office Supplies	Paper	Wrap Bag	0.39
630857	Wilson Jones ÒSnapÓ Scratch Pad Binder Tool for Ring Binders	Office Supplies	Binders and Binder Accessories	Small Box	0.40
99546	"Wilson Jones 1"" Hanging DublLock¨ Ring Binders"	Office Supplies	Binders and Binder Accessories	Small Box	0.37
500519	Wilson Jones 14 Line Acrylic Coated Pressboard Data Binders	Office Supplies	Binders and Binder Accessories	Small Box	0.38
923732	Wilson Jones Custom Binder Spines & Labels	Office Supplies	Binders and Binder Accessories	Small Box	0.36
734492	Wilson Jones DublLock¨ D-Ring Binders	Office Supplies	Binders and Binder Accessories	Small Box	0.35
468575	Wilson Jones Easy Flow IIª Sheet Lifters	Office Supplies	Binders and Binder Accessories	Small Box	0.37
464694	"Wilson Jones Elliptical Ring 3 1/2"" Capacity Binders, 800 sheets"	Office Supplies	Binders and Binder Accessories	Small Box	0.36
523991	"Wilson Jones Hanging View Binder, White, 1"""	Office Supplies	Binders and Binder Accessories	Small Box	0.39
352478	Wilson Jones Impact Binders	Office Supplies	Binders and Binder Accessories	Small Box	0.36
450484	"Wilson Jones Ledger-Size, Piano-Hinge Binder, 2"", Blue"	Office Supplies	Binders and Binder Accessories	Small Box	0.37
841805	Wilson Jones Standard D-Ring Binders	Office Supplies	Binders and Binder Accessories	Small Box	0.38
601310	Wilson Jones Suede Grain Vinyl Binders	Office Supplies	Binders and Binder Accessories	Small Box	0.36
276012	Wilson Jones Turn Tabs Binder Tool for Ring Binders	Office Supplies	Binders and Binder Accessories	Small Box	0.39
655557	Wilson Jones¨ Four-Pocket Poly Binders	Office Supplies	Binders and Binder Accessories	Small Box	0.36
812196	"Wirebound Four 2-3/4 x 5 Forms per Page, 400 Sets per Book"	Office Supplies	Paper	Wrap Bag	0.36
675603	"Wirebound Message Book, 4 per Page"	Office Supplies	Paper	Wrap Bag	0.36
598953	"Wirebound Message Books, 2 7/8"" x 5"", 3 Forms per Page"	Office Supplies	Paper	Wrap Bag	0.38
764895	"Wirebound Message Books, 5-1/2 x 4 Forms, 2 or 4 Forms per Page"	Office Supplies	Paper	Wrap Bag	0.36
79826	"Wirebound Message Books, Four 2 3/4"" x 5"" Forms per Page, 600 Sets per Book"	Office Supplies	Paper	Wrap Bag	0.38
363937	"Wirebound Message Forms, Four 2 3/4 x 5 Forms per Page, Pink Paper"	Office Supplies	Paper	Wrap Bag	0.38
949585	"Wirebound Service Call Books, 5 1/2"" x 4"""	Office Supplies	Paper	Wrap Bag	0.37
1010521	Wirebound Voice Message Log Book	Office Supplies	Paper	Wrap Bag	0.39
852845	X-Rackª File for Hanging Folders	Office Supplies	Storage & Organization	Small Box	0.59
103518	Xerox 188	Office Supplies	Paper	Small Box	0.36
574567	Xerox 1880	Office Supplies	Paper	Small Box	0.38
50374	Xerox 1881	Office Supplies	Paper	Small Box	0.38
196575	Xerox 1882	Office Supplies	Paper	Small Box	0.36
155893	Xerox 1883	Office Supplies	Paper	Small Box	0.39
433913	Xerox 1885	Office Supplies	Paper	Small Box	0.37
373891	Xerox 1887	Office Supplies	Paper	Small Box	0.37
215636	Xerox 1888	Office Supplies	Paper	Small Box	0.37
905789	Xerox 1891	Office Supplies	Paper	Small Box	0.38
600953	Xerox 1892	Office Supplies	Paper	Small Box	0.36
709916	Xerox 1893	Office Supplies	Paper	Small Box	0.36
307544	Xerox 1894	Office Supplies	Paper	Small Box	0.37
715760	Xerox 1895	Office Supplies	Paper	Small Box	0.40
87058	Xerox 1896	Office Supplies	Paper	Small Box	0.40
239066	Xerox 1897	Office Supplies	Paper	Small Box	0.36
904715	Xerox 1898	Office Supplies	Paper	Small Box	0.37
672421	Xerox 1899	Office Supplies	Paper	Small Box	0.36
886377	Xerox 19	Office Supplies	Paper	Small Box	0.40
994750	Xerox 190	Office Supplies	Paper	Small Box	0.38
337774	Xerox 1903	Office Supplies	Paper	Small Box	0.36
813690	Xerox 1904	Office Supplies	Paper	Small Box	0.36
265285	Xerox 1905	Office Supplies	Paper	Small Box	0.37
373161	Xerox 1906	Office Supplies	Paper	Small Box	0.38
830130	Xerox 1907	Office Supplies	Paper	Small Box	0.38
985033	Xerox 1908	Office Supplies	Paper	Small Box	0.36
329142	Xerox 191	Office Supplies	Paper	Small Box	0.38
985428	Xerox 1910	Office Supplies	Paper	Small Box	0.37
1087413	Xerox 1916	Office Supplies	Paper	Small Box	0.35
536441	Xerox 1917	Office Supplies	Paper	Small Box	0.38
645110	Xerox 1919	Office Supplies	Paper	Small Box	0.36
414906	Xerox 1920	Office Supplies	Paper	Small Box	0.40
584472	Xerox 1922	Office Supplies	Paper	Small Box	0.36
165314	Xerox 1923	Office Supplies	Paper	Small Box	0.37
394308	Xerox 1924	Office Supplies	Paper	Small Box	0.36
731168	Xerox 1926	Office Supplies	Paper	Small Box	0.38
317100	Xerox 1927	Office Supplies	Paper	Small Box	0.40
736435	Xerox 1928	Office Supplies	Paper	Small Box	0.40
253064	Xerox 1929	Office Supplies	Paper	Small Box	0.39
591346	Xerox 193	Office Supplies	Paper	Small Box	0.36
694962	Xerox 1930	Office Supplies	Paper	Small Box	0.36
940550	Xerox 1932	Office Supplies	Paper	Small Box	0.38
140003	Xerox 1933	Office Supplies	Paper	Small Box	0.38
695399	Xerox 1934	Office Supplies	Paper	Small Box	0.36
421821	Xerox 1935	Office Supplies	Paper	Small Box	0.39
229862	Xerox 1936	Office Supplies	Paper	Small Box	0.38
629734	Xerox 1937	Office Supplies	Paper	Small Box	0.37
712459	Xerox 1938	Office Supplies	Paper	Small Box	0.37
473902	Xerox 1939	Office Supplies	Paper	Small Box	0.37
175765	Xerox 194	Office Supplies	Paper	Small Box	0.37
385812	Xerox 1940	Office Supplies	Paper	Small Box	0.36
569266	Xerox 1941	Office Supplies	Paper	Small Box	0.37
484348	Xerox 1947	Office Supplies	Paper	Small Box	0.40
177660	Xerox 1948	Office Supplies	Paper	Small Box	0.40
195368	Xerox 1949	Office Supplies	Paper	Small Box	0.36
1022569	Xerox 195	Office Supplies	Paper	Small Box	0.37
120598	Xerox 1950	Office Supplies	Paper	Small Box	0.36
528466	Xerox 1951	Office Supplies	Paper	Small Box	0.40
761140	Xerox 1952	Office Supplies	Paper	Small Box	0.38
762620	Xerox 1953	Office Supplies	Paper	Small Box	0.40
258761	Xerox 1954	Office Supplies	Paper	Small Box	0.40
570116	Xerox 1959	Office Supplies	Paper	Small Box	0.37
552704	Xerox 196	Office Supplies	Paper	Small Box	0.36
1073132	Xerox 1961	Office Supplies	Paper	Small Box	0.38
857575	Xerox 1962	Office Supplies	Paper	Small Box	0.40
191428	Xerox 1963	Office Supplies	Paper	Small Box	0.40
209703	Xerox 1964	Office Supplies	Paper	Small Box	0.39
1017681	Xerox 1966	Office Supplies	Paper	Small Box	0.36
712492	Xerox 1968	Office Supplies	Paper	Small Box	0.37
1021964	Xerox 197	Office Supplies	Paper	Small Box	0.40
59843	Xerox 1971	Office Supplies	Paper	Small Box	0.40
524385	Xerox 1972	Office Supplies	Paper	Small Box	0.40
315030	Xerox 1973	Office Supplies	Paper	Small Box	0.39
183960	Xerox 1974	Office Supplies	Paper	Small Box	0.36
940944	Xerox 1976	Office Supplies	Paper	Small Box	0.37
598592	Xerox 1977	Office Supplies	Paper	Small Box	0.37
971876	Xerox 1978	Office Supplies	Paper	Small Box	0.36
538069	Xerox 1979	Office Supplies	Paper	Small Box	0.40
1014815	Xerox 198	Office Supplies	Paper	Small Box	0.38
47324	Xerox 1980	Office Supplies	Paper	Small Box	0.40
295902	Xerox 1981	Office Supplies	Paper	Small Box	0.40
384417	Xerox 1982	Office Supplies	Paper	Small Box	0.39
333937	Xerox 1983	Office Supplies	Paper	Small Box	0.36
345717	Xerox 1984	Office Supplies	Paper	Small Box	0.36
780990	Xerox 1985	Office Supplies	Paper	Small Box	0.37
1054832	Xerox 1986	Office Supplies	Paper	Small Box	0.37
339779	Xerox 1988	Office Supplies	Paper	Small Box	0.40
371815	Xerox 1989	Office Supplies	Paper	Small Box	0.38
721136	Xerox 199	Office Supplies	Paper	Small Box	0.40
621870	Xerox 1991	Office Supplies	Paper	Small Box	0.39
988897	Xerox 1992	Office Supplies	Paper	Small Box	0.36
981266	Xerox 1993	Office Supplies	Paper	Small Box	0.36
250992	Xerox 1994	Office Supplies	Paper	Small Box	0.37
155203	Xerox 1995	Office Supplies	Paper	Small Box	0.37
1039422	Xerox 1996	Office Supplies	Paper	Small Box	0.37
653263	Xerox 1997	Office Supplies	Paper	Small Box	0.37
1036589	Xerox 1998	Office Supplies	Paper	Small Box	0.37
429039	Xerox 2	Office Supplies	Paper	Small Box	0.37
995207	Xerox 20	Office Supplies	Paper	Small Box	0.37
202436	Xerox 200	Office Supplies	Paper	Small Box	0.37
814247	Xerox 204	Office Supplies	Paper	Small Box	0.37
1044002	Xerox 207	Office Supplies	Paper	Small Box	0.37
105479	Xerox 209	Office Supplies	Paper	Small Box	0.37
160229	Xerox 21	Office Supplies	Paper	Small Box	0.37
620362	Xerox 210	Office Supplies	Paper	Small Box	0.37
102789	Xerox 212	Office Supplies	Paper	Small Box	0.37
563334	Xerox 213	Office Supplies	Paper	Small Box	0.37
621412	Xerox 214	Office Supplies	Paper	Small Box	0.37
742897	Xerox 215	Office Supplies	Paper	Small Box	0.37
983577	Xerox 216	Office Supplies	Paper	Small Box	0.37
1017940	Xerox 217	Office Supplies	Paper	Small Box	0.37
938591	Xerox 220	Office Supplies	Paper	Small Box	0.37
272882	Xerox 221	Office Supplies	Paper	Small Box	0.37
218565	Xerox 223	Office Supplies	Paper	Small Box	0.37
467344	Xerox 224	Office Supplies	Paper	Small Box	0.37
156272	Xerox 226	Office Supplies	Paper	Small Box	0.37
723460	Xerox 227	Office Supplies	Paper	Small Box	0.37
877412	Xerox 229	Office Supplies	Paper	Small Box	0.37
299508	Xerox 23	Office Supplies	Paper	Small Box	0.37
490474	Xerox 231	Office Supplies	Paper	Small Box	0.37
1031199	Xerox 4200 Series MultiUse Premium Copy Paper (20Lb. and 84 Bright)	Office Supplies	Paper	Small Box	0.40
153113	Xerox Blank Computer Paper	Office Supplies	Paper	Small Box	0.38
996641	XtraLife¨ ClearVueª Slant-D¨ Ring Binders by Cardinal	Office Supplies	Binders and Binder Accessories	Small Box	0.35
827242	Zebra Zazzle Fluorescent Highlighters	Office Supplies	Pens & Art Supplies	Wrap Bag	0.51
90051	Zoom V.92 USB External Faxmodem	Technology	Computer Peripherals	Small Box	0.41
88473	Zoom V.92 V.44 PCI Internal Controllerless FaxModem	Technology	Computer Peripherals	Small Box	0.55
