trans_id,trans_dt,enrl_id,pymt_type_id,full_price,discount_type_id,payment_amount,full_paid
900001,2024-09-09,700001,3,7200.00,,7200.00,1
900002,2024-06-18,700002,5,6000.00,,4729.77,0
900003,2025-04-07,700003,1,5400.00,,1800.00,N
900004,2025-04-14,700003,2,5400.00,,1800.00,No
900005,2025-04-21,700003,5,5400.00,,1800.00,Yes
900006,2024-04-11,700004,3,4800.00,,3730.07,0
900007,2025-05-23,700005,4,5400.00,20,1550.00,N
900008,2025-05-30,700005,5,5400.00,20,1550.00,No
900009,2025-06-06,700005,2,5400.00,20,1550.00,Yes
900010,2025-06-18,700006,2,4200.00,20,916.86,
900011,2025-06-25,700006,2,4200.00,20,916.86,0
900012,2025-07-02,700006,1,4200.00,20,916.87,N
900013,2024-01-24,700007,1,6000.00,40,2000.00,No
900014,2024-01-31,700007,1,6000.00,40,2000.00,1
900015,2024-12-08,700008,3,7200.00,,3600.00,0
900016,2024-12-15,700008,5,7200.00,,3600.00,Yes
900017,2025-09-19,700009,1,7200.00,,2369.14,
900018,2025-09-26,700009,5,7200.00,,2369.14,N
900019,2024-10-18,700010,2,4200.00,60,841.82,No
900020,2024-10-25,700010,2,4200.00,60,841.82,N
900021,2024-11-01,700010,3,4200.00,60,841.82,0
900022,2024-11-08,700010,5,4200.00,60,841.81,0
900023,2025-07-05,700011,2,7200.00,40,3151.25,No
900024,2024-12-13,700012,1,5400.00,,2700.00,
900025,2024-12-20,700012,3,5400.00,,2700.00,1
900026,2025-05-25,700013,1,3500.00,,875.00,No
900027,2025-06-01,700013,4,3500.00,,875.00,
900028,2025-06-08,700013,5,3500.00,,875.00,
900029,2025-06-15,700013,4,3500.00,,875.00,Yes
900030,2025-08-25,700014,5,7200.00,30,6000.00,1
900031,2024-12-26,700016,4,3500.00,,3500.00,1
900032,2024-09-10,700017,2,3500.00,10,388.03,N
900033,2024-09-17,700017,5,3500.00,10,388.03,N
900034,2024-09-24,700017,2,3500.00,10,388.03,No
900035,2024-10-01,700017,5,3500.00,10,388.04,
900036,2025-03-22,700018,3,3500.00,,875.00,0
900037,2025-03-29,700018,1,3500.00,,875.00,0
900038,2025-04-05,700018,3,3500.00,,875.00,N
900039,2025-04-12,700018,3,3500.00,,875.00,Yes
900040,2024-07-31,700019,5,3500.00,,1750.00,N
900041,2024-08-07,700019,1,3500.00,,1750.00,Y
900042,2025-03-09,700020,4,4200.00,20,862.50,N
900043,2025-03-16,700020,1,4200.00,20,862.50,No
900044,2025-03-23,700020,3,4200.00,20,862.50,N
900045,2025-03-30,700020,2,4200.00,20,862.50,Y
900046,2025-01-17,700021,2,6000.00,40,4000.00,Y
900047,2025-05-28,700022,3,3500.00,10,3000.00,Y
900048,2023-12-17,700023,4,5400.00,60,3132.34,N
900049,2025-09-23,700024,4,3500.00,,488.01,
900050,2025-09-30,700024,4,3500.00,,488.01,
900051,2025-10-07,700024,3,3500.00,,488.02,N
900052,2024-10-06,700025,2,3500.00,40,1500.00,Yes
900053,2024-10-03,700026,2,3500.00,10,3000.00,Y
900054,2024-04-30,700027,2,5400.00,40,3400.00,1
900055,2024-08-03,700028,3,5400.00,,2700.00,N
900056,2024-08-10,700028,1,5400.00,,2700.00,Yes
900057,2024-08-07,700029,4,7200.00,,1919.87,0
900058,2024-08-14,700029,4,7200.00,,1919.86,
900059,2024-04-19,700030,3,5400.00,60,2700.00,N
900060,2024-04-26,700030,5,5400.00,60,2700.00,Yes
900061,2024-01-15,700032,3,5400.00,,764.93,N
900062,2024-01-22,700032,4,5400.00,,764.93,0
900063,2024-01-29,700032,3,5400.00,,764.93,No
900064,2024-04-19,700033,2,3500.00,,1166.67,
900065,2024-04-26,700033,1,3500.00,,1166.67,0
900066,2024-05-03,700033,3,3500.00,,1166.66,Yes
900067,2024-06-20,700034,4,5400.00,50,3762.11,N
900068,2024-05-08,700035,3,6000.00,30,3100.60,N
900069,2025-07-21,700036,2,3500.00,,1319.12,N
900070,2025-07-28,700036,1,3500.00,,1319.12,N
900071,2025-04-06,700037,1,4200.00,,2100.00,0
900072,2025-04-13,700037,5,4200.00,,2100.00,Y
900073,2024-01-06,700038,4,3500.00,60,1750.00,No
900074,2024-01-13,700038,5,3500.00,60,1750.00,Y
900075,2024-06-03,700039,5,7200.00,,846.62,0
900076,2024-06-10,700039,5,7200.00,,846.63,0
900077,2024-02-10,700040,4,3500.00,60,1717.33,0
900078,2025-06-08,700041,3,5400.00,60,1350.00,No
900079,2025-06-15,700041,5,5400.00,60,1350.00,N
900080,2025-06-22,700041,1,5400.00,60,1350.00,N
900081,2025-06-29,700041,4,5400.00,60,1350.00,1
900082,2024-09-29,700042,2,6000.00,,2130.41,No
900083,2024-10-06,700042,2,6000.00,,2130.42,
900084,2025-08-11,700043,5,5400.00,,5400.00,1
900085,2024-12-16,700044,2,4200.00,,863.23,No
900086,2024-02-13,700045,2,7200.00,40,5200.00,Y
900087,2024-11-18,700046,4,3500.00,,3500.00,Yes
900088,2024-07-04,700047,3,5400.00,,1350.00,0
900089,2024-07-11,700047,3,5400.00,,1350.00,No
900090,2024-07-18,700047,4,5400.00,,1350.00,0
900091,2024-07-25,700047,1,5400.00,,1350.00,Yes
900092,2024-12-03,700048,5,4800.00,,486.62,0
900093,2024-12-10,700048,4,4800.00,,486.61,N
900094,2024-08-01,700049,3,7200.00,,3071.78,N
900095,2024-08-08,700049,5,7200.00,,3071.79,N
900096,2024-05-13,700050,3,3500.00,,666.17,No
900097,2024-05-20,700050,4,3500.00,,666.18,N
900098,2024-06-14,700052,1,4800.00,,1600.00,
900099,2024-06-21,700052,5,4800.00,,1600.00,0
900100,2024-06-28,700052,1,4800.00,,1600.00,Yes
900101,2024-07-17,700053,5,3500.00,30,1150.00,No
900102,2024-07-24,700053,3,3500.00,30,1150.00,1
900103,2025-04-11,700054,5,5400.00,,2391.11,
900104,2025-04-18,700054,1,5400.00,,2391.11,
900105,2024-05-01,700055,2,6000.00,,518.11,N
900106,2024-05-08,700055,4,6000.00,,518.11,
900107,2024-05-15,700055,1,6000.00,,518.10,No
900108,2024-07-23,700056,4,4200.00,,2100.00,N
900109,2024-07-30,700056,5,4200.00,,2100.00,Yes
900110,2024-06-25,700057,1,7200.00,50,6900.00,1
900111,2024-05-24,700058,2,4800.00,,2400.00,N
900112,2024-05-31,700058,1,4800.00,,2400.00,Yes
900113,2025-06-21,700059,5,6000.00,,1176.44,No
900114,2025-06-28,700059,4,6000.00,,1176.44,0
900115,2025-07-05,700059,4,6000.00,,1176.45,
900116,2025-09-06,700060,4,7200.00,20,6450.00,Yes
900117,2024-12-07,700061,4,4800.00,,241.84,
900118,2024-12-14,700061,5,4800.00,,241.84,No
900119,2024-12-21,700061,5,4800.00,,241.84,
900120,2024-12-28,700061,1,4800.00,,241.83,N
900121,2025-04-03,700062,1,3500.00,50,1066.67,0
900122,2025-04-10,700062,3,3500.00,50,1066.67,0
900123,2025-04-17,700062,3,3500.00,50,1066.66,Yes
900124,2024-04-13,700063,3,4200.00,,2100.00,0
900125,2024-04-20,700063,5,4200.00,,2100.00,Yes
900126,2024-09-12,700064,3,6000.00,30,2400.00,N
900127,2024-09-19,700064,3,6000.00,30,2400.00,Yes
900128,2024-04-20,700065,3,4200.00,,2100.00,0
900129,2024-04-27,700065,2,4200.00,,2100.00,Yes
900130,2025-08-16,700066,3,7200.00,20,2505.00,N
900131,2025-08-23,700066,1,7200.00,20,2505.00,
900132,2024-11-15,700067,5,6000.00,,3778.69,No
900133,2025-04-08,700068,5,6000.00,50,1425.00,No
900134,2025-04-15,700068,2,6000.00,50,1425.00,N
900135,2025-04-22,700068,3,6000.00,50,1425.00,No
900136,2025-04-29,700068,2,6000.00,50,1425.00,Y
900137,2023-11-29,700069,1,7200.00,60,7200.00,Y
900138,2024-04-24,700070,2,5400.00,,1099.85,
900139,2024-05-01,700070,5,5400.00,,1099.85,
900140,2024-02-16,700071,3,5400.00,50,2550.00,0
900141,2024-02-23,700071,3,5400.00,50,2550.00,Yes
900142,2025-09-01,700072,2,6000.00,,6000.00,Yes
900143,2024-01-29,700073,3,4800.00,50,678.02,0
900144,2024-02-05,700073,1,4800.00,50,678.02,N
900145,2024-02-12,700073,5,4800.00,50,678.03,N
900146,2025-02-24,700074,2,4200.00,20,3450.00,Y
900147,2024-11-06,700075,4,6000.00,,1728.61,N
900148,2024-08-30,700076,2,6000.00,20,1974.62,0
900149,2024-12-03,700077,3,6000.00,30,919.35,
900150,2024-12-10,700077,5,6000.00,30,919.35,
900151,2024-12-17,700077,4,6000.00,30,919.35,No
900152,2024-12-24,700077,4,6000.00,30,919.36,
900153,2024-12-12,700078,3,7200.00,,7200.00,1
900154,2025-03-17,700079,2,3500.00,50,1600.00,0
900155,2025-03-24,700079,1,3500.00,50,1600.00,1
900156,2024-04-19,700080,2,4800.00,,1541.28,0
900157,2025-03-29,700081,5,4800.00,,4800.00,Y
900158,2025-07-07,700082,5,4200.00,,2100.00,
900159,2025-07-14,700082,4,4200.00,,2100.00,1
900160,2024-12-12,700083,3,4800.00,,1632.91,N
900161,2024-12-19,700083,2,4800.00,,1632.91,
900162,2024-01-08,700084,1,4800.00,10,1369.49,No
900163,2024-01-15,700084,1,4800.00,10,1369.49,0
900164,2025-05-08,700085,3,3500.00,40,1500.00,1
900165,2025-08-25,700086,4,4200.00,30,1500.00,No
900166,2025-09-01,700086,2,4200.00,30,1500.00,1
900167,2024-05-03,700087,3,7200.00,50,1540.16,No
900168,2024-05-10,700087,2,7200.00,50,1540.17,N
900169,2023-11-24,700089,2,7200.00,,1779.10,0
900170,2023-12-01,700089,4,7200.00,,1779.09,N
900171,2025-04-07,700090,4,4800.00,,870.35,N
900172,2025-04-14,700090,2,4800.00,,870.35,No
900173,2025-04-21,700090,4,4800.00,,870.35,N
900174,2025-04-28,700090,1,4800.00,,870.33,0
900175,2024-11-04,700091,1,6000.00,,1500.00,No
900176,2024-11-11,700091,5,6000.00,,1500.00,N
900177,2024-11-18,700091,1,6000.00,,1500.00,
900178,2024-11-25,700091,4,6000.00,,1500.00,1
900179,2025-07-20,700092,5,4200.00,,1761.68,
900180,2025-07-27,700092,4,4200.00,,1761.69,
900181,2025-09-03,700093,4,5400.00,10,2450.00,No
900182,2025-09-10,700093,3,5400.00,10,2450.00,Y
900183,2024-09-11,700095,2,4200.00,10,1326.28,N
900184,2024-09-18,700095,1,4200.00,10,1326.28,0
900185,2024-11-02,700097,2,4800.00,50,2250.00,0
900186,2024-11-09,700097,3,4800.00,50,2250.00,1
900187,2025-06-14,700098,2,6000.00,,3000.00,N
900188,2025-06-21,700098,3,6000.00,,3000.00,1
900189,2025-02-22,700099,5,3500.00,20,594.60,0
900190,2024-10-02,700100,2,4200.00,,1400.00,N
900191,2024-10-09,700100,2,4200.00,,1400.00,
900192,2024-10-16,700100,2,4200.00,,1400.00,Yes
900193,2023-12-05,700101,4,3500.00,60,1750.00,No
900194,2023-12-12,700101,1,3500.00,60,1750.00,1
900195,2024-10-12,700102,5,5400.00,10,1225.00,0
900196,2024-10-19,700102,2,5400.00,10,1225.00,No
900197,2024-10-26,700102,2,5400.00,10,1225.00,
900198,2024-11-02,700102,4,5400.00,10,1225.00,Yes
900199,2024-06-07,700103,3,5400.00,10,2450.00,
900200,2024-06-14,700103,4,5400.00,10,2450.00,Yes
900201,2024-07-17,700105,1,6000.00,50,906.48,
900202,2024-07-24,700105,3,6000.00,50,906.47,
900203,2024-01-31,700106,5,6000.00,,6000.00,Y
900204,2025-04-19,700107,3,4200.00,10,1008.80,
900205,2024-02-11,700108,4,7200.00,20,756.75,N
900206,2024-02-18,700108,3,7200.00,20,756.75,0
900207,2024-02-25,700108,3,7200.00,20,756.75,
900208,2024-11-18,700109,4,6000.00,50,2850.00,No
900209,2024-11-25,700109,1,6000.00,50,2850.00,Y
900210,2025-06-09,700111,3,6000.00,30,4800.00,1
900211,2024-02-06,700112,1,4200.00,,1354.14,N
900212,2024-11-11,700114,2,3500.00,,1750.00,
900213,2024-11-18,700114,5,3500.00,,1750.00,Yes
900214,2024-02-06,700115,5,7200.00,20,6450.00,1
900215,2024-02-14,700116,3,5400.00,,2700.00,No
900216,2024-02-21,700116,1,5400.00,,2700.00,Yes
900217,2024-01-15,700117,4,4200.00,30,1500.00,0
900218,2024-01-22,700117,1,4200.00,30,1500.00,Yes
900219,2024-02-09,700118,2,3500.00,30,1150.00,
900220,2024-02-16,700118,5,3500.00,30,1150.00,Yes
900221,2025-06-29,700119,2,4200.00,10,1409.32,No
900222,2025-07-06,700119,5,4200.00,10,1409.31,0
900223,2024-10-07,700120,4,4200.00,,4200.00,Yes
900224,2025-09-18,700121,3,6000.00,10,1132.34,N
900225,2025-09-25,700121,3,6000.00,10,1132.34,N
900226,2025-10-02,700121,2,6000.00,10,1132.35,N
900227,2023-12-17,700123,1,3500.00,,3500.00,Yes
900228,2025-09-01,700125,4,3500.00,20,2750.00,Yes
900229,2023-12-16,700126,5,4200.00,10,1233.33,
900230,2023-12-23,700126,1,4200.00,10,1233.33,N
900231,2023-12-30,700126,2,4200.00,10,1233.34,Y
900232,2024-04-19,700127,2,6000.00,,2000.00,No
900233,2024-04-26,700127,4,6000.00,,2000.00,0
900234,2024-05-03,700127,4,6000.00,,2000.00,1
900235,2024-11-21,700128,3,7200.00,,3600.00,No
900236,2024-11-28,700128,2,7200.00,,3600.00,Y
900237,2025-01-19,700129,4,6000.00,50,991.02,0
900238,2025-01-26,700129,1,6000.00,50,991.02,N
900239,2025-02-02,700129,3,6000.00,50,991.02,
900240,2025-02-09,700129,1,6000.00,50,991.03,0
900241,2024-05-11,700130,5,7200.00,30,1500.00,N
900242,2024-05-18,700130,2,7200.00,30,1500.00,N
900243,2024-05-25,700130,1,7200.00,30,1500.00,
900244,2024-06-01,700130,5,7200.00,30,1500.00,Y
900245,2025-05-21,700131,1,5400.00,,1800.00,No
900246,2025-05-28,700131,5,5400.00,,1800.00,
900247,2025-06-04,700131,1,5400.00,,1800.00,1
900248,2024-05-26,700132,1,4200.00,,1142.06,0
900249,2024-06-02,700132,2,4200.00,,1142.05,
900250,2024-10-13,700133,3,3500.00,10,3000.00,Yes
900251,2024-10-10,700134,2,7200.00,20,2150.00,No
900252,2024-10-17,700134,3,7200.00,20,2150.00,N
900253,2024-10-24,700134,5,7200.00,20,2150.00,Y
900254,2024-08-10,700135,5,4200.00,40,356.66,No
900255,2024-08-17,700135,1,4200.00,40,356.66,No
900256,2025-08-25,700136,4,4800.00,60,482.44,
900257,2025-09-01,700136,5,4800.00,60,482.44,No
900258,2025-09-08,700136,2,4800.00,60,482.44,No
900259,2025-09-15,700136,1,4800.00,60,482.45,No
900260,2024-03-08,700137,5,5400.00,,1800.00,0
900261,2024-03-15,700137,1,5400.00,,1800.00,
900262,2024-03-22,700137,5,5400.00,,1800.00,Y
900263,2024-08-06,700138,5,6000.00,40,1333.33,0
900264,2024-08-13,700138,1,6000.00,40,1333.33,0
900265,2024-08-20,700138,5,6000.00,40,1333.34,Yes
900266,2025-03-11,700139,1,5400.00,50,5100.00,Yes
900267,2024-09-07,700140,2,6000.00,,6000.00,1
900268,2024-10-15,700141,3,4200.00,30,651.06,
900269,2025-07-16,700142,4,7200.00,,7200.00,Y
900270,2023-12-03,700143,5,6000.00,50,1900.00,0
900271,2023-12-10,700143,1,6000.00,50,1900.00,0
900272,2023-12-17,700143,2,6000.00,50,1900.00,Y
900273,2024-11-03,700144,1,7200.00,50,1632.07,
900274,2024-11-10,700144,3,7200.00,50,1632.06,
900275,2025-01-20,700145,5,4800.00,10,1153.41,No
900276,2025-01-27,700145,3,4800.00,10,1153.41,No
900277,2025-05-20,700147,2,3500.00,,875.00,
900278,2025-05-27,700147,5,3500.00,,875.00,N
900279,2025-06-03,700147,1,3500.00,,875.00,
900280,2025-06-10,700147,3,3500.00,,875.00,Yes
900281,2025-07-21,700148,4,4200.00,,4200.00,1
900282,2025-04-14,700149,4,4800.00,,2523.78,No
900283,2025-09-28,700150,2,6000.00,,3000.00,0
900284,2025-10-05,700150,1,6000.00,,3000.00,Yes
900285,2024-09-05,700151,1,3500.00,,1750.00,N
900286,2024-09-12,700151,3,3500.00,,1750.00,Yes
900287,2025-02-23,700152,1,4800.00,60,1600.00,No
900288,2025-03-02,700152,1,4800.00,60,1600.00,0
900289,2025-03-09,700152,5,4800.00,60,1600.00,Yes
900290,2024-08-05,700153,5,6000.00,,3000.00,0
900291,2024-08-12,700153,5,6000.00,,3000.00,1
900292,2024-04-06,700154,4,3500.00,,545.75,No
900293,2024-04-13,700154,2,3500.00,,545.75,N
900294,2024-04-20,700154,4,3500.00,,545.75,
900295,2024-04-27,700154,2,3500.00,,545.76,
900296,2024-05-23,700155,3,7200.00,,3873.53,No
900297,2025-09-15,700156,1,5400.00,,1350.00,0
900298,2025-09-22,700156,4,5400.00,,1350.00,
900299,2025-09-29,700156,1,5400.00,,1350.00,N
900300,2025-10-06,700156,3,5400.00,,1350.00,Y
900301,2024-10-11,700157,4,4200.00,10,724.85,No
900302,2024-10-18,700157,2,4200.00,10,724.85,
900303,2024-10-25,700157,3,4200.00,10,724.85,No
900304,2024-11-01,700157,5,4200.00,10,724.86,0
900305,2024-08-20,700158,5,7200.00,40,2600.00,N
900306,2024-08-27,700158,3,7200.00,40,2600.00,1
900307,2024-04-23,700159,2,4200.00,40,2200.00,Y
900308,2024-01-16,700160,5,7200.00,,7200.00,Y
900309,2024-02-16,700161,1,7200.00,60,1603.47,N
900310,2024-02-23,700161,4,7200.00,60,1603.48,0
900311,2025-05-26,700162,2,6000.00,20,2625.00,No
900312,2025-06-02,700162,2,6000.00,20,2625.00,1
900313,2025-05-22,700164,4,4200.00,10,1221.13,0
900314,2025-05-29,700164,1,4200.00,10,1221.14,0
900315,2025-01-18,700166,5,6000.00,,6000.00,1
900316,2024-08-20,700168,4,4800.00,50,2250.00,0
900317,2024-08-27,700168,4,4800.00,50,2250.00,1
900318,2025-07-09,700169,1,7200.00,30,3000.00,
900319,2025-07-16,700169,4,7200.00,30,3000.00,Yes
900320,2025-03-03,700170,1,3500.00,,1166.67,N
900321,2025-03-10,700170,3,3500.00,,1166.67,No
900322,2025-03-17,700170,4,3500.00,,1166.66,1
900323,2024-11-30,700171,2,4800.00,50,512.14,No
900324,2024-12-07,700171,4,4800.00,50,512.15,N
900325,2024-11-08,700172,2,3500.00,10,1000.00,N
900326,2024-11-15,700172,5,3500.00,10,1000.00,
900327,2024-11-22,700172,4,3500.00,10,1000.00,Yes
900328,2024-05-31,700173,4,4200.00,,2100.00,
900329,2024-06-07,700173,1,4200.00,,2100.00,1
900330,2024-07-28,700174,2,5400.00,30,2100.00,0
900331,2024-08-04,700174,4,5400.00,30,2100.00,Y
900332,2025-02-05,700175,5,5400.00,60,1350.00,0
900333,2025-02-12,700175,5,5400.00,60,1350.00,
900334,2025-02-19,700175,1,5400.00,60,1350.00,N
900335,2025-02-26,700175,3,5400.00,60,1350.00,Y
900336,2025-01-21,700176,5,4200.00,50,975.00,
900337,2025-01-28,700176,5,4200.00,50,975.00,0
900338,2025-02-04,700176,5,4200.00,50,975.00,No
900339,2025-02-11,700176,1,4200.00,50,975.00,1
900340,2024-04-24,700177,4,7200.00,20,6450.00,Y
900341,2024-11-01,700178,5,7200.00,10,6700.00,Yes
900342,2024-02-15,700179,2,4800.00,,2400.00,N
900343,2024-02-22,700179,1,4800.00,,2400.00,1
900344,2024-06-23,700180,2,7200.00,40,2132.74,0
900345,2024-06-30,700180,3,7200.00,40,2132.74,N
900346,2025-05-10,700181,2,3500.00,,1393.69,N
900347,2025-05-17,700181,3,3500.00,,1393.69,
900348,2024-09-24,700182,4,5400.00,50,1700.00,
900349,2024-10-01,700182,5,5400.00,50,1700.00,N
900350,2024-10-08,700182,4,5400.00,50,1700.00,1
900351,2024-03-20,700183,3,4200.00,50,1950.00,No
900352,2024-03-27,700183,5,4200.00,50,1950.00,Yes
900353,2025-04-18,700184,4,6000.00,,2000.00,
900354,2025-04-25,700184,5,6000.00,,2000.00,No
900355,2025-05-02,700184,3,6000.00,,2000.00,1
900356,2025-04-25,700186,3,5400.00,20,1974.72,
900357,2025-05-02,700186,3,5400.00,20,1974.72,0
900358,2025-04-08,700187,1,5400.00,20,4650.00,Y
900359,2025-03-05,700189,3,4800.00,30,3600.00,1
900360,2025-07-26,700190,3,5400.00,,1224.26,0
900361,2025-08-02,700190,4,5400.00,,1224.26,
900362,2025-08-09,700190,5,5400.00,,1224.26,N
900363,2024-03-17,700191,4,4800.00,,2400.00,N
900364,2024-03-24,700191,5,4800.00,,2400.00,1
900365,2024-12-15,700192,3,5400.00,60,1800.00,0
900366,2024-12-22,700192,4,5400.00,60,1800.00,No
900367,2024-12-29,700192,3,5400.00,60,1800.00,Yes
900368,2023-12-09,700193,3,5400.00,40,1058.97,No
900369,2023-12-16,700193,4,5400.00,40,1058.97,
900370,2024-06-15,700195,4,6000.00,40,2000.00,No
900371,2024-06-22,700195,2,6000.00,40,2000.00,1
900372,2024-04-20,700196,1,3500.00,60,1114.63,0
900373,2024-04-27,700196,1,3500.00,60,1114.64,
900374,2024-05-11,700197,1,4200.00,,822.06,No
900375,2024-05-18,700197,5,4200.00,,822.06,No
900376,2024-05-25,700197,4,4200.00,,822.06,N
900377,2025-07-03,700199,2,4200.00,,762.58,N
900378,2025-07-10,700199,1,4200.00,,762.58,0
900379,2025-07-17,700199,3,4200.00,,762.57,
900380,2024-04-06,700200,2,7200.00,30,6000.00,Y
900381,2024-02-02,700201,1,3500.00,,3500.00,Y
900382,2024-01-13,700202,5,5400.00,,2700.00,
900383,2024-01-20,700202,5,5400.00,,2700.00,1
900384,2024-09-22,700203,2,5400.00,,2700.00,0
900385,2024-09-29,700203,4,5400.00,,2700.00,1
900386,2024-08-29,700204,1,4800.00,,1975.30,0
900387,2024-09-05,700204,5,4800.00,,1975.30,N
900388,2024-11-04,700206,4,3500.00,60,1492.62,N
900389,2024-11-11,700206,3,3500.00,60,1492.62,
900390,2024-11-05,700207,3,6000.00,40,2000.00,
900391,2024-11-12,700207,5,6000.00,40,2000.00,Y
900392,2024-11-15,700208,2,4800.00,60,1200.00,No
900393,2024-11-22,700208,2,4800.00,60,1200.00,
900394,2024-11-29,700208,2,4800.00,60,1200.00,No
900395,2024-12-06,700208,5,4800.00,60,1200.00,Yes
900396,2025-01-29,700209,4,6000.00,,2153.10,0
900397,2025-02-05,700209,2,6000.00,,2153.10,
900398,2024-03-21,700210,1,7200.00,,6122.74,No
900399,2024-01-21,700211,1,4800.00,,4168.88,0
900400,2025-07-29,700212,3,7200.00,,1920.85,
900401,2025-08-05,700212,2,7200.00,,1920.85,0
900402,2025-08-12,700212,3,7200.00,,1920.84,N
900403,2025-05-14,700214,2,3500.00,40,750.00,0
900404,2025-05-21,700214,4,3500.00,40,750.00,1
900405,2024-06-23,700215,3,5400.00,,2700.00,0
900406,2024-06-30,700215,1,5400.00,,2700.00,1
900407,2024-10-20,700216,3,7200.00,50,3450.00,N
900408,2024-10-27,700216,4,7200.00,50,3450.00,1
900409,2025-09-06,700217,4,7200.00,,7200.00,Y
900410,2024-12-19,700218,5,6000.00,40,597.14,N
900411,2024-12-26,700218,1,6000.00,40,597.14,0
900412,2025-01-02,700218,5,6000.00,40,597.14,
900413,2024-10-25,700219,2,3500.00,50,1600.00,
900414,2024-11-01,700219,1,3500.00,50,1600.00,Y
900415,2024-05-06,700220,4,6000.00,,1984.61,N
900416,2025-08-09,700221,5,7200.00,40,1300.00,No
900417,2025-08-16,700221,4,7200.00,40,1300.00,0
900418,2025-08-23,700221,4,7200.00,40,1300.00,N
900419,2025-08-30,700221,2,7200.00,40,1300.00,1
900420,2024-08-24,700222,5,7200.00,,7200.00,1
900421,2024-09-28,700223,5,4200.00,20,1412.31,No
900422,2025-04-27,700224,5,7200.00,10,6700.00,Y
900423,2024-02-07,700225,2,5400.00,,2700.00,
900424,2024-02-14,700225,5,5400.00,,2700.00,Yes
900425,2025-01-30,700226,2,4200.00,,2125.25,0
900426,2025-08-21,700227,2,6000.00,20,2700.95,0
900427,2024-06-23,700228,5,6000.00,10,1375.00,No
900428,2024-06-30,700228,1,6000.00,10,1375.00,No
900429,2024-07-07,700228,1,6000.00,10,1375.00,No
900430,2024-07-14,700228,1,6000.00,10,1375.00,Yes
900431,2024-06-09,700229,4,4800.00,,4800.00,1
900432,2025-03-05,700230,2,5400.00,60,1453.21,N
900433,2025-03-12,700230,5,5400.00,60,1453.21,No
900434,2025-03-19,700230,1,5400.00,60,1453.22,
900435,2025-08-15,700231,5,3500.00,50,3200.00,Y
900436,2024-02-23,700232,1,6000.00,60,3389.49,N
900437,2025-07-29,700233,5,3500.00,,3500.00,Yes
900438,2024-11-15,700234,4,6000.00,,1482.12,
900439,2024-11-22,700234,2,6000.00,,1482.11,
900440,2024-04-03,700235,1,6000.00,50,5700.00,1
900441,2024-10-02,700236,5,6000.00,,3418.06,
900442,2025-07-27,700237,5,7200.00,,2999.84,0
900443,2025-08-03,700237,5,7200.00,,2999.84,No
900444,2024-02-02,700238,4,5400.00,,723.38,0
900445,2024-02-09,700238,2,5400.00,,723.38,0
900446,2024-02-16,700238,5,5400.00,,723.38,No
900447,2024-04-28,700240,1,3500.00,,875.00,No
900448,2024-05-05,700240,4,3500.00,,875.00,
900449,2024-05-12,700240,1,3500.00,,875.00,N
900450,2024-05-19,700240,3,3500.00,,875.00,Y
900451,2025-03-23,700241,5,3500.00,,2552.32,No
900452,2024-10-29,700242,2,5400.00,,5400.00,1
900453,2025-02-20,700243,5,5400.00,,5400.00,Y
900454,2025-05-27,700244,5,3500.00,50,460.86,N
900455,2025-06-03,700244,2,3500.00,50,460.86,
900456,2025-06-10,700244,3,3500.00,50,460.86,No
900457,2025-06-17,700244,4,3500.00,50,460.87,N
900458,2024-10-09,700245,4,5400.00,,1800.00,
900459,2024-10-16,700245,4,5400.00,,1800.00,
900460,2024-10-23,700245,3,5400.00,,1800.00,1
900461,2025-09-03,700246,4,4200.00,,4200.00,Y
900462,2025-04-01,700247,5,4200.00,50,3900.00,1
900463,2025-04-24,700249,5,4200.00,30,1000.00,0
900464,2025-05-01,700249,2,4200.00,30,1000.00,No
900465,2025-05-08,700249,4,4200.00,30,1000.00,Y
900466,2025-04-18,700250,1,3500.00,30,338.62,N
900467,2025-04-25,700250,5,3500.00,30,338.62,N
900468,2025-05-02,700250,5,3500.00,30,338.61,No
900469,2024-04-12,700251,4,4800.00,,1200.00,N
900470,2024-04-19,700251,5,4800.00,,1200.00,
900471,2024-04-26,700251,4,4800.00,,1200.00,N
900472,2024-05-03,700251,5,4800.00,,1200.00,Y
900473,2025-08-28,700252,3,7200.00,,7200.00,Yes
900474,2025-06-07,700255,1,7200.00,,1139.07,
900475,2025-06-14,700255,1,7200.00,,1139.07,
900476,2025-06-21,700255,5,7200.00,,1139.08,No
900477,2024-12-24,700256,5,5400.00,,3398.80,0
900478,2025-08-29,700257,4,4200.00,50,975.00,N
900479,2025-09-05,700257,2,4200.00,50,975.00,
900480,2025-09-12,700257,1,4200.00,50,975.00,No
900481,2025-09-19,700257,3,4200.00,50,975.00,Yes
900482,2024-05-19,700258,2,7200.00,,3600.00,0
900483,2024-05-26,700258,4,7200.00,,3600.00,1
900484,2025-08-07,700259,4,7200.00,,3600.00,N
900485,2025-08-14,700259,4,7200.00,,3600.00,Y
900486,2025-04-09,700260,5,7200.00,20,3225.00,0
900487,2025-04-16,700260,4,7200.00,20,3225.00,1
900488,2024-02-07,700261,2,4200.00,40,2200.00,Y
900489,2024-01-14,700262,4,3500.00,,3500.00,1
900490,2024-12-22,700264,1,6000.00,,2553.01,0
900491,2024-12-29,700264,3,6000.00,,2553.01,
900492,2024-06-29,700265,2,6000.00,,6000.00,1
900493,2025-09-11,700267,1,4200.00,,691.96,0
900494,2025-09-18,700267,5,4200.00,,691.96,
900495,2025-09-25,700267,5,4200.00,,691.96,
900496,2025-10-02,700267,5,4200.00,,691.94,No
900497,2024-05-09,700268,4,4200.00,,2100.00,N
900498,2024-05-16,700268,5,4200.00,,2100.00,Yes
900499,2024-05-11,700269,5,5400.00,20,813.39,
900500,2024-05-18,700269,1,5400.00,20,813.40,N
900501,2025-08-05,700270,5,3500.00,30,575.00,0
900502,2025-08-12,700270,4,3500.00,30,575.00,0
900503,2025-08-19,700270,3,3500.00,30,575.00,0
900504,2025-08-26,700270,4,3500.00,30,575.00,1
900505,2024-03-18,700271,3,6000.00,,1251.00,No
900506,2024-11-11,700272,3,4200.00,,4200.00,Y
900507,2024-01-30,700273,3,3500.00,40,204.12,
900508,2024-02-06,700273,4,3500.00,40,204.12,N
900509,2024-02-13,700273,5,3500.00,40,204.12,
900510,2024-02-20,700273,1,3500.00,40,204.14,No
900511,2025-03-08,700274,3,6000.00,30,2400.00,No
900512,2025-03-15,700274,4,6000.00,30,2400.00,1
900513,2024-08-21,700275,1,3500.00,50,1600.00,
900514,2024-08-28,700275,4,3500.00,50,1600.00,1
900515,2025-04-23,700276,3,3500.00,30,211.19,0
900516,2025-04-30,700276,5,3500.00,30,211.19,N
900517,2025-05-07,700276,1,3500.00,30,211.19,
900518,2025-05-14,700276,1,3500.00,30,211.19,N
900519,2025-07-07,700277,2,7200.00,60,3381.80,
900520,2025-02-14,700278,5,5400.00,40,990.28,
900521,2025-02-21,700278,5,5400.00,40,990.28,N
900522,2025-06-14,700279,3,4200.00,50,975.00,0
900523,2025-06-21,700279,2,4200.00,50,975.00,No
900524,2025-06-28,700279,1,4200.00,50,975.00,
900525,2025-07-05,700279,2,4200.00,50,975.00,Yes
900526,2024-01-21,700280,5,4200.00,30,1000.00,0
900527,2024-01-28,700280,1,4200.00,30,1000.00,
900528,2024-02-04,700280,3,4200.00,30,1000.00,Y
900529,2025-08-11,700281,4,6000.00,,1500.00,0
900530,2025-08-18,700281,4,6000.00,,1500.00,
900531,2025-08-25,700281,3,6000.00,,1500.00,N
900532,2025-09-01,700281,2,6000.00,,1500.00,Y
900533,2024-08-13,700282,2,5400.00,60,1808.92,N
900534,2024-07-08,700283,4,5400.00,,2700.00,0
900535,2024-07-15,700283,1,5400.00,,2700.00,Y
900536,2024-10-09,700284,2,3500.00,40,1500.00,Y
900537,2025-07-06,700285,4,4200.00,,2567.44,0
900538,2024-06-06,700286,4,3500.00,,2846.01,No
900539,2025-01-07,700287,3,5400.00,50,5100.00,Y
900540,2025-01-18,700288,3,4200.00,,2100.00,
900541,2025-01-25,700288,1,4200.00,,2100.00,Yes
900542,2024-03-06,700289,5,5400.00,,2700.00,No
900543,2024-03-13,700289,1,5400.00,,2700.00,Y
900544,2025-03-16,700290,2,3500.00,,1750.00,No
900545,2025-03-23,700290,4,3500.00,,1750.00,Y
900546,2024-10-26,700291,2,7200.00,,3600.00,0
900547,2024-11-02,700291,2,7200.00,,3600.00,Yes
900548,2025-09-01,700292,4,4800.00,,4800.00,Yes
900549,2025-02-27,700293,4,6000.00,50,5700.00,1
900550,2024-11-18,700294,2,4200.00,30,1500.00,
900551,2024-11-25,700294,1,4200.00,30,1500.00,Y
900552,2024-08-17,700295,5,3500.00,,875.00,
900553,2024-08-24,700295,2,3500.00,,875.00,N
900554,2024-08-31,700295,1,3500.00,,875.00,0
900555,2024-09-07,700295,5,3500.00,,875.00,Y
900556,2024-02-25,700296,3,5400.00,60,1800.00,N
900557,2024-03-03,700296,1,5400.00,60,1800.00,N
900558,2024-03-10,700296,3,5400.00,60,1800.00,Y
900559,2024-03-23,700297,4,3500.00,10,750.00,N
900560,2024-03-30,700297,2,3500.00,10,750.00,No
900561,2024-04-06,700297,4,3500.00,10,750.00,No
900562,2024-04-13,700297,2,3500.00,10,750.00,1
900563,2025-08-21,700298,4,4200.00,,2100.00,0
900564,2025-08-28,700298,1,4200.00,,2100.00,Y
900565,2024-02-11,700299,3,4200.00,10,3700.00,1
900566,2025-03-24,700300,5,3500.00,,1750.00,N
900567,2025-03-31,700300,4,3500.00,,1750.00,Y
900568,2024-06-12,700302,5,3500.00,50,521.24,0
900569,2024-06-19,700302,2,3500.00,50,521.24,No
900570,2024-03-15,700303,1,7200.00,20,1612.50,0
900571,2024-03-22,700303,4,7200.00,20,1612.50,N
900572,2024-03-29,700303,4,7200.00,20,1612.50,0
900573,2024-04-05,700303,3,7200.00,20,1612.50,Yes
900574,2024-06-23,700304,2,7200.00,30,3000.00,N
900575,2024-06-30,700304,4,7200.00,30,3000.00,Y
900576,2025-08-07,700305,3,7200.00,,7200.00,Y
900577,2024-08-31,700306,2,5400.00,,2700.00,
900578,2024-09-07,700306,4,5400.00,,2700.00,Yes
900579,2025-03-22,700307,5,3500.00,40,272.81,0
900580,2025-03-29,700307,2,3500.00,40,272.81,0
900581,2024-04-08,700309,5,3500.00,30,2300.00,1
900582,2024-11-10,700310,4,6000.00,10,1318.29,No
900583,2024-11-17,700310,5,6000.00,10,1318.29,No
900584,2025-07-30,700311,5,3500.00,,3500.00,Yes
900585,2025-07-13,700312,2,4800.00,,2400.00,N
900586,2025-07-20,700312,1,4800.00,,2400.00,1
900587,2024-03-11,700313,2,4200.00,,1400.00,N
900588,2024-03-18,700313,3,4200.00,,1400.00,No
900589,2024-03-25,700313,2,4200.00,,1400.00,Y
900590,2024-10-26,700316,2,3500.00,,3500.00,Yes
900591,2025-08-07,700317,3,4200.00,40,1100.00,0
900592,2025-08-14,700317,3,4200.00,40,1100.00,Y
900593,2025-09-18,700318,2,3500.00,30,575.00,No
900594,2025-09-25,700318,5,3500.00,30,575.00,0
900595,2025-10-02,700318,3,3500.00,30,575.00,0
900596,2025-10-09,700318,1,3500.00,30,575.00,Yes
900597,2025-07-17,700319,5,4200.00,40,1100.00,No
900598,2025-07-24,700319,5,4200.00,40,1100.00,1
900599,2024-05-18,700320,4,5400.00,,486.71,No
900600,2024-05-25,700320,5,5400.00,,486.71,No
900601,2024-06-01,700320,1,5400.00,,486.70,N
900602,2023-12-30,700321,5,3500.00,60,1311.07,
900603,2024-01-06,700321,3,3500.00,60,1311.06,
900604,2024-11-25,700322,2,5400.00,,1059.10,No
900605,2024-12-02,700322,3,5400.00,,1059.10,N
900606,2024-12-09,700322,1,5400.00,,1059.09,0
900607,2025-08-04,700323,4,5400.00,50,444.82,No
900608,2025-08-11,700323,2,5400.00,50,444.82,
900609,2025-08-18,700323,1,5400.00,50,444.82,N
900610,2025-08-25,700323,3,5400.00,50,444.84,
900611,2025-08-24,700324,4,7200.00,,2671.33,N
900612,2024-11-16,700325,5,5400.00,,856.03,
900613,2024-11-23,700325,3,5400.00,,856.03,N
900614,2024-02-22,700326,5,6000.00,20,2625.00,N
900615,2024-02-29,700326,2,6000.00,20,2625.00,1
900616,2024-05-01,700327,3,6000.00,,1659.59,0
900617,2024-05-08,700327,1,6000.00,,1659.59,No
900618,2024-05-15,700327,1,6000.00,,1659.60,0
900619,2024-03-22,700328,1,4200.00,,529.22,0
900620,2024-03-29,700328,4,4200.00,,529.22,N
900621,2024-04-05,700328,3,4200.00,,529.22,No
900622,2024-04-12,700328,5,4200.00,,529.23,0
900623,2025-06-13,700329,5,4800.00,,320.48,No
900624,2025-06-20,700329,1,4800.00,,320.48,No
900625,2025-06-27,700329,5,4800.00,,320.48,No
900626,2025-07-04,700329,4,4800.00,,320.49,N
900627,2025-03-28,700330,2,4800.00,30,1800.00,
900628,2025-04-04,700330,4,4800.00,30,1800.00,Yes
900629,2024-12-07,700331,1,6000.00,10,1388.94,
900630,2024-12-14,700331,5,6000.00,10,1388.95,0
900631,2025-02-11,700332,3,4200.00,,1254.67,No
900632,2025-02-18,700332,5,4200.00,,1254.68,0
900633,2025-01-17,700334,2,4200.00,30,1000.00,
900634,2025-01-24,700334,2,4200.00,30,1000.00,No
900635,2025-01-31,700334,2,4200.00,30,1000.00,Y
900636,2024-08-04,700335,4,5400.00,20,946.42,
900637,2025-09-21,700336,4,4800.00,30,3600.00,Yes
900638,2025-09-07,700337,3,4800.00,40,2800.00,Yes
900639,2024-10-26,700339,3,4800.00,30,1348.19,0
900640,2024-11-02,700339,3,4800.00,30,1348.19,No
900641,2023-12-01,700340,1,7200.00,30,6000.00,Yes
900642,2023-12-31,700341,4,7200.00,,7200.00,Yes
900643,2024-09-23,700342,5,4800.00,50,1059.01,N
900644,2024-09-30,700342,3,4800.00,50,1059.01,
900645,2024-10-07,700342,4,4800.00,50,1059.02,No
900646,2024-01-10,700343,4,4800.00,,1600.00,0
900647,2024-01-17,700343,1,4800.00,,1600.00,No
900648,2024-01-24,700343,3,4800.00,,1600.00,Yes
900649,2025-09-05,700344,5,7200.00,,928.97,N
900650,2025-09-12,700344,5,7200.00,,928.96,
900651,2025-04-20,700345,1,7200.00,,3600.00,0
900652,2025-04-27,700345,4,7200.00,,3600.00,Yes
900653,2024-06-15,700346,4,4800.00,30,1800.00,No
900654,2024-06-22,700346,3,4800.00,30,1800.00,Yes
900655,2024-11-03,700347,3,4800.00,,1646.68,
900656,2024-06-09,700348,4,6000.00,40,2000.00,
900657,2024-06-16,700348,2,6000.00,40,2000.00,1
900658,2024-06-14,700350,3,4800.00,40,349.83,
900659,2024-06-21,700350,4,4800.00,40,349.83,0
900660,2024-06-28,700350,2,4800.00,40,349.83,0
900661,2024-07-05,700350,1,4800.00,40,349.85,N
900662,2024-11-08,700351,3,7200.00,,7200.00,Yes
900663,2024-05-16,700352,5,7200.00,50,6900.00,Y
900664,2024-08-03,700353,5,3500.00,,875.00,No
900665,2024-08-10,700353,4,3500.00,,875.00,
900666,2024-08-17,700353,1,3500.00,,875.00,0
900667,2024-08-24,700353,1,3500.00,,875.00,Y
900668,2024-08-14,700354,5,7200.00,50,2300.00,
900669,2024-08-21,700354,1,7200.00,50,2300.00,No
900670,2024-08-28,700354,4,7200.00,50,2300.00,Y
900671,2025-05-16,700355,3,4200.00,20,292.90,
900672,2025-05-23,700355,3,4200.00,20,292.90,
900673,2025-05-30,700355,1,4200.00,20,292.90,0
900674,2025-06-06,700355,2,4200.00,20,292.90,0
900675,2024-12-24,700356,1,3500.00,60,1750.00,
900676,2024-12-31,700356,4,3500.00,60,1750.00,Y
900677,2024-08-05,700357,3,3500.00,50,711.00,0
900678,2024-04-06,700358,5,4800.00,30,1858.59,No
900679,2024-10-11,700359,3,7200.00,30,3000.00,
900680,2024-10-18,700359,2,7200.00,30,3000.00,Yes
900681,2025-02-19,700360,3,5400.00,,1513.40,
900682,2024-01-31,700361,1,4200.00,,4200.00,Yes
900683,2024-01-08,700362,5,5400.00,10,4900.00,Yes
900684,2025-04-12,700363,1,6000.00,,3000.00,No
900685,2025-04-19,700363,3,6000.00,,3000.00,Y
900686,2025-09-28,700364,3,7200.00,,2246.47,0
900687,2025-10-05,700364,5,7200.00,,2246.46,
900688,2025-02-01,700365,4,3500.00,30,1264.29,N
900689,2025-07-05,700366,3,7200.00,30,6000.00,Yes
900690,2025-03-19,700367,5,4800.00,20,4050.00,1
900691,2025-05-05,700368,3,3500.00,,3500.00,Y
900692,2025-04-13,700369,5,5400.00,,2700.00,0
900693,2025-04-20,700369,3,5400.00,,2700.00,Y
900694,2024-10-07,700370,1,4200.00,,782.07,N
900695,2024-10-14,700370,4,4200.00,,782.07,0
900696,2024-10-21,700370,4,4200.00,,782.07,N
900697,2024-10-28,700370,3,4200.00,,782.08,No
900698,2024-06-26,700371,1,5400.00,,2700.00,No
900699,2024-07-03,700371,2,5400.00,,2700.00,Yes
900700,2024-06-14,700372,3,4800.00,60,1200.00,N
900701,2024-06-21,700372,4,4800.00,60,1200.00,N
900702,2024-06-28,700372,5,4800.00,60,1200.00,N
900703,2024-07-05,700372,1,4800.00,60,1200.00,Yes
900704,2024-10-07,700373,5,6000.00,,2942.43,0
900705,2025-01-05,700374,1,4800.00,,2400.00,No
900706,2025-01-12,700374,3,4800.00,,2400.00,Y
900707,2024-11-17,700375,2,5400.00,,2700.00,0
900708,2024-11-24,700375,4,5400.00,,2700.00,Yes
900709,2023-12-10,700376,3,7200.00,60,4021.99,
900710,2024-03-17,700377,1,3500.00,,3500.00,Y
900711,2025-05-20,700378,1,4200.00,,1050.00,
900712,2025-05-27,700378,2,4200.00,,1050.00,
900713,2025-06-03,700378,4,4200.00,,1050.00,No
900714,2025-06-10,700378,4,4200.00,,1050.00,Yes
900715,2024-07-17,700379,5,3500.00,,1750.00,0
900716,2024-07-24,700379,1,3500.00,,1750.00,Yes
900717,2024-05-10,700380,4,7200.00,30,5167.27,
900718,2024-05-29,700381,3,4200.00,20,1725.00,N
900719,2024-06-05,700381,1,4200.00,20,1725.00,Yes
900720,2025-07-06,700382,3,6000.00,60,2825.95,No
900721,2024-03-18,700383,4,5400.00,50,2550.00,0
900722,2024-03-25,700383,3,5400.00,50,2550.00,Y
900723,2024-12-01,700384,5,6000.00,,3000.00,
900724,2024-12-08,700384,4,6000.00,,3000.00,Y
900725,2025-05-26,700386,5,6000.00,,4537.73,No
900726,2025-01-30,700387,3,5400.00,,1851.13,
900727,2025-02-06,700387,3,5400.00,,1851.14,No
900728,2024-05-05,700388,1,3500.00,20,1224.50,N
900729,2024-05-12,700388,5,3500.00,20,1224.50,N
900730,2025-09-26,700389,4,3500.00,50,3200.00,Y
900731,2025-05-05,700390,3,7200.00,,2400.00,
900732,2025-05-12,700390,1,7200.00,,2400.00,0
900733,2025-05-19,700390,2,7200.00,,2400.00,1
900734,2025-01-18,700391,5,4200.00,60,1446.77,No
900735,2025-01-25,700391,5,4200.00,60,1446.76,0
900736,2024-02-04,700392,4,4200.00,,4200.00,1
900737,2025-09-09,700393,5,7200.00,,1469.64,No
900738,2025-09-16,700393,5,7200.00,,1469.65,N
900739,2025-03-17,700394,5,7200.00,20,6450.00,Y
900740,2025-06-15,700395,4,3500.00,40,316.39,No
900741,2025-06-22,700395,1,3500.00,40,316.39,
900742,2024-02-27,700396,4,3500.00,,1166.67,
900743,2024-03-05,700396,4,3500.00,,1166.67,N
900744,2024-03-12,700396,4,3500.00,,1166.66,Yes
900745,2024-12-21,700397,4,4800.00,30,3600.00,Yes
900746,2024-09-11,700398,5,4200.00,,2100.00,N
900747,2024-09-18,700398,5,4200.00,,2100.00,Yes
900748,2025-01-09,700399,4,4200.00,,4200.00,1
900749,2024-01-13,700400,4,3500.00,,957.76,0
900750,2024-01-20,700400,4,3500.00,,957.76,
900751,2024-10-20,700401,5,3500.00,,362.35,
900752,2024-10-27,700401,5,3500.00,,362.35,No
900753,2024-11-03,700401,3,3500.00,,362.35,0
900754,2024-11-10,700401,3,3500.00,,362.34,0
900755,2025-05-01,700402,3,4200.00,,1050.00,
900756,2025-05-08,700402,2,4200.00,,1050.00,No
900757,2025-05-15,700402,3,4200.00,,1050.00,No
900758,2025-05-22,700402,3,4200.00,,1050.00,1
900759,2025-08-21,700403,4,4800.00,,626.30,No
900760,2025-08-28,700403,2,4800.00,,626.31,N
900761,2025-07-31,700404,4,7200.00,,7200.00,1
900762,2024-03-16,700405,2,5400.00,,1800.00,N
900763,2024-03-23,700405,1,5400.00,,1800.00,N
900764,2024-03-30,700405,2,5400.00,,1800.00,1
900765,2025-01-03,700406,5,6000.00,20,5250.00,Yes
900766,2024-12-07,700407,3,3500.00,50,800.00,N
900767,2024-12-14,700407,5,3500.00,50,800.00,
900768,2024-12-21,700407,2,3500.00,50,800.00,
900769,2024-12-28,700407,3,3500.00,50,800.00,Yes
900770,2025-04-05,700408,3,7200.00,30,4003.78,No
900771,2024-02-06,700409,5,7200.00,,2855.47,
900772,2024-02-13,700409,1,7200.00,,2855.46,
900773,2025-04-17,700410,2,6000.00,,4261.05,No
900774,2024-03-30,700411,1,3500.00,,1750.00,0
900775,2024-04-06,700411,2,3500.00,,1750.00,Y
900776,2024-01-28,700412,5,4200.00,60,2100.00,0
900777,2024-02-04,700412,1,4200.00,60,2100.00,Y
900778,2025-06-13,700413,4,7200.00,,2400.00,
900779,2025-06-20,700413,4,7200.00,,2400.00,No
900780,2025-06-27,700413,1,7200.00,,2400.00,Yes
900781,2024-08-07,700414,5,4200.00,,4200.00,Yes
900782,2025-05-30,700415,3,3500.00,50,1600.00,
900783,2025-06-06,700415,3,3500.00,50,1600.00,1
900784,2024-05-24,700416,4,7200.00,,3600.00,
900785,2024-05-31,700416,3,7200.00,,3600.00,Yes
900786,2024-01-06,700417,2,7200.00,,7200.00,Yes
900787,2025-08-08,700418,5,4200.00,,4200.00,Y
900788,2023-12-26,700419,4,3500.00,50,800.00,
900789,2024-01-02,700419,2,3500.00,50,800.00,
900790,2024-01-09,700419,2,3500.00,50,800.00,No
900791,2024-01-16,700419,2,3500.00,50,800.00,Y
900792,2024-07-27,700420,4,6000.00,,6000.00,Y
900793,2024-03-22,700421,5,4800.00,,3279.82,N
900794,2025-04-11,700422,4,5400.00,60,3120.24,0
900795,2025-07-04,700423,3,5400.00,20,4650.00,Y
900796,2024-01-18,700424,4,5400.00,60,3401.39,No
900797,2025-02-20,700425,1,4200.00,60,917.19,0
900798,2025-02-27,700425,4,4200.00,60,917.19,N
900799,2025-03-06,700425,3,4200.00,60,917.19,No
900800,2025-08-12,700426,5,5400.00,10,1633.33,
900801,2025-08-19,700426,1,5400.00,10,1633.33,0
900802,2025-08-26,700426,2,5400.00,10,1633.34,Y
900803,2025-08-25,700427,3,4200.00,30,3000.00,Y
900804,2025-03-27,700428,2,5400.00,10,1045.38,0
900805,2025-04-03,700428,4,5400.00,10,1045.38,N
900806,2025-04-10,700428,2,5400.00,10,1045.38,0
900807,2025-06-04,700429,1,3500.00,50,3200.00,Y
900808,2025-03-29,700430,4,6000.00,10,1375.00,
900809,2025-04-05,700430,2,6000.00,10,1375.00,N
900810,2025-04-12,700430,5,6000.00,10,1375.00,0
900811,2025-04-19,700430,4,6000.00,10,1375.00,1
900812,2025-05-04,700431,4,5400.00,10,1225.00,N
900813,2025-05-11,700431,4,5400.00,10,1225.00,N
900814,2025-05-18,700431,1,5400.00,10,1225.00,N
900815,2025-05-25,700431,1,5400.00,10,1225.00,Y
900816,2025-04-19,700432,4,5400.00,,2700.00,N
900817,2025-04-26,700432,5,5400.00,,2700.00,1
900818,2024-05-09,700433,1,4200.00,50,1300.00,No
900819,2024-05-16,700433,2,4200.00,50,1300.00,
900820,2024-05-23,700433,4,4200.00,50,1300.00,1
900821,2025-01-12,700434,4,6000.00,50,2850.00,No
900822,2025-01-19,700434,3,6000.00,50,2850.00,Yes
900823,2024-01-05,700435,3,4800.00,,3870.38,0
900824,2025-02-18,700436,5,6000.00,30,2400.00,0
900825,2025-02-25,700436,1,6000.00,30,2400.00,Y
900826,2024-12-18,700437,4,6000.00,,2000.00,N
900827,2024-12-25,700437,5,6000.00,,2000.00,No
900828,2025-01-01,700437,5,6000.00,,2000.00,1
900829,2024-03-26,700438,5,7200.00,20,3225.00,0
900830,2024-04-02,700438,3,7200.00,20,3225.00,Yes
900831,2024-09-08,700439,3,3500.00,40,1500.00,Y
900832,2023-12-13,700440,1,4200.00,,2100.00,No
900833,2023-12-20,700440,5,4200.00,,2100.00,1
900834,2024-11-11,700441,5,3500.00,,3500.00,1
900835,2024-02-02,700442,5,7200.00,40,2600.00,
900836,2024-02-09,700442,4,7200.00,40,2600.00,Y
900837,2024-05-14,700443,5,4800.00,50,4500.00,Y
900838,2024-12-08,700444,3,5400.00,50,5100.00,1
900839,2024-05-19,700445,2,6000.00,10,5500.00,1
900840,2025-02-12,700446,3,4200.00,10,1850.00,No
900841,2025-02-19,700446,2,4200.00,10,1850.00,Yes
900842,2024-01-06,700447,1,6000.00,40,1000.00,0
900843,2024-01-13,700447,3,6000.00,40,1000.00,0
900844,2024-01-20,700447,5,6000.00,40,1000.00,N
900845,2024-01-27,700447,1,6000.00,40,1000.00,1
900846,2025-01-04,700448,3,3500.00,60,1750.00,N
900847,2025-01-11,700448,1,3500.00,60,1750.00,Y
900848,2024-02-20,700450,4,7200.00,,3600.00,
900849,2024-02-27,700450,5,7200.00,,3600.00,1
900850,2023-12-17,700451,4,5400.00,,5400.00,Y
900851,2025-04-03,700452,3,4200.00,60,3068.62,0
900852,2025-08-31,700453,2,4200.00,10,3700.00,Yes
900853,2025-05-10,700454,4,5400.00,50,1347.40,No
900854,2025-05-17,700454,1,5400.00,50,1347.41,0
900855,2024-06-23,700455,5,5400.00,60,1350.00,No
900856,2024-06-30,700455,3,5400.00,60,1350.00,
900857,2024-07-07,700455,2,5400.00,60,1350.00,N
900858,2024-07-14,700455,2,5400.00,60,1350.00,1
900859,2025-06-07,700456,3,4200.00,10,925.00,N
900860,2025-06-14,700456,1,4200.00,10,925.00,No
900861,2025-06-21,700456,5,4200.00,10,925.00,
900862,2025-06-28,700456,1,4200.00,10,925.00,Y
900863,2025-07-06,700458,2,4200.00,,1400.00,
900864,2025-07-13,700458,1,4200.00,,1400.00,No
900865,2025-07-20,700458,4,4200.00,,1400.00,Y
900866,2025-08-22,700459,2,4800.00,,4800.00,Yes
900867,2024-05-19,700460,1,4200.00,50,3900.00,Y
900868,2025-05-18,700461,2,6000.00,,6000.00,Y
900869,2025-07-23,700462,1,5400.00,50,2193.98,
900870,2024-08-16,700463,2,7200.00,,1800.00,
900871,2024-08-23,700463,2,7200.00,,1800.00,
900872,2024-08-30,700463,4,7200.00,,1800.00,N
900873,2024-09-06,700463,3,7200.00,,1800.00,Yes
900874,2024-06-02,700464,1,4800.00,30,274.63,No
900875,2024-06-09,700464,2,4800.00,30,274.63,No
900876,2024-06-16,700464,4,4800.00,30,274.63,
900877,2024-06-23,700464,3,4800.00,30,274.65,0
900878,2024-04-29,700465,1,3500.00,,3072.59,No
900879,2024-02-26,700466,5,3500.00,20,687.50,N
900880,2024-03-04,700466,5,3500.00,20,687.50,0
900881,2024-03-11,700466,4,3500.00,20,687.50,No
900882,2024-03-18,700466,2,3500.00,20,687.50,Y
900883,2024-03-23,700467,5,4800.00,30,3600.00,Yes
900884,2024-11-08,700468,2,7200.00,,3600.00,0
900885,2024-11-15,700468,2,7200.00,,3600.00,Yes
900886,2025-07-02,700469,2,4200.00,,1400.00,N
900887,2025-07-09,700469,2,4200.00,,1400.00,No
900888,2025-07-16,700469,2,4200.00,,1400.00,Y
900889,2023-12-18,700470,5,6000.00,,3000.00,N
900890,2023-12-25,700470,1,6000.00,,3000.00,1
900891,2024-09-07,700471,5,6000.00,,6000.00,1
900892,2024-12-01,700472,1,7200.00,,1800.00,N
900893,2024-12-08,700472,1,7200.00,,1800.00,No
900894,2024-12-15,700472,2,7200.00,,1800.00,0
900895,2024-12-22,700472,4,7200.00,,1800.00,1
900896,2024-08-02,700473,1,7200.00,10,2233.33,
900897,2024-08-09,700473,3,7200.00,10,2233.33,
900898,2024-08-16,700473,5,7200.00,10,2233.34,Yes
900899,2025-03-24,700475,3,5400.00,,1800.00,No
900900,2025-03-31,700475,1,5400.00,,1800.00,0
900901,2025-04-07,700475,4,5400.00,,1800.00,Yes
900902,2025-02-11,700476,5,7200.00,,7200.00,Y
900903,2025-06-09,700477,2,4800.00,,2400.00,N
900904,2025-06-16,700477,2,4800.00,,2400.00,Yes
900905,2024-05-29,700478,4,6000.00,30,3824.34,No
900906,2025-02-19,700479,4,3500.00,30,2300.00,Y
900907,2025-02-07,700480,5,4800.00,60,811.02,0
900908,2025-02-14,700480,2,4800.00,60,811.02,
900909,2025-02-21,700480,4,4800.00,60,811.01,No
900910,2024-04-11,700481,1,5400.00,,1800.00,
900911,2024-04-18,700481,3,5400.00,,1800.00,No
900912,2024-04-25,700481,2,5400.00,,1800.00,Y
900913,2024-06-26,700482,2,6000.00,30,1200.00,No
900914,2024-07-03,700482,3,6000.00,30,1200.00,0
900915,2024-07-10,700482,5,6000.00,30,1200.00,
900916,2024-07-17,700482,5,6000.00,30,1200.00,1
900917,2025-08-31,700483,2,4200.00,40,254.11,0
900918,2025-09-07,700483,4,4200.00,40,254.11,N
900919,2025-09-14,700483,4,4200.00,40,254.11,No
900920,2025-09-21,700483,4,4200.00,40,254.10,
900921,2025-08-28,700484,1,4200.00,,4200.00,Yes
900922,2025-01-29,700485,3,7200.00,,2041.60,
900923,2025-02-05,700485,2,7200.00,,2041.60,N
900924,2025-09-13,700486,5,5400.00,,2700.00,0
900925,2025-09-20,700486,2,5400.00,,2700.00,Y
900926,2025-05-20,700487,2,6000.00,30,4280.24,No
900927,2025-03-24,700488,1,5400.00,40,1950.81,N
900928,2024-08-24,700489,4,6000.00,30,4800.00,Yes
900929,2025-07-06,700490,5,4800.00,,3633.90,No
900930,2025-02-15,700491,4,3500.00,30,766.67,No
900931,2025-02-22,700491,2,3500.00,30,766.67,N
900932,2025-03-01,700491,4,3500.00,30,766.66,Yes
900933,2024-04-01,700492,5,4200.00,50,975.00,No
900934,2024-04-08,700492,3,4200.00,50,975.00,N
900935,2024-04-15,700492,5,4200.00,50,975.00,No
900936,2024-04-22,700492,2,4200.00,50,975.00,1
900937,2024-08-16,700493,1,3500.00,30,2300.00,1
900938,2024-09-09,700494,4,3500.00,20,1375.00,N
900939,2024-09-16,700494,2,3500.00,20,1375.00,1
900940,2025-08-06,700495,5,4200.00,40,1100.00,0
900941,2025-08-13,700495,1,4200.00,40,1100.00,Yes
900942,2023-12-13,700496,4,4200.00,,2100.00,0
900943,2023-12-20,700496,2,4200.00,,2100.00,1
900944,2024-04-22,700498,4,4800.00,30,1125.07,0
900945,2024-03-08,700499,2,7200.00,40,1086.41,No
900946,2024-03-15,700499,2,7200.00,40,1086.41,No
900947,2024-06-13,700500,2,4800.00,,1110.24,
900948,2024-06-20,700500,5,4800.00,,1110.25,0
900949,2024-12-07,700501,4,5400.00,10,2450.00,No
900950,2024-12-14,700501,3,5400.00,10,2450.00,Yes
900951,2024-05-26,700502,1,7200.00,,4654.95,No
900952,2024-01-28,700503,4,6000.00,,2000.00,No
900953,2024-02-04,700503,1,6000.00,,2000.00,No
900954,2024-02-11,700503,2,6000.00,,2000.00,Yes
900955,2025-03-13,700504,3,3500.00,40,858.37,
900956,2025-03-16,700505,3,3500.00,60,1431.89,
900957,2025-03-23,700505,5,3500.00,60,1431.89,N
900958,2024-03-14,700506,2,5400.00,,3474.98,0
900959,2025-08-04,700507,4,6000.00,,3000.00,0
900960,2025-08-11,700507,5,6000.00,,3000.00,Yes
900961,2024-06-06,700508,1,7200.00,20,3225.00,0
900962,2024-06-13,700508,5,7200.00,20,3225.00,Yes
900963,2025-02-13,700509,1,7200.00,,7200.00,Yes
900964,2025-03-05,700511,3,6000.00,,2323.12,0
900965,2025-03-12,700511,3,6000.00,,2323.12,No
900966,2024-04-19,700512,3,4800.00,40,2800.00,1
900967,2025-07-01,700513,1,4200.00,30,750.00,N
900968,2025-07-08,700513,1,4200.00,30,750.00,No
900969,2025-07-15,700513,2,4200.00,30,750.00,0
900970,2025-07-22,700513,4,4200.00,30,750.00,Y
900971,2024-05-16,700514,2,4200.00,,1050.00,No
900972,2024-05-23,700514,4,4200.00,,1050.00,
900973,2024-05-30,700514,4,4200.00,,1050.00,0
900974,2024-06-06,700514,2,4200.00,,1050.00,Yes
900975,2024-08-09,700515,2,4200.00,20,1204.02,N
900976,2024-08-16,700515,5,4200.00,20,1204.02,
900977,2024-12-07,700516,2,7200.00,20,6450.00,1
900978,2025-05-10,700517,2,5400.00,10,1225.00,N
900979,2025-05-17,700517,4,5400.00,10,1225.00,N
900980,2025-05-24,700517,3,5400.00,10,1225.00,No
900981,2025-05-31,700517,1,5400.00,10,1225.00,Y
900982,2025-09-04,700518,1,3500.00,60,1166.67,No
900983,2025-09-11,700518,3,3500.00,60,1166.67,0
900984,2025-09-18,700518,5,3500.00,60,1166.66,1
900985,2024-03-31,700519,5,6000.00,30,4800.00,1
900986,2024-07-04,700520,1,3500.00,30,1114.48,N
900987,2025-06-28,700521,4,7200.00,50,6900.00,1
900988,2024-04-22,700522,4,3500.00,30,1150.00,
900989,2024-04-29,700522,3,3500.00,30,1150.00,Yes
900990,2025-07-06,700524,2,4200.00,20,588.64,N
900991,2025-07-13,700524,4,4200.00,20,588.64,0
900992,2025-07-20,700524,2,4200.00,20,588.64,
900993,2025-07-27,700524,5,4200.00,20,588.65,N
900994,2025-04-26,700525,2,5400.00,30,1664.17,
900995,2025-05-03,700525,4,5400.00,30,1664.18,No
900996,2024-11-08,700526,3,7200.00,,2400.00,N
900997,2024-11-15,700526,4,7200.00,,2400.00,
900998,2024-11-22,700526,4,7200.00,,2400.00,1
900999,2025-09-09,700527,2,5400.00,60,1350.00,
901000,2025-09-16,700527,5,5400.00,60,1350.00,
901001,2025-09-23,700527,3,5400.00,60,1350.00,0
901002,2025-09-30,700527,5,5400.00,60,1350.00,Y
901003,2024-05-30,700528,4,3500.00,,3500.00,1
901004,2024-01-19,700529,4,6000.00,50,2850.00,No
901005,2024-01-26,700529,5,6000.00,50,2850.00,Yes
901006,2025-02-16,700530,2,3500.00,60,559.13,N
901007,2025-02-23,700530,5,3500.00,60,559.13,0
901008,2025-03-02,700530,3,3500.00,60,559.13,No
901009,2025-03-09,700530,4,3500.00,60,559.15,N
901010,2025-02-28,700531,4,4800.00,60,4800.00,Y
901011,2024-11-22,700532,2,5400.00,,1800.00,N
901012,2024-11-29,700532,3,5400.00,,1800.00,
901013,2024-12-06,700532,2,5400.00,,1800.00,Yes
901014,2025-01-02,700533,1,4200.00,,1400.00,No
901015,2025-01-09,700533,1,4200.00,,1400.00,N
901016,2025-01-16,700533,4,4200.00,,1400.00,Yes
901017,2024-03-12,700534,4,6000.00,30,4800.00,1
901018,2025-04-27,700535,3,5400.00,20,1600.36,No
901019,2025-01-23,700536,3,4800.00,50,645.48,N
901020,2025-01-30,700536,1,4800.00,50,645.47,No
901021,2025-04-16,700537,3,4200.00,30,249.08,
901022,2025-04-23,700537,5,4200.00,30,249.08,N
901023,2025-04-30,700537,5,4200.00,30,249.08,No
901024,2025-05-07,700537,1,4200.00,30,249.08,0
901025,2025-04-03,700538,1,4800.00,,4800.00,Y
901026,2024-06-22,700539,4,4800.00,,1200.00,No
901027,2024-06-29,700539,2,4800.00,,1200.00,
901028,2024-07-06,700539,5,4800.00,,1200.00,
901029,2024-07-13,700539,1,4800.00,,1200.00,1
901030,2024-11-29,700540,2,5400.00,30,3264.78,No
901031,2024-10-16,700541,5,4200.00,,1400.00,
901032,2024-10-23,700541,5,4200.00,,1400.00,0
901033,2024-10-30,700541,4,4200.00,,1400.00,Yes
901034,2024-05-26,700542,5,4800.00,,1200.00,No
901035,2024-06-02,700542,4,4800.00,,1200.00,0
901036,2024-06-09,700542,1,4800.00,,1200.00,0
901037,2024-06-16,700542,1,4800.00,,1200.00,Yes
901038,2024-03-29,700543,1,4800.00,50,2250.00,0
901039,2024-04-05,700543,3,4800.00,50,2250.00,Y
901040,2024-04-23,700544,4,5400.00,,5400.00,Y
901041,2024-07-12,700545,1,7200.00,,2902.99,0
901042,2025-05-09,700546,3,3500.00,60,1750.00,N
901043,2025-05-16,700546,1,3500.00,60,1750.00,1
901044,2025-02-09,700547,4,4200.00,,1050.00,N
901045,2025-02-16,700547,4,4200.00,,1050.00,
901046,2025-02-23,700547,4,4200.00,,1050.00,No
901047,2025-03-02,700547,4,4200.00,,1050.00,Yes
901048,2025-08-16,700548,1,6000.00,60,3000.00,No
901049,2025-08-23,700548,2,6000.00,60,3000.00,Yes
901050,2024-08-03,700549,3,6000.00,,2143.78,0
901051,2024-08-10,700549,4,6000.00,,2143.77,N
901052,2024-10-23,700550,1,7200.00,,3600.00,
901053,2024-10-30,700550,5,7200.00,,3600.00,Y
901054,2024-09-29,700551,4,7200.00,60,2475.70,No
901055,2024-10-06,700551,2,7200.00,60,2475.69,No
901056,2024-06-29,700552,5,3500.00,,681.07,No
901057,2024-07-06,700552,5,3500.00,,681.07,
901058,2024-07-13,700552,1,3500.00,,681.07,0
901059,2024-07-20,700552,3,3500.00,,681.05,
901060,2024-02-25,700553,3,6000.00,,1500.00,No
901061,2024-03-03,700553,1,6000.00,,1500.00,0
901062,2024-03-10,700553,2,6000.00,,1500.00,N
901063,2024-03-17,700553,4,6000.00,,1500.00,1
901064,2024-03-13,700554,1,4200.00,20,1082.12,
901065,2024-03-20,700554,2,4200.00,20,1082.12,0
901066,2025-03-07,700555,4,4800.00,50,1500.00,
901067,2025-03-14,700555,5,4800.00,50,1500.00,No
901068,2025-03-21,700555,2,4800.00,50,1500.00,Y
901069,2025-03-12,700556,4,4200.00,,1804.94,0
901070,2025-03-19,700556,4,4200.00,,1804.95,No
901071,2024-03-31,700557,4,7200.00,30,3000.00,N
901072,2024-04-07,700557,4,7200.00,30,3000.00,Y
901073,2024-02-13,700558,3,3500.00,,875.00,N
901074,2024-02-20,700558,2,3500.00,,875.00,No
901075,2024-02-27,700558,2,3500.00,,875.00,
901076,2024-03-05,700558,1,3500.00,,875.00,Yes
901077,2025-05-31,700559,5,6000.00,,6000.00,Y
901078,2025-09-25,700560,4,4800.00,,2643.24,0
901079,2024-01-17,700561,5,5400.00,60,1043.29,0
901080,2024-01-24,700561,3,5400.00,60,1043.29,0
901081,2024-01-31,700561,2,5400.00,60,1043.29,No
901082,2023-12-21,700562,3,6000.00,,1248.87,
901083,2023-12-28,700562,4,6000.00,,1248.87,No
901084,2024-01-04,700562,1,6000.00,,1248.87,0
901085,2025-05-23,700563,2,3500.00,,1750.00,
901086,2025-05-30,700563,4,3500.00,,1750.00,1
901087,2024-12-08,700564,2,4800.00,40,933.33,No
901088,2024-12-15,700564,4,4800.00,40,933.33,0
901089,2024-12-22,700564,4,4800.00,40,933.34,Y
901090,2024-01-06,700565,2,3500.00,40,1500.00,Yes
901091,2024-11-15,700566,2,4800.00,50,1125.00,
901092,2024-11-22,700566,5,4800.00,50,1125.00,N
901093,2024-11-29,700566,3,4800.00,50,1125.00,0
901094,2024-12-06,700566,2,4800.00,50,1125.00,Y
901095,2024-04-19,700567,2,4800.00,60,2400.00,No
901096,2024-04-26,700567,5,4800.00,60,2400.00,Y
901097,2024-08-03,700568,4,6000.00,,3000.00,N
901098,2024-08-10,700568,5,6000.00,,3000.00,1
901099,2024-08-24,700569,3,5400.00,,5400.00,Y
901100,2024-09-11,700570,4,3500.00,50,800.00,
901101,2024-09-18,700570,1,3500.00,50,800.00,N
901102,2024-09-25,700570,1,3500.00,50,800.00,N
901103,2024-10-02,700570,1,3500.00,50,800.00,Yes
901104,2025-04-26,700571,2,7200.00,20,2894.13,N
901105,2025-05-03,700571,4,7200.00,20,2894.13,No
901106,2025-05-29,700572,4,3500.00,,1367.22,
901107,2025-06-05,700572,5,3500.00,,1367.22,No
901108,2024-10-27,700573,4,3500.00,,1750.00,N
901109,2024-11-03,700573,5,3500.00,,1750.00,Yes
901110,2025-05-24,700574,2,5400.00,40,792.64,No
901111,2025-05-31,700574,4,5400.00,40,792.64,N
901112,2025-06-07,700574,5,5400.00,40,792.64,N
901113,2024-07-21,700575,5,7200.00,10,2233.33,
901114,2024-07-28,700575,3,7200.00,10,2233.33,0
901115,2024-08-04,700575,4,7200.00,10,2233.34,Y
901116,2024-10-29,700576,3,3500.00,20,244.79,N
901117,2024-11-05,700576,2,3500.00,20,244.79,N
901118,2024-11-12,700576,4,3500.00,20,244.80,0
901119,2024-10-13,700577,3,3500.00,,712.07,0
901120,2024-10-20,700577,1,3500.00,,712.07,No
901121,2024-10-27,700577,3,3500.00,,712.07,0
901122,2024-11-03,700577,1,3500.00,,712.05,N
901123,2023-12-10,700578,3,4200.00,50,975.00,
901124,2023-12-17,700578,5,4200.00,50,975.00,No
901125,2023-12-24,700578,2,4200.00,50,975.00,0
901126,2023-12-31,700578,3,4200.00,50,975.00,Y
901127,2025-04-21,700579,1,6000.00,10,1833.33,
901128,2025-04-28,700579,1,6000.00,10,1833.33,No
901129,2025-05-05,700579,5,6000.00,10,1833.34,1
901130,2025-01-03,700580,3,5400.00,,770.40,N
901131,2025-01-10,700580,3,5400.00,,770.40,N
901132,2025-01-17,700580,2,5400.00,,770.40,
901133,2025-01-24,700580,2,5400.00,,770.42,
901134,2025-04-21,700581,4,4800.00,,4800.00,1
901135,2024-04-20,700582,4,5400.00,10,1067.88,No
901136,2023-12-09,700583,2,4200.00,,2100.00,N
901137,2023-12-16,700583,3,4200.00,,2100.00,Y
901138,2025-04-11,700584,5,4200.00,30,1000.00,
901139,2025-04-18,700584,1,4200.00,30,1000.00,
901140,2025-04-25,700584,2,4200.00,30,1000.00,1
901141,2024-10-14,700585,3,4800.00,30,2504.88,
901142,2024-09-25,700586,5,4200.00,10,3700.00,1
901143,2025-06-24,700587,3,5400.00,,2700.00,
901144,2025-07-01,700587,5,5400.00,,2700.00,1
901145,2024-12-06,700588,2,5400.00,,5400.00,1
901146,2024-03-11,700589,5,7200.00,50,1446.20,0
901147,2024-03-18,700589,4,7200.00,50,1446.20,No
901148,2024-03-25,700589,1,7200.00,50,1446.20,No
901149,2024-05-16,700590,3,4800.00,,1779.52,
901150,2024-05-15,700591,1,4800.00,50,554.39,0
901151,2024-05-22,700591,4,4800.00,50,554.39,0
901152,2024-05-29,700591,1,4800.00,50,554.39,N
901153,2024-06-05,700591,4,4800.00,50,554.39,
901154,2024-03-18,700592,5,7200.00,60,3176.01,No
901155,2024-02-02,700593,2,6000.00,50,5700.00,1
901156,2025-03-13,700594,5,4200.00,,1050.00,0
901157,2025-03-20,700594,2,4200.00,,1050.00,0
901158,2025-03-27,700594,2,4200.00,,1050.00,0
901159,2025-04-03,700594,2,4200.00,,1050.00,Y
901160,2024-02-12,700595,5,4200.00,60,412.09,
901161,2024-02-19,700595,5,4200.00,60,412.09,N
901162,2024-02-26,700595,1,4200.00,60,412.09,N
901163,2025-02-03,700596,1,7200.00,40,310.84,0
901164,2025-02-10,700596,3,7200.00,40,310.84,
901165,2025-02-17,700596,4,7200.00,40,310.84,N
901166,2025-02-24,700596,3,7200.00,40,310.84,0
901167,2024-03-23,700597,3,4800.00,50,1154.76,No
901168,2024-03-30,700597,2,4800.00,50,1154.76,0
901169,2023-12-31,700598,1,3500.00,60,1516.12,0
901170,2024-12-19,700599,5,7200.00,30,1803.15,No
901171,2023-11-28,700600,1,4800.00,,3130.56,N
901172,2025-08-28,700601,4,4200.00,50,3403.30,0
901173,2025-01-25,700602,4,5400.00,,1800.00,0
901174,2025-02-01,700602,5,5400.00,,1800.00,N
901175,2025-02-08,700602,2,5400.00,,1800.00,1
901176,2024-02-27,700603,1,5400.00,,1620.50,N
901177,2024-03-05,700603,3,5400.00,,1620.50,
901178,2024-02-03,700604,2,4200.00,10,1233.33,
901179,2024-02-10,700604,5,4200.00,10,1233.33,N
901180,2024-02-17,700604,3,4200.00,10,1233.34,Y
901181,2024-05-11,700605,3,6000.00,,6000.00,Y
901182,2024-04-15,700606,3,6000.00,50,2850.00,N
901183,2024-04-22,700606,3,6000.00,50,2850.00,Yes
901184,2024-12-08,700607,1,7200.00,,3600.00,0
901185,2024-12-15,700607,5,7200.00,,3600.00,1
901186,2025-02-23,700608,4,6000.00,,1500.00,
901187,2025-03-02,700608,5,6000.00,,1500.00,No
901188,2025-03-09,700608,2,6000.00,,1500.00,No
901189,2025-03-16,700608,1,6000.00,,1500.00,Y
901190,2025-04-21,700609,1,4200.00,30,359.72,N
901191,2025-04-28,700609,3,4200.00,30,359.72,No
901192,2025-05-05,700609,4,4200.00,30,359.71,0
901193,2025-05-05,700611,2,6000.00,30,4800.00,Yes
901194,2024-12-07,700612,5,4200.00,20,3450.00,Yes
901195,2024-02-03,700613,4,3500.00,40,750.00,
901196,2024-02-10,700613,5,3500.00,40,750.00,Y
901197,2025-07-18,700614,1,5400.00,,1950.29,N
901198,2025-07-25,700614,5,5400.00,,1950.29,N
901199,2024-02-24,700616,2,6000.00,30,4800.00,Yes
901200,2025-07-04,700617,4,4200.00,,4200.00,1
901201,2024-10-27,700618,4,7200.00,,1881.50,No
901202,2024-11-03,700618,5,7200.00,,1881.50,N
901203,2025-07-30,700619,5,7200.00,30,6000.00,1
901204,2023-12-30,700620,2,7200.00,50,1725.00,No
901205,2024-01-06,700620,4,7200.00,50,1725.00,
901206,2024-01-13,700620,5,7200.00,50,1725.00,0
901207,2024-01-20,700620,2,7200.00,50,1725.00,Yes
901208,2024-03-30,700621,4,6000.00,20,708.51,No
901209,2024-04-06,700621,2,6000.00,20,708.51,N
901210,2024-04-13,700621,4,6000.00,20,708.51,0
901211,2024-04-20,700621,4,6000.00,20,708.50,No
901212,2024-06-13,700622,4,4800.00,30,1800.00,
901213,2024-06-20,700622,4,4800.00,30,1800.00,Yes
901214,2024-12-29,700623,2,6000.00,,1357.50,0
901215,2025-01-05,700623,5,6000.00,,1357.50,
901216,2025-01-12,700623,5,6000.00,,1357.49,No
901217,2024-08-10,700624,4,6000.00,50,1425.00,
901218,2024-08-17,700624,4,6000.00,50,1425.00,N
901219,2024-08-24,700624,2,6000.00,50,1425.00,N
901220,2024-08-31,700624,5,6000.00,50,1425.00,1
901221,2025-07-28,700625,3,3500.00,50,800.00,
901222,2025-08-04,700625,1,3500.00,50,800.00,No
901223,2025-08-11,700625,5,3500.00,50,800.00,N
901224,2025-08-18,700625,2,3500.00,50,800.00,Y
901225,2024-11-18,700626,2,4800.00,,4800.00,Yes
901226,2025-09-11,700627,5,4800.00,60,4800.00,Y
901227,2025-06-15,700628,2,3500.00,40,375.00,No
901228,2025-06-22,700628,4,3500.00,40,375.00,0
901229,2025-06-29,700628,4,3500.00,40,375.00,
901230,2025-07-06,700628,5,3500.00,40,375.00,Y
901231,2025-04-23,700629,2,3500.00,50,800.00,0
901232,2025-04-30,700629,2,3500.00,50,800.00,
901233,2025-05-07,700629,1,3500.00,50,800.00,N
901234,2025-05-14,700629,5,3500.00,50,800.00,1
901235,2025-09-08,700630,1,4800.00,20,1438.43,No
901236,2025-09-15,700630,2,4800.00,20,1438.43,
901237,2024-05-16,700631,2,3500.00,30,645.29,N
901238,2024-04-27,700632,2,3500.00,,1166.67,N
901239,2024-05-04,700632,3,3500.00,,1166.67,No
901240,2024-05-11,700632,5,3500.00,,1166.66,Yes
901241,2024-07-11,700633,1,4800.00,20,2025.00,N
901242,2024-07-18,700633,5,4800.00,20,2025.00,1
901243,2025-01-17,700634,3,5400.00,,1350.00,No
901244,2025-01-24,700634,4,5400.00,,1350.00,N
901245,2025-01-31,700634,4,5400.00,,1350.00,
901246,2025-02-07,700634,3,5400.00,,1350.00,1
901247,2024-05-11,700635,5,7200.00,,3600.00,
901248,2024-05-18,700635,5,7200.00,,3600.00,Y
901249,2024-07-11,700637,3,4800.00,,4800.00,Yes
901250,2024-08-06,700638,1,6000.00,20,5250.00,1
901251,2023-11-27,700639,1,5400.00,50,1199.05,0
901252,2024-07-12,700641,5,6000.00,,6000.00,Y
901253,2024-05-11,700642,3,5400.00,40,1762.97,No
901254,2024-07-18,700643,1,4800.00,,2400.00,
901255,2024-07-25,700643,4,4800.00,,2400.00,1
901256,2025-07-13,700644,3,5400.00,,766.44,No
901257,2025-07-20,700644,2,5400.00,,766.44,No
901258,2025-07-27,700644,5,5400.00,,766.45,
901259,2024-12-23,700645,1,4800.00,10,889.46,
901260,2024-12-30,700645,4,4800.00,10,889.46,0
901261,2025-01-06,700645,1,4800.00,10,889.47,
901262,2024-01-19,700647,5,7200.00,,1800.00,0
901263,2024-01-26,700647,1,7200.00,,1800.00,N
901264,2024-02-02,700647,2,7200.00,,1800.00,No
901265,2024-02-09,700647,4,7200.00,,1800.00,Y
901266,2024-10-15,700648,4,3500.00,,3500.00,1
901267,2024-11-25,700650,2,5400.00,60,4201.76,N
901268,2024-02-16,700651,2,4800.00,60,2400.00,No
901269,2024-02-23,700651,5,4800.00,60,2400.00,Y
901270,2024-04-23,700652,3,4200.00,,3304.66,0
901271,2025-06-28,700653,4,4800.00,20,4050.00,Y
901272,2023-12-20,700654,1,3500.00,,1500.85,No
901273,2025-05-31,700656,2,5400.00,,2700.00,No
901274,2025-06-07,700656,5,5400.00,,2700.00,Y
901275,2025-07-09,700657,3,4800.00,,4800.00,Y
901276,2024-04-01,700658,2,3500.00,30,1300.19,No
901277,2024-10-02,700659,4,5400.00,50,1275.00,0
901278,2024-10-09,700659,1,5400.00,50,1275.00,N
901279,2024-10-16,700659,2,5400.00,50,1275.00,0
901280,2024-10-23,700659,3,5400.00,50,1275.00,1
901281,2024-08-25,700660,3,7200.00,,1800.00,0
901282,2024-09-01,700660,1,7200.00,,1800.00,N
901283,2024-09-08,700660,5,7200.00,,1800.00,No
901284,2024-09-15,700660,3,7200.00,,1800.00,Y
901285,2024-03-01,700661,5,4800.00,30,599.57,No
901286,2024-03-08,700661,5,4800.00,30,599.57,No
901287,2024-03-15,700661,4,4800.00,30,599.57,0
901288,2024-01-29,700662,3,7200.00,30,3000.00,0
901289,2024-02-05,700662,4,7200.00,30,3000.00,Y
901290,2024-10-26,700663,5,4200.00,,1050.00,No
901291,2024-11-02,700663,1,4200.00,,1050.00,No
901292,2024-11-09,700663,2,4200.00,,1050.00,N
901293,2024-11-16,700663,3,4200.00,,1050.00,Y
901294,2025-07-07,700664,2,5400.00,,5400.00,1
901295,2025-05-05,700665,3,6000.00,,6000.00,Yes
901296,2024-02-08,700666,3,5400.00,,5400.00,Y
901297,2024-06-01,700667,3,5400.00,,661.07,N
901298,2024-06-08,700667,4,5400.00,,661.07,N
901299,2024-06-15,700667,4,5400.00,,661.07,0
901300,2024-06-22,700667,2,5400.00,,661.08,
901301,2024-08-18,700668,1,6000.00,,1026.07,N
901302,2024-08-25,700668,2,6000.00,,1026.07,No
901303,2024-01-20,700669,3,4800.00,,2117.20,
901304,2025-07-12,700670,2,4800.00,50,748.25,0
901305,2025-07-19,700670,4,4800.00,50,748.25,0
901306,2025-07-26,700670,1,4800.00,50,748.25,0
901307,2025-08-02,700670,3,4800.00,50,748.25,
901308,2024-03-27,700671,4,7200.00,50,3450.00,0
901309,2024-04-03,700671,5,7200.00,50,3450.00,Yes
901310,2024-07-18,700672,5,5400.00,60,5400.00,1
901311,2024-04-23,700673,3,5400.00,50,966.32,N
901312,2024-04-30,700673,3,5400.00,50,966.31,N
901313,2025-04-06,700674,4,5400.00,10,1600.36,
901314,2025-04-13,700674,2,5400.00,10,1600.36,N
901315,2024-08-11,700675,2,4800.00,,4800.00,1
901316,2024-09-03,700676,1,5400.00,50,367.84,0
901317,2024-09-10,700676,4,5400.00,50,367.84,N
901318,2024-09-17,700676,4,5400.00,50,367.84,N
901319,2024-09-24,700676,4,5400.00,50,367.85,No
901320,2024-09-29,700677,4,3500.00,50,868.32,No
901321,2024-10-06,700677,5,3500.00,50,868.32,N
901322,2024-10-13,700677,1,3500.00,50,868.31,0
901323,2024-01-23,700678,2,4800.00,,4800.00,Yes
901324,2024-09-22,700679,4,6000.00,60,3908.02,0
901325,2024-04-10,700680,5,3500.00,30,2300.00,Yes
901326,2025-04-30,700681,3,4800.00,,1200.00,
901327,2025-05-07,700681,5,4800.00,,1200.00,No
901328,2025-05-14,700681,3,4800.00,,1200.00,0
901329,2025-05-21,700681,3,4800.00,,1200.00,Y
901330,2025-04-08,700682,4,4200.00,50,975.00,No
901331,2025-04-15,700682,5,4200.00,50,975.00,
901332,2025-04-22,700682,3,4200.00,50,975.00,No
901333,2025-04-29,700682,1,4200.00,50,975.00,Y
901334,2024-04-20,700683,3,3500.00,,3500.00,Y
901335,2024-09-18,700684,1,5400.00,50,2550.00,0
901336,2024-09-25,700684,1,5400.00,50,2550.00,Yes
901337,2024-07-30,700685,5,4200.00,,416.57,0
901338,2024-08-06,700685,2,4200.00,,416.57,N
901339,2024-08-13,700685,1,4200.00,,416.56,N
901340,2025-09-09,700686,1,5400.00,,1800.00,No
901341,2025-09-16,700686,3,5400.00,,1800.00,No
901342,2025-09-23,700686,4,5400.00,,1800.00,Yes
901343,2024-07-30,700688,3,4200.00,,457.71,0
901344,2024-08-06,700688,4,4200.00,,457.71,No
901345,2024-08-13,700688,2,4200.00,,457.71,N
901346,2024-05-31,700689,2,5400.00,60,5400.00,1
901347,2024-10-23,700690,3,4200.00,20,3450.00,1
901348,2024-09-03,700691,1,3500.00,30,1150.00,0
901349,2024-09-10,700691,1,3500.00,30,1150.00,1
901350,2025-09-19,700692,1,4800.00,10,2150.00,
901351,2025-09-26,700692,1,4800.00,10,2150.00,Y
901352,2025-01-18,700693,3,5400.00,,1350.00,
901353,2025-01-25,700693,1,5400.00,,1350.00,No
901354,2025-02-01,700693,2,5400.00,,1350.00,No
901355,2025-02-08,700693,4,5400.00,,1350.00,Y
901356,2024-06-17,700694,5,3500.00,,640.26,0
901357,2024-06-24,700694,2,3500.00,,640.26,
901358,2024-07-01,700694,4,3500.00,,640.25,N
901359,2024-05-11,700695,5,4200.00,,4200.00,Y
901360,2024-10-20,700696,2,4800.00,30,3600.00,1
901361,2024-08-12,700697,2,5400.00,,5400.00,1
901362,2024-12-19,700698,3,6000.00,,342.31,No
901363,2024-12-26,700698,4,6000.00,,342.31,N
901364,2025-01-02,700698,3,6000.00,,342.31,No
901365,2025-01-09,700698,2,6000.00,,342.30,No
901366,2023-12-20,700699,2,3500.00,10,750.00,
901367,2023-12-27,700699,1,3500.00,10,750.00,
901368,2024-01-03,700699,5,3500.00,10,750.00,
901369,2024-01-10,700699,3,3500.00,10,750.00,1
901370,2024-09-30,700700,5,3500.00,,730.76,0
901371,2024-10-07,700700,2,3500.00,,730.76,N
901372,2024-10-14,700700,1,3500.00,,730.76,N
901373,2024-10-21,700700,5,3500.00,,730.76,0
901374,2024-01-16,700701,5,4800.00,10,1400.74,No
901375,2024-01-23,700701,3,4800.00,10,1400.74,
901376,2024-10-01,700702,4,6000.00,40,726.66,0
901377,2024-10-08,700702,4,6000.00,40,726.66,0
901378,2024-10-15,700702,4,6000.00,40,726.67,No
901379,2025-02-28,700703,5,7200.00,,2400.00,0
901380,2025-03-07,700703,3,7200.00,,2400.00,N
901381,2025-03-14,700703,5,7200.00,,2400.00,Y
901382,2025-07-05,700704,5,3500.00,20,1375.00,
901383,2025-07-12,700704,1,3500.00,20,1375.00,Yes
901384,2024-02-04,700705,2,3500.00,20,1375.00,
901385,2024-02-11,700705,2,3500.00,20,1375.00,Y
901386,2024-06-22,700706,4,7200.00,,865.14,0
901387,2024-06-29,700706,2,7200.00,,865.15,N
901388,2023-12-18,700707,4,5400.00,50,5100.00,1
901389,2025-01-24,700708,5,6000.00,,6000.00,Y
901390,2024-07-16,700709,5,4200.00,50,975.00,
901391,2024-07-23,700709,5,4200.00,50,975.00,No
901392,2024-07-30,700709,4,4200.00,50,975.00,N
901393,2024-08-06,700709,1,4200.00,50,975.00,Yes
901394,2024-12-02,700710,5,6000.00,50,1349.34,
901395,2024-12-09,700710,1,6000.00,50,1349.34,No
901396,2024-12-16,700710,3,6000.00,50,1349.34,
901397,2024-08-09,700711,1,4200.00,20,995.98,N
901398,2024-08-16,700711,4,4200.00,20,995.98,N
901399,2024-08-23,700711,4,4200.00,20,995.98,N
901400,2025-04-01,700712,2,4800.00,10,1433.33,
901401,2025-04-08,700712,3,4800.00,10,1433.33,0
901402,2025-04-15,700712,2,4800.00,10,1433.34,1
901403,2024-11-12,700715,2,3500.00,,875.00,0
901404,2024-11-19,700715,5,3500.00,,875.00,
901405,2024-11-26,700715,5,3500.00,,875.00,No
901406,2024-12-03,700715,1,3500.00,,875.00,1
901407,2024-09-27,700716,3,7200.00,,2027.18,N
901408,2024-10-04,700716,5,7200.00,,2027.19,No
901409,2024-11-04,700717,3,6000.00,,6000.00,Y
901410,2024-11-07,700718,1,5400.00,,1800.00,N
901411,2024-11-14,700718,3,5400.00,,1800.00,0
901412,2024-11-21,700718,5,5400.00,,1800.00,Yes
901413,2025-07-10,700720,5,4800.00,60,2400.00,
901414,2025-07-17,700720,4,4800.00,60,2400.00,Yes
901415,2024-04-30,700721,3,4800.00,,353.68,No
901416,2024-05-07,700721,2,4800.00,,353.68,N
901417,2024-05-14,700721,4,4800.00,,353.68,
901418,2024-05-21,700721,4,4800.00,,353.69,N
901419,2024-02-03,700722,2,7200.00,,7200.00,Yes
901420,2025-06-12,700723,2,3500.00,,3145.81,N
901421,2025-07-18,700724,2,3500.00,,1568.65,N
901422,2025-05-23,700725,5,7200.00,40,2600.00,N
901423,2025-05-30,700725,3,7200.00,40,2600.00,Y
901424,2024-09-22,700726,3,3500.00,,350.61,
901425,2024-09-29,700726,5,3500.00,,350.61,N
901426,2024-10-06,700726,2,3500.00,,350.61,0
901427,2024-10-13,700726,5,3500.00,,350.61,
901428,2024-09-04,700727,2,7200.00,60,1800.00,No
901429,2024-09-11,700727,2,7200.00,60,1800.00,N
901430,2024-09-18,700727,2,7200.00,60,1800.00,N
901431,2024-09-25,700727,2,7200.00,60,1800.00,Yes
901432,2024-06-24,700728,5,4800.00,10,1075.00,0
901433,2024-07-01,700728,2,4800.00,10,1075.00,0
901434,2024-07-08,700728,2,4800.00,10,1075.00,N
901435,2024-07-15,700728,4,4800.00,10,1075.00,Y
901436,2024-09-20,700729,1,6000.00,30,2400.00,N
901437,2024-09-27,700729,1,6000.00,30,2400.00,1
901438,2024-07-20,700730,3,7200.00,,7200.00,Yes
901439,2024-07-29,700731,2,6000.00,,6000.00,Y
901440,2024-05-05,700732,3,7200.00,,2400.00,N
901441,2024-05-12,700732,2,7200.00,,2400.00,N
901442,2024-05-19,700732,3,7200.00,,2400.00,Y
901443,2024-11-25,700733,2,3500.00,30,213.78,No
901444,2024-12-02,700733,5,3500.00,30,213.78,No
901445,2024-12-09,700733,4,3500.00,30,213.78,No
901446,2023-12-02,700734,2,4800.00,10,910.92,0
901447,2023-12-09,700734,2,4800.00,10,910.92,
901448,2023-12-16,700734,4,4800.00,10,910.91,No
901449,2024-01-02,700735,2,6000.00,10,1595.44,No
901450,2024-01-09,700735,1,6000.00,10,1595.44,No
901451,2024-01-16,700735,5,6000.00,10,1595.43,0
901452,2024-03-14,700736,4,7200.00,10,5922.46,No
901453,2024-05-06,700737,1,3500.00,60,3500.00,Yes
901454,2025-02-10,700738,2,5400.00,60,5400.00,Y
901455,2025-04-16,700740,3,4800.00,,1979.81,No
901456,2025-04-23,700740,5,4800.00,,1979.81,N
901457,2025-03-14,700741,4,3500.00,,875.00,0
901458,2025-03-21,700741,1,3500.00,,875.00,0
901459,2025-03-28,700741,1,3500.00,,875.00,
901460,2025-04-04,700741,2,3500.00,,875.00,Y
901461,2025-01-10,700742,1,4200.00,,4200.00,Y
901462,2025-09-28,700743,5,4200.00,,1050.00,No
901463,2025-10-05,700743,1,4200.00,,1050.00,No
901464,2025-10-12,700743,5,4200.00,,1050.00,0
901465,2025-10-19,700743,1,4200.00,,1050.00,Y
901466,2025-05-05,700744,2,7200.00,,708.55,0
901467,2025-05-12,700744,4,7200.00,,708.55,0
901468,2025-05-19,700744,2,7200.00,,708.55,
901469,2025-05-26,700744,4,7200.00,,708.54,0
901470,2024-12-12,700745,1,4800.00,60,4800.00,1
901471,2025-05-07,700746,5,6000.00,,6000.00,1
901472,2024-03-19,700747,5,4200.00,,1306.86,N
901473,2024-03-26,700747,4,4200.00,,1306.86,
901474,2024-02-14,700748,2,7200.00,,3600.00,N
901475,2024-02-21,700748,1,7200.00,,3600.00,1
901476,2024-08-16,700749,5,5400.00,60,1850.37,
901477,2024-08-23,700749,2,5400.00,60,1850.37,
901478,2024-02-02,700750,2,3500.00,,875.00,N
901479,2024-02-09,700750,5,3500.00,,875.00,N
901480,2024-02-16,700750,4,3500.00,,875.00,
901481,2024-02-23,700750,2,3500.00,,875.00,1
901482,2025-09-10,700751,1,6000.00,20,1187.51,N
901483,2025-09-17,700751,4,6000.00,20,1187.51,
901484,2025-09-24,700751,1,6000.00,20,1187.51,No
901485,2023-12-19,700752,4,3500.00,,2799.74,
901486,2025-07-27,700753,1,3500.00,50,611.31,No
901487,2025-08-03,700753,1,3500.00,50,611.31,N
901488,2025-08-10,700753,2,3500.00,50,611.30,0
901489,2025-03-20,700754,4,3500.00,60,3500.00,Y
901490,2025-01-31,700755,4,4800.00,,2400.00,0
901491,2025-02-07,700755,1,4800.00,,2400.00,Yes
901492,2025-06-01,700756,3,4800.00,40,1182.83,N
901493,2025-06-08,700756,1,4800.00,40,1182.83,
901494,2025-03-18,700757,1,6000.00,30,4800.00,1
901495,2024-09-26,700758,1,4800.00,30,1800.00,No
901496,2024-10-03,700758,1,4800.00,30,1800.00,Y
901497,2025-08-09,700759,3,4800.00,20,1350.00,No
901498,2025-08-16,700759,2,4800.00,20,1350.00,0
901499,2025-08-23,700759,5,4800.00,20,1350.00,Yes
901500,2024-10-26,700761,5,3500.00,20,2750.00,Y
901501,2024-10-23,700762,1,3500.00,,750.39,0
901502,2024-10-30,700762,2,3500.00,,750.39,0
901503,2024-07-04,700763,4,6000.00,30,566.02,
901504,2024-07-11,700763,2,6000.00,30,566.02,N
901505,2024-10-18,700764,2,4800.00,,1600.00,0
901506,2024-10-25,700764,4,4800.00,,1600.00,0
901507,2024-11-01,700764,2,4800.00,,1600.00,Y
901508,2024-04-23,700765,5,4800.00,20,4050.00,Yes
901509,2024-04-15,700766,1,4200.00,,2100.00,
901510,2024-04-22,700766,3,4200.00,,2100.00,Yes
901511,2024-03-16,700767,2,4200.00,10,3700.00,Y
901512,2024-12-10,700768,4,4800.00,,1032.38,
901513,2024-12-17,700768,3,4800.00,,1032.38,No
901514,2024-12-24,700768,5,4800.00,,1032.38,No
901515,2024-12-31,700768,5,4800.00,,1032.38,0
901516,2025-04-12,700769,2,3500.00,,1033.92,N
901517,2025-04-19,700769,3,3500.00,,1033.92,No
901518,2024-02-05,700770,2,6000.00,40,1244.23,
901519,2024-02-12,700770,4,6000.00,40,1244.23,N
901520,2025-06-09,700771,2,4200.00,60,622.64,0
901521,2025-06-16,700771,1,4200.00,60,622.64,0
901522,2024-08-14,700772,5,4200.00,40,1100.00,0
901523,2024-08-21,700772,2,4200.00,40,1100.00,Y
901524,2024-03-15,700773,4,4800.00,10,2150.00,N
901525,2024-03-22,700773,2,4800.00,10,2150.00,Y
901526,2024-09-25,700774,3,5400.00,60,2700.00,0
901527,2024-10-02,700774,1,5400.00,60,2700.00,1
901528,2025-09-04,700775,3,4800.00,,2400.00,N
901529,2025-09-11,700775,4,4800.00,,2400.00,Yes
901530,2024-03-30,700776,5,3500.00,60,875.00,
901531,2024-04-06,700776,3,3500.00,60,875.00,0
901532,2024-04-13,700776,1,3500.00,60,875.00,No
901533,2024-04-20,700776,3,3500.00,60,875.00,Yes
901534,2025-04-13,700777,4,3500.00,,2472.53,0
901535,2025-08-02,700778,2,7200.00,,2400.00,No
901536,2025-08-09,700778,1,7200.00,,2400.00,
901537,2025-08-16,700778,5,7200.00,,2400.00,Y
901538,2024-01-07,700779,2,4800.00,60,2400.00,
901539,2024-01-14,700779,1,4800.00,60,2400.00,Yes
901540,2024-01-01,700781,5,4200.00,10,925.00,
901541,2024-01-08,700781,1,4200.00,10,925.00,0
901542,2024-01-15,700781,3,4200.00,10,925.00,No
901543,2024-01-22,700781,2,4200.00,10,925.00,1
901544,2024-03-10,700783,4,7200.00,10,1675.00,N
901545,2024-03-17,700783,4,7200.00,10,1675.00,
901546,2024-03-24,700783,5,7200.00,10,1675.00,0
901547,2024-03-31,700783,1,7200.00,10,1675.00,Y
901548,2024-07-15,700784,5,4200.00,40,237.90,N
901549,2024-07-22,700784,1,4200.00,40,237.89,N
901550,2024-01-26,700785,3,4200.00,,1400.00,No
901551,2024-02-02,700785,5,4200.00,,1400.00,0
901552,2024-02-09,700785,1,4200.00,,1400.00,1
901553,2024-03-24,700786,2,5400.00,50,3035.38,0
901554,2025-03-31,700787,2,7200.00,,2400.00,No
901555,2025-04-07,700787,1,7200.00,,2400.00,0
901556,2025-04-14,700787,3,7200.00,,2400.00,Y
901557,2024-03-29,700788,4,3500.00,,501.23,
901558,2024-04-05,700788,4,3500.00,,501.23,No
901559,2024-04-12,700788,3,3500.00,,501.23,N
901560,2024-04-19,700788,1,3500.00,,501.21,
901561,2024-06-25,700789,2,3500.00,,587.12,
901562,2024-07-02,700789,1,3500.00,,587.12,N
901563,2024-07-09,700789,4,3500.00,,587.11,N
901564,2024-01-15,700790,3,6000.00,,2570.34,0
901565,2024-01-22,700790,1,6000.00,,2570.34,0
901566,2024-02-05,700791,5,4800.00,30,1800.00,No
901567,2024-02-12,700791,2,4800.00,30,1800.00,Yes
901568,2024-01-17,700792,5,4800.00,30,1200.00,0
901569,2024-01-24,700792,1,4800.00,30,1200.00,N
901570,2024-01-31,700792,4,4800.00,30,1200.00,Y
901571,2024-05-09,700793,3,4200.00,30,1500.00,N
901572,2024-05-16,700793,2,4200.00,30,1500.00,1
901573,2024-09-06,700794,4,5400.00,,3016.42,
901574,2025-01-01,700795,2,4800.00,20,4050.00,Y
901575,2025-04-13,700797,4,5400.00,60,1800.00,No
901576,2025-04-20,700797,2,5400.00,60,1800.00,
901577,2025-04-27,700797,1,5400.00,60,1800.00,1
901578,2025-07-20,700798,3,7200.00,20,1612.50,N
901579,2025-07-27,700798,2,7200.00,20,1612.50,0
901580,2025-08-03,700798,2,7200.00,20,1612.50,0
901581,2025-08-10,700798,5,7200.00,20,1612.50,Y
901582,2023-12-19,700799,3,4200.00,,1090.15,0
901583,2023-12-26,700799,1,4200.00,,1090.15,No
901584,2025-07-06,700800,2,4200.00,,2100.00,
901585,2025-07-13,700800,2,4200.00,,2100.00,Yes
901586,2025-04-10,700801,4,3500.00,,1214.51,No
901587,2025-04-19,700802,3,3500.00,,3500.00,Yes
901588,2025-01-21,700803,3,3500.00,,1448.72,0
901589,2025-01-28,700803,4,3500.00,,1448.72,No
901590,2024-08-30,700804,5,6000.00,20,686.77,
901591,2024-09-06,700804,3,6000.00,20,686.77,0
901592,2024-09-13,700804,5,6000.00,20,686.77,N
901593,2024-09-20,700804,3,6000.00,20,686.79,No
901594,2025-06-11,700805,3,7200.00,40,1733.33,N
901595,2025-06-18,700805,5,7200.00,40,1733.33,N
901596,2025-06-25,700805,4,7200.00,40,1733.34,Y
901597,2025-01-05,700806,4,4800.00,10,1433.33,
901598,2025-01-12,700806,4,4800.00,10,1433.33,
901599,2025-01-19,700806,4,4800.00,10,1433.34,Y
901600,2024-05-24,700808,4,4200.00,50,3900.00,Y
901601,2024-10-09,700809,4,4800.00,50,1125.00,
901602,2024-10-16,700809,1,4800.00,50,1125.00,0
901603,2024-10-23,700809,2,4800.00,50,1125.00,N
901604,2024-10-30,700809,5,4800.00,50,1125.00,1
901605,2025-07-05,700810,1,5400.00,,2700.00,N
901606,2025-07-12,700810,4,5400.00,,2700.00,Y
901607,2024-03-10,700811,4,4800.00,40,308.52,No
901608,2024-03-17,700811,5,4800.00,40,308.53,
901609,2025-06-29,700812,1,4200.00,40,556.70,N
901610,2025-07-06,700812,1,4200.00,40,556.70,
901611,2024-11-07,700813,3,4200.00,,4200.00,Yes
901612,2025-09-10,700814,3,6000.00,30,966.92,N
901613,2025-09-17,700814,4,6000.00,30,966.92,N
901614,2025-09-24,700814,5,6000.00,30,966.92,N
901615,2025-10-01,700814,3,6000.00,30,966.93,
901616,2025-05-06,700815,4,7200.00,60,3600.00,No
901617,2025-05-13,700815,3,7200.00,60,3600.00,Yes
901618,2025-03-23,700816,5,4800.00,30,696.98,N
901619,2025-03-30,700816,5,4800.00,30,696.98,N
901620,2024-10-28,700817,5,4200.00,30,3000.00,1
901621,2023-11-26,700818,3,4800.00,,1600.00,
901622,2023-12-03,700818,3,4800.00,,1600.00,0
901623,2023-12-10,700818,5,4800.00,,1600.00,1
901624,2024-05-23,700819,1,4200.00,,1050.00,0
901625,2024-05-30,700819,4,4200.00,,1050.00,No
901626,2024-06-06,700819,1,4200.00,,1050.00,0
901627,2024-06-13,700819,4,4200.00,,1050.00,Yes
901628,2024-06-22,700820,4,4200.00,,4200.00,1
901629,2024-12-08,700821,4,7200.00,30,1654.62,
901630,2024-03-15,700823,5,4800.00,,2400.00,N
901631,2024-03-22,700823,1,4800.00,,2400.00,1
901632,2025-01-23,700824,4,4800.00,10,2150.00,0
901633,2025-01-30,700824,1,4800.00,10,2150.00,1
901634,2024-06-08,700825,5,3500.00,,3500.00,Y
901635,2025-06-15,700826,3,4200.00,,1824.71,0
901636,2024-01-21,700827,2,4800.00,,4800.00,Y
901637,2024-03-22,700828,1,4800.00,,1200.00,0
901638,2024-03-29,700828,2,4800.00,,1200.00,0
901639,2024-04-05,700828,4,4800.00,,1200.00,No
901640,2024-04-12,700828,1,4800.00,,1200.00,Y
901641,2024-02-24,700829,2,3500.00,50,3200.00,Yes
901642,2024-10-31,700830,5,5400.00,40,1700.00,0
901643,2024-11-07,700830,4,5400.00,40,1700.00,Yes
901644,2024-06-18,700831,3,4800.00,,963.88,0
901645,2024-06-25,700831,4,4800.00,,963.88,0
901646,2024-07-02,700831,2,4800.00,,963.88,
901647,2024-01-06,700832,2,3500.00,60,3500.00,Yes
901648,2024-02-22,700833,2,4800.00,,2400.00,No
901649,2024-02-29,700833,4,4800.00,,2400.00,Y
901650,2024-07-19,700834,3,6000.00,60,4869.06,
901651,2024-02-17,700835,4,3500.00,60,1166.67,No
901652,2024-02-24,700835,3,3500.00,60,1166.67,0
901653,2024-03-02,700835,3,3500.00,60,1166.66,1
901654,2024-03-20,700836,5,3500.00,60,875.00,0
901655,2024-03-27,700836,1,3500.00,60,875.00,0
901656,2024-04-03,700836,2,3500.00,60,875.00,0
901657,2024-04-10,700836,5,3500.00,60,875.00,Y
901658,2024-10-14,700837,1,5400.00,,2700.00,
901659,2024-10-21,700837,5,5400.00,,2700.00,1
901660,2024-02-23,700838,5,4800.00,,4800.00,Y
901661,2024-02-17,700839,4,6000.00,,3000.00,0
901662,2024-02-24,700839,1,6000.00,,3000.00,Y
901663,2024-05-28,700840,5,4200.00,,2100.00,N
901664,2024-06-04,700840,1,4200.00,,2100.00,Y
901665,2024-03-01,700841,5,7200.00,50,2266.53,0
901666,2024-03-08,700841,1,7200.00,50,2266.53,0
901667,2025-08-11,700842,4,4800.00,,829.71,0
901668,2025-08-18,700842,4,4800.00,,829.71,No
901669,2025-08-25,700842,2,4800.00,,829.71,
901670,2025-09-01,700842,5,4800.00,,829.70,0
901671,2024-11-29,700843,1,3500.00,,1750.00,N
901672,2024-12-06,700843,5,3500.00,,1750.00,Y
901673,2025-02-02,700844,2,4800.00,,4800.00,Yes
901674,2025-05-25,700845,2,4800.00,30,1800.00,N
901675,2025-06-01,700845,5,4800.00,30,1800.00,Y
901676,2024-06-06,700846,4,7200.00,60,3600.00,
901677,2024-06-13,700846,1,7200.00,60,3600.00,1
901678,2024-04-22,700847,2,7200.00,,3600.00,No
901679,2024-04-29,700847,3,7200.00,,3600.00,Y
901680,2024-10-22,700848,2,6000.00,10,1616.64,
901681,2024-10-29,700848,5,6000.00,10,1616.64,N
901682,2024-11-05,700848,3,6000.00,10,1616.65,N
901683,2025-04-29,700849,5,5400.00,,1800.00,N
901684,2025-05-06,700849,3,5400.00,,1800.00,0
901685,2025-05-13,700849,1,5400.00,,1800.00,Yes
901686,2025-01-11,700850,2,4200.00,40,301.48,N
901687,2025-01-18,700850,2,4200.00,40,301.47,No
901688,2025-03-25,700851,3,7200.00,,917.59,No
901689,2025-04-01,700851,2,7200.00,,917.59,0
901690,2024-05-07,700852,1,4200.00,,406.58,No
901691,2024-05-14,700852,4,4200.00,,406.58,No
901692,2024-05-21,700852,2,4200.00,,406.58,0
901693,2024-05-28,700852,1,4200.00,,406.58,
901694,2025-05-24,700853,2,4200.00,,430.55,No
901695,2025-05-31,700853,3,4200.00,,430.55,0
901696,2025-06-07,700853,4,4200.00,,430.55,
901697,2024-01-15,700854,1,7200.00,,1069.16,No
901698,2024-01-22,700854,5,7200.00,,1069.16,
901699,2024-01-29,700854,4,7200.00,,1069.16,N
901700,2024-02-05,700854,5,7200.00,,1069.16,No
901701,2025-02-12,700855,1,4200.00,30,1000.00,
901702,2025-02-19,700855,2,4200.00,30,1000.00,N
901703,2025-02-26,700855,4,4200.00,30,1000.00,Yes
901704,2024-09-13,700856,2,4800.00,30,1876.48,0
901705,2025-04-12,700857,2,7200.00,,3600.00,0
901706,2025-04-19,700857,3,7200.00,,3600.00,1
901707,2025-01-15,700858,1,4200.00,40,225.31,
901708,2025-01-22,700858,1,4200.00,40,225.31,N
901709,2025-01-29,700858,2,4200.00,40,225.31,0
901710,2025-02-05,700858,5,4200.00,40,225.32,
901711,2024-08-01,700859,4,6000.00,10,3037.07,0
901712,2025-07-12,700860,4,6000.00,20,1774.72,0
901713,2025-07-19,700860,4,6000.00,20,1774.73,0
901714,2024-09-08,700861,5,7200.00,,959.24,No
901715,2024-09-15,700861,4,7200.00,,959.24,
901716,2024-09-22,700861,3,7200.00,,959.24,0
901717,2024-03-02,700862,4,6000.00,,1955.95,
901718,2024-03-09,700862,2,6000.00,,1955.95,0
901719,2025-06-16,700863,5,7200.00,30,3000.00,0
901720,2025-06-23,700863,3,7200.00,30,3000.00,1
901721,2025-07-03,700864,5,5400.00,,5400.00,Y
901722,2024-05-26,700865,1,4200.00,,4200.00,Y
901723,2025-02-05,700866,3,5400.00,30,4200.00,1
901724,2025-03-06,700867,5,7200.00,30,1060.85,0
901725,2025-03-13,700867,1,7200.00,30,1060.85,N
901726,2025-03-20,700867,3,7200.00,30,1060.85,N
901727,2024-04-24,700868,2,5400.00,60,897.63,N
901728,2024-05-01,700868,3,5400.00,60,897.64,No
901729,2024-03-31,700869,1,4200.00,,4200.00,Yes
901730,2024-01-25,700870,4,3500.00,,659.39,No
901731,2024-02-01,700870,5,3500.00,,659.40,0
901732,2024-02-18,700871,4,6000.00,,4865.81,
901733,2025-05-06,700872,2,7200.00,,3600.00,N
901734,2025-05-13,700872,5,7200.00,,3600.00,Y
901735,2024-09-28,700873,2,6000.00,30,1200.00,No
901736,2024-10-05,700873,5,6000.00,30,1200.00,0
901737,2024-10-12,700873,1,6000.00,30,1200.00,N
901738,2024-10-19,700873,3,6000.00,30,1200.00,Yes
901739,2025-07-24,700875,2,6000.00,,1121.59,0
901740,2025-07-31,700875,3,6000.00,,1121.59,
901741,2025-08-07,700875,2,6000.00,,1121.60,N
901742,2023-12-11,700877,5,5400.00,,2700.00,
901743,2023-12-18,700877,5,5400.00,,2700.00,Yes
901744,2025-05-17,700878,2,6000.00,10,5500.00,1
901745,2024-07-01,700879,5,5400.00,,2700.00,
901746,2024-07-08,700879,3,5400.00,,2700.00,1
901747,2024-05-16,700880,5,7200.00,50,3450.00,No
901748,2024-05-23,700880,1,7200.00,50,3450.00,Yes
901749,2024-05-20,700881,2,6000.00,,3000.00,0
901750,2024-05-27,700881,1,6000.00,,3000.00,Yes
901751,2024-08-03,700882,2,6000.00,50,2850.00,
901752,2024-08-10,700882,2,6000.00,50,2850.00,Yes
901753,2024-07-21,700883,3,6000.00,10,1777.35,No
901754,2024-07-28,700883,1,6000.00,10,1777.34,
901755,2024-10-27,700884,2,4800.00,,1200.00,0
901756,2024-11-03,700884,4,4800.00,,1200.00,0
901757,2024-11-10,700884,4,4800.00,,1200.00,
901758,2024-11-17,700884,1,4800.00,,1200.00,Yes
901759,2024-11-28,700885,2,5400.00,10,4900.00,1
901760,2024-04-29,700886,5,5400.00,,3311.32,No
901761,2024-02-29,700887,3,4200.00,50,1950.00,
901762,2024-03-07,700887,2,4200.00,50,1950.00,Yes
901763,2025-08-02,700888,3,6000.00,,3000.00,0
901764,2025-08-09,700888,4,6000.00,,3000.00,1
901765,2024-09-13,700889,1,7200.00,60,2400.00,N
901766,2024-09-20,700889,4,7200.00,60,2400.00,0
901767,2024-09-27,700889,4,7200.00,60,2400.00,Yes
901768,2024-01-14,700891,1,4200.00,20,1150.00,
901769,2024-01-21,700891,2,4200.00,20,1150.00,N
901770,2024-01-28,700891,5,4200.00,20,1150.00,Y
901771,2024-06-22,700892,3,4800.00,50,4500.00,1
901772,2025-09-20,700893,5,5400.00,50,862.79,
901773,2025-09-27,700893,3,5400.00,50,862.79,0
901774,2025-10-04,700893,2,5400.00,50,862.79,N
901775,2024-09-23,700894,5,3500.00,30,1150.00,N
901776,2024-09-30,700894,4,3500.00,30,1150.00,Y
901777,2024-02-04,700895,2,6000.00,,2000.00,N
901778,2024-02-11,700895,1,6000.00,,2000.00,
901779,2024-02-18,700895,4,6000.00,,2000.00,1
901780,2025-05-21,700896,1,4800.00,10,1489.78,0
901781,2025-05-28,700896,4,4800.00,10,1489.78,0
901782,2025-06-14,700897,1,6000.00,50,5700.00,Y
901783,2024-04-22,700898,1,7200.00,40,2600.00,
901784,2024-04-29,700898,5,7200.00,40,2600.00,1
901785,2025-08-14,700899,5,4200.00,40,550.00,N
901786,2025-08-21,700899,5,4200.00,40,550.00,0
901787,2025-08-28,700899,5,4200.00,40,550.00,0
901788,2025-09-04,700899,1,4200.00,40,550.00,Y
901789,2024-12-02,700900,5,4200.00,20,1150.00,0
901790,2024-12-09,700900,5,4200.00,20,1150.00,
901791,2024-12-16,700900,5,4200.00,20,1150.00,1
901792,2024-01-21,700901,2,3500.00,30,1150.00,No
901793,2024-01-28,700901,3,3500.00,30,1150.00,Y
901794,2023-12-10,700902,4,4200.00,10,1233.33,No
901795,2023-12-17,700902,3,4200.00,10,1233.33,
901796,2023-12-24,700902,2,4200.00,10,1233.34,Y
901797,2023-11-25,700903,3,5400.00,,1350.00,
901798,2023-12-02,700903,2,5400.00,,1350.00,
901799,2023-12-09,700903,5,5400.00,,1350.00,N
901800,2023-12-16,700903,4,5400.00,,1350.00,1
901801,2025-03-02,700904,1,4800.00,,1388.25,No
901802,2025-03-09,700904,2,4800.00,,1388.25,
901803,2025-06-01,700905,4,4200.00,40,272.51,
901804,2025-06-08,700905,2,4200.00,40,272.51,No
901805,2025-06-15,700905,5,4200.00,40,272.50,0
901806,2025-06-05,700906,5,7200.00,30,6000.00,1
901807,2024-11-02,700907,1,4200.00,,638.08,0
901808,2024-11-09,700907,2,4200.00,,638.08,N
901809,2024-11-16,700907,2,4200.00,,638.08,
901810,2024-11-23,700907,5,4200.00,,638.06,N
901811,2025-08-15,700908,4,5400.00,,3589.33,0
901812,2024-10-14,700909,2,6000.00,60,6000.00,Y
901813,2024-03-24,700910,1,4800.00,50,800.83,0
901814,2024-03-31,700910,5,4800.00,50,800.83,N
901815,2024-04-07,700910,3,4800.00,50,800.83,N
901816,2024-04-14,700910,2,4800.00,50,800.81,
901817,2024-04-14,700911,2,3500.00,,3500.00,1
901818,2024-12-06,700912,4,4200.00,,2100.00,No
901819,2024-12-13,700912,1,4200.00,,2100.00,Yes
901820,2023-12-13,700913,1,5400.00,20,4650.00,Y
901821,2024-11-13,700914,2,3500.00,,699.60,N
901822,2024-11-20,700914,3,3500.00,,699.60,N
901823,2024-11-27,700914,2,3500.00,,699.60,
901824,2024-04-23,700915,5,4800.00,60,689.63,
901825,2024-04-30,700915,1,4800.00,60,689.63,No
901826,2024-05-07,700915,2,4800.00,60,689.63,N
901827,2024-02-29,700916,1,4800.00,,1200.00,No
901828,2024-03-07,700916,1,4800.00,,1200.00,
901829,2024-03-14,700916,5,4800.00,,1200.00,No
901830,2024-03-21,700916,4,4800.00,,1200.00,Y
901831,2024-02-27,700917,1,4200.00,10,925.00,
901832,2024-03-05,700917,3,4200.00,10,925.00,
901833,2024-03-12,700917,5,4200.00,10,925.00,No
901834,2024-03-19,700917,5,4200.00,10,925.00,Y
901835,2024-05-19,700918,5,3500.00,40,375.00,No
901836,2024-05-26,700918,2,3500.00,40,375.00,0
901837,2024-06-02,700918,3,3500.00,40,375.00,N
901838,2024-06-09,700918,5,3500.00,40,375.00,Y
901839,2024-02-15,700919,5,4200.00,,794.54,0
901840,2024-02-22,700919,2,4200.00,,794.55,0
901841,2025-09-26,700921,5,6000.00,,2000.00,No
901842,2025-10-03,700921,2,6000.00,,2000.00,No
901843,2025-10-10,700921,1,6000.00,,2000.00,Y
901844,2025-03-20,700922,4,6000.00,60,1500.00,No
901845,2025-03-27,700922,2,6000.00,60,1500.00,
901846,2025-04-03,700922,2,6000.00,60,1500.00,
901847,2025-04-10,700922,5,6000.00,60,1500.00,Y
901848,2025-05-13,700923,1,4200.00,40,1100.00,0
901849,2025-05-20,700923,5,4200.00,40,1100.00,1
901850,2025-05-12,700924,1,7200.00,50,3085.27,0
901851,2025-05-19,700924,1,7200.00,50,3085.27,No
901852,2025-08-03,700925,2,3500.00,,1750.00,N
901853,2025-08-10,700925,3,3500.00,,1750.00,Yes
901854,2024-03-13,700926,3,3500.00,50,3200.00,1
901855,2025-01-27,700927,5,3500.00,,3500.00,Yes
901856,2025-08-21,700928,3,5400.00,40,533.48,No
901857,2025-08-28,700928,1,5400.00,40,533.47,N
901858,2025-06-21,700929,4,5400.00,50,1275.00,No
901859,2025-06-28,700929,3,5400.00,50,1275.00,N
901860,2025-07-05,700929,4,5400.00,50,1275.00,No
901861,2025-07-12,700929,5,5400.00,50,1275.00,1
901862,2025-05-28,700930,5,4800.00,40,1148.36,No
901863,2025-06-04,700930,2,4800.00,40,1148.35,No
901864,2024-06-21,700931,1,7200.00,60,3600.00,No
901865,2024-06-28,700931,1,7200.00,60,3600.00,Y
901866,2024-11-25,700932,3,4200.00,10,1105.13,N
901867,2024-12-02,700932,3,4200.00,10,1105.13,No
901868,2024-08-03,700934,4,7200.00,40,397.91,0
901869,2024-08-10,700934,3,7200.00,40,397.91,0
901870,2024-08-17,700934,2,7200.00,40,397.91,
901871,2024-08-24,700934,1,7200.00,40,397.90,N
901872,2025-02-05,700935,2,4800.00,,2400.00,
901873,2025-02-12,700935,2,4800.00,,2400.00,Y
901874,2023-11-29,700936,3,3500.00,10,750.00,
901875,2023-12-06,700936,1,3500.00,10,750.00,No
901876,2023-12-13,700936,2,3500.00,10,750.00,N
901877,2023-12-20,700936,2,3500.00,10,750.00,1
901878,2025-07-05,700937,4,4800.00,30,1800.00,0
901879,2025-07-12,700937,3,4800.00,30,1800.00,Y
901880,2025-04-29,700938,2,6000.00,,1500.00,
901881,2025-05-06,700938,1,6000.00,,1500.00,No
901882,2025-05-13,700938,1,6000.00,,1500.00,N
901883,2025-05-20,700938,3,6000.00,,1500.00,1
901884,2024-05-12,700939,1,6000.00,,1588.76,
901885,2024-05-19,700939,4,6000.00,,1588.76,0
901886,2023-12-28,700940,4,4800.00,,1200.00,0
901887,2024-01-04,700940,3,4800.00,,1200.00,
901888,2024-01-11,700940,4,4800.00,,1200.00,No
901889,2024-01-18,700940,4,4800.00,,1200.00,Yes
901890,2025-05-20,700941,2,4800.00,,1610.21,N
901891,2024-04-12,700942,4,3500.00,60,1573.37,0
901892,2024-04-19,700942,4,3500.00,60,1573.36,No
901893,2024-07-17,700943,5,5400.00,40,475.54,0
901894,2024-07-24,700943,3,5400.00,40,475.54,
901895,2024-07-31,700943,3,5400.00,40,475.54,No
901896,2025-03-01,700944,2,7200.00,10,6700.00,Yes
901897,2023-12-29,700945,5,5400.00,20,3476.62,No
901898,2024-01-03,700946,1,3500.00,,875.00,0
901899,2024-01-10,700946,4,3500.00,,875.00,0
901900,2024-01-17,700946,2,3500.00,,875.00,No
901901,2024-01-24,700946,5,3500.00,,875.00,Yes
901902,2024-11-23,700947,2,7200.00,60,1296.61,N
901903,2024-11-30,700947,4,7200.00,60,1296.61,N
901904,2024-12-07,700947,4,7200.00,60,1296.61,
901905,2024-12-14,700947,1,7200.00,60,1296.60,N
901906,2024-12-24,700948,1,4800.00,50,1134.03,No
901907,2024-12-31,700948,1,4800.00,50,1134.02,N
901908,2023-12-14,700949,2,4800.00,60,2400.00,No
901909,2023-12-21,700949,1,4800.00,60,2400.00,1
901910,2025-01-28,700950,3,6000.00,40,2000.00,
901911,2025-02-04,700950,2,6000.00,40,2000.00,1
901912,2024-12-16,700951,2,5400.00,,1181.96,No
901913,2024-11-19,700952,2,4200.00,30,3000.00,Yes
901914,2024-04-02,700953,1,3500.00,,1750.00,
901915,2024-04-09,700953,3,3500.00,,1750.00,Yes
901916,2024-07-26,700954,4,4200.00,,1400.00,N
901917,2024-08-02,700954,4,4200.00,,1400.00,No
901918,2024-08-09,700954,5,4200.00,,1400.00,Yes
901919,2024-10-29,700955,1,4200.00,30,640.76,0
901920,2024-01-28,700957,3,6000.00,30,4800.00,Y
901921,2025-03-20,700958,5,3500.00,,3500.00,1
901922,2024-08-02,700959,1,3500.00,,541.32,N
901923,2024-08-09,700959,1,3500.00,,541.32,N
901924,2024-08-16,700959,1,3500.00,,541.32,0
901925,2024-08-23,700959,2,3500.00,,541.31,
901926,2024-09-22,700960,1,4200.00,,1050.00,0
901927,2024-09-29,700960,5,4200.00,,1050.00,No
901928,2024-10-06,700960,4,4200.00,,1050.00,
901929,2024-10-13,700960,2,4200.00,,1050.00,1
901930,2024-12-15,700961,4,4800.00,40,249.55,N
901931,2024-12-22,700961,4,4800.00,40,249.55,0
901932,2024-12-29,700961,1,4800.00,40,249.54,No
901933,2024-03-30,700962,3,7200.00,,7200.00,Y
901934,2025-07-06,700963,4,4800.00,50,2250.00,No
901935,2025-07-13,700963,3,4800.00,50,2250.00,1
901936,2024-06-13,700964,4,5400.00,20,1550.00,N
901937,2024-06-20,700964,5,5400.00,20,1550.00,0
901938,2024-06-27,700964,5,5400.00,20,1550.00,Yes
901939,2024-11-05,700965,3,7200.00,,1310.51,No
901940,2024-11-12,700965,2,7200.00,,1310.51,0
901941,2024-11-19,700965,4,7200.00,,1310.50,
901942,2024-03-31,700966,5,4800.00,,3775.98,N
901943,2025-06-21,700967,1,5400.00,30,1050.00,No
901944,2025-06-28,700967,4,5400.00,30,1050.00,N
901945,2025-07-05,700967,5,5400.00,30,1050.00,0
901946,2025-07-12,700967,4,5400.00,30,1050.00,Y
901947,2025-03-02,700968,2,6000.00,30,634.50,0
901948,2025-03-09,700968,1,6000.00,30,634.49,
901949,2024-08-03,700969,3,4200.00,,4200.00,Yes
901950,2024-10-25,700970,1,3500.00,60,1166.67,0
901951,2024-11-01,700970,1,3500.00,60,1166.67,
901952,2024-11-08,700970,1,3500.00,60,1166.66,Yes
901953,2024-12-17,700971,4,6000.00,,1559.53,No
901954,2024-12-24,700971,2,6000.00,,1559.53,
901955,2025-04-28,700972,2,3500.00,,875.00,No
901956,2025-05-05,700972,1,3500.00,,875.00,N
901957,2025-05-12,700972,4,3500.00,,875.00,No
901958,2025-05-19,700972,5,3500.00,,875.00,Y
901959,2024-01-25,700973,2,3500.00,,875.00,N
901960,2024-02-01,700973,4,3500.00,,875.00,N
901961,2024-02-08,700973,1,3500.00,,875.00,No
901962,2024-02-15,700973,3,3500.00,,875.00,1
901963,2024-01-28,700974,2,7200.00,50,582.94,N
901964,2024-02-04,700974,2,7200.00,50,582.94,No
901965,2024-02-11,700974,5,7200.00,50,582.94,0
901966,2024-02-18,700974,5,7200.00,50,582.93,No
901967,2025-05-08,700975,4,4200.00,,2100.00,No
901968,2025-05-15,700975,5,4200.00,,2100.00,1
901969,2025-05-20,700976,5,4200.00,20,1618.51,0
901970,2024-11-19,700977,2,4200.00,,2100.00,N
901971,2024-11-26,700977,5,4200.00,,2100.00,1
901972,2025-01-16,700978,2,7200.00,40,2600.00,No
901973,2025-01-23,700978,1,7200.00,40,2600.00,Y
901974,2024-01-07,700980,4,4200.00,60,2100.00,
901975,2024-01-14,700980,3,4200.00,60,2100.00,Y
901976,2024-04-01,700981,4,7200.00,60,1003.33,N
901977,2024-04-08,700981,5,7200.00,60,1003.33,No
901978,2024-04-15,700981,5,7200.00,60,1003.33,N
901979,2024-04-22,700981,3,7200.00,60,1003.31,No
901980,2025-02-18,700983,2,3500.00,10,3000.00,1
901981,2024-02-02,700984,1,3500.00,20,449.45,N
901982,2024-02-09,700984,1,3500.00,20,449.45,
901983,2024-02-16,700984,4,3500.00,20,449.45,No
901984,2024-02-23,700984,1,3500.00,20,449.46,
901985,2025-03-07,700985,4,7200.00,40,1806.31,N
901986,2025-03-14,700985,3,7200.00,40,1806.31,0
901987,2024-09-14,700986,2,3500.00,50,1600.00,0
901988,2024-09-21,700986,4,3500.00,50,1600.00,1
901989,2024-04-10,700987,2,4800.00,30,1800.00,0
901990,2024-04-17,700987,3,4800.00,30,1800.00,Y
901991,2024-06-17,700988,3,4200.00,50,3900.00,Y
901992,2025-01-22,700989,4,4200.00,20,862.50,
901993,2025-01-29,700989,5,4200.00,20,862.50,No
901994,2025-02-05,700989,3,4200.00,20,862.50,N
901995,2025-02-12,700989,5,4200.00,20,862.50,Y
901996,2024-07-07,700990,2,4200.00,20,1150.00,No
901997,2024-07-14,700990,1,4200.00,20,1150.00,
901998,2024-07-21,700990,3,4200.00,20,1150.00,Yes
901999,2024-01-12,700991,4,4800.00,30,3600.00,Yes
902000,2024-10-27,700992,2,7200.00,40,2600.00,0
902001,2024-11-03,700992,4,7200.00,40,2600.00,Yes
902002,2024-06-04,700993,2,5400.00,,1425.24,
902003,2024-11-07,700994,1,5400.00,40,850.36,No
902004,2024-11-14,700994,5,5400.00,40,850.36,N
902005,2024-11-21,700994,4,5400.00,40,850.36,No
902006,2024-02-21,700995,1,5400.00,,1350.00,N
902007,2024-02-28,700995,5,5400.00,,1350.00,No
902008,2024-03-06,700995,3,5400.00,,1350.00,
902009,2024-03-13,700995,2,5400.00,,1350.00,1
902010,2024-03-23,700996,1,4800.00,,1074.00,
902011,2024-03-30,700996,1,4800.00,,1074.00,No
902012,2024-04-06,700996,5,4800.00,,1074.00,No
902013,2025-09-09,700997,5,3500.00,50,1600.00,0
902014,2025-09-16,700997,1,3500.00,50,1600.00,1
902015,2025-07-31,700998,5,7200.00,,775.78,0
902016,2025-08-07,700998,3,7200.00,,775.78,No
902017,2025-03-11,700999,5,6000.00,,1500.00,
902018,2025-03-18,700999,4,6000.00,,1500.00,N
902019,2025-03-25,700999,5,6000.00,,1500.00,
902020,2025-04-01,700999,1,6000.00,,1500.00,1
902021,2024-03-06,701000,3,3500.00,,1166.67,N
902022,2024-03-13,701000,4,3500.00,,1166.67,N
902023,2024-03-20,701000,5,3500.00,,1166.66,Y
902024,2025-07-29,701001,3,3500.00,30,2300.00,1
902025,2024-02-25,701002,4,5400.00,,4270.04,No
902026,2024-05-13,701003,4,5400.00,20,763.63,N
902027,2024-05-20,701003,4,5400.00,20,763.63,
902028,2024-05-27,701003,4,5400.00,20,763.62,
902029,2024-05-19,701004,3,4200.00,60,4200.00,Y
902030,2024-03-29,701005,5,4200.00,10,1850.00,0
902031,2024-04-05,701005,4,4200.00,10,1850.00,Y
902032,2024-04-28,701006,2,4200.00,,4200.00,Yes
902033,2025-06-26,701007,3,7200.00,30,6000.00,Yes
902034,2024-09-22,701008,2,5400.00,30,1352.88,No
902035,2024-09-29,701008,4,5400.00,30,1352.88,N
902036,2025-08-17,701009,1,3500.00,,550.07,0
902037,2025-08-24,701009,4,3500.00,,550.07,0
902038,2025-08-31,701009,1,3500.00,,550.08,0
902039,2024-01-11,701010,4,7200.00,40,5200.00,1
902040,2024-12-06,701011,4,4200.00,,4200.00,1
902041,2024-12-17,701012,4,7200.00,,7200.00,Yes
902042,2025-03-26,701014,5,6000.00,,2000.00,No
902043,2025-04-02,701014,5,6000.00,,2000.00,
902044,2025-04-09,701014,2,6000.00,,2000.00,Yes
902045,2024-05-12,701015,1,5400.00,,2700.00,No
902046,2024-05-19,701015,2,5400.00,,2700.00,Yes
902047,2025-04-13,701016,2,4800.00,50,4500.00,1
902048,2024-05-26,701017,5,4800.00,20,2025.00,
902049,2024-06-02,701017,5,4800.00,20,2025.00,Yes
902050,2024-01-07,701019,5,4800.00,40,933.33,
902051,2024-01-14,701019,3,4800.00,40,933.33,N
902052,2024-01-21,701019,2,4800.00,40,933.34,Y
902053,2024-07-13,701020,5,4800.00,20,4050.00,Yes
902054,2025-02-10,701021,4,6000.00,30,475.26,N
902055,2025-02-17,701021,5,6000.00,30,475.26,No
902056,2025-02-24,701021,5,6000.00,30,475.26,
902057,2024-07-04,701023,3,4800.00,40,1400.00,No
902058,2024-07-11,701023,1,4800.00,40,1400.00,Y
902059,2025-02-20,701024,5,7200.00,20,2427.79,N
902060,2025-04-16,701025,1,5400.00,,1390.78,
902061,2024-09-28,701026,1,4200.00,,1050.00,No
902062,2024-10-05,701026,4,4200.00,,1050.00,0
902063,2024-10-12,701026,4,4200.00,,1050.00,No
902064,2024-10-19,701026,4,4200.00,,1050.00,1
902065,2025-04-19,701027,5,7200.00,,3600.00,N
902066,2025-04-26,701027,5,7200.00,,3600.00,1
902067,2024-05-26,701028,4,3500.00,10,750.00,No
902068,2024-06-02,701028,3,3500.00,10,750.00,0
902069,2024-06-09,701028,4,3500.00,10,750.00,N
902070,2024-06-16,701028,2,3500.00,10,750.00,Yes
902071,2024-02-25,701029,3,5400.00,,2179.91,N
902072,2024-03-03,701029,5,5400.00,,2179.91,
902073,2024-03-01,701030,4,4200.00,,250.13,
902074,2024-03-08,701030,2,4200.00,,250.13,N
902075,2024-03-15,701030,5,4200.00,,250.13,No
902076,2024-03-22,701030,5,4200.00,,250.13,No
902077,2025-08-04,701031,4,3500.00,,3500.00,1
902078,2025-07-31,701032,2,4200.00,20,3450.00,Yes
902079,2024-02-15,701033,3,7200.00,40,2600.00,N
902080,2024-02-22,701033,3,7200.00,40,2600.00,Yes
902081,2024-06-04,701034,2,6000.00,60,3000.00,No
902082,2024-06-11,701034,5,6000.00,60,3000.00,Y
902083,2025-06-21,701035,2,3500.00,40,515.73,0
902084,2025-06-28,701035,4,3500.00,40,515.73,No
902085,2025-09-15,701036,2,7200.00,20,2150.00,
902086,2025-09-22,701036,4,7200.00,20,2150.00,0
902087,2025-09-29,701036,2,7200.00,20,2150.00,Y
902088,2024-09-29,701037,5,4800.00,40,700.00,0
902089,2024-10-06,701037,5,4800.00,40,700.00,
902090,2024-10-13,701037,3,4800.00,40,700.00,No
902091,2024-10-20,701037,5,4800.00,40,700.00,1
902092,2024-10-03,701038,3,6000.00,,2000.00,N
902093,2024-10-10,701038,2,6000.00,,2000.00,
902094,2024-10-17,701038,5,6000.00,,2000.00,1
902095,2025-03-17,701039,1,4200.00,30,1500.00,N
902096,2025-03-24,701039,4,4200.00,30,1500.00,1
902097,2025-07-06,701040,3,4800.00,20,4050.00,1
902098,2023-12-25,701041,2,3500.00,60,1166.67,No
902099,2024-01-01,701041,2,3500.00,60,1166.67,N
902100,2024-01-08,701041,3,3500.00,60,1166.66,Y
902101,2024-12-21,701042,2,4800.00,50,4500.00,Y
902102,2024-03-20,701043,5,6000.00,,1500.00,0
902103,2024-03-27,701043,3,6000.00,,1500.00,0
902104,2024-04-03,701043,3,6000.00,,1500.00,0
902105,2024-04-10,701043,5,6000.00,,1500.00,Yes
902106,2024-09-24,701044,2,6000.00,40,2000.00,0
902107,2024-10-01,701044,2,6000.00,40,2000.00,1
902108,2024-08-12,701045,1,7200.00,,5043.69,0
902109,2025-02-28,701046,3,7200.00,30,1500.00,0
902110,2025-03-07,701046,3,7200.00,30,1500.00,No
902111,2025-03-14,701046,1,7200.00,30,1500.00,No
902112,2025-03-21,701046,5,7200.00,30,1500.00,Y
902113,2024-06-27,701047,3,7200.00,,3600.00,N
902114,2024-07-04,701047,3,7200.00,,3600.00,Y
902115,2024-07-12,701048,2,7200.00,,7200.00,Y
902116,2025-02-26,701049,1,3500.00,,875.00,0
902117,2025-03-05,701049,2,3500.00,,875.00,0
902118,2025-03-12,701049,3,3500.00,,875.00,N
902119,2025-03-19,701049,3,3500.00,,875.00,Yes
902120,2024-03-15,701050,1,4800.00,20,4050.00,Yes
902121,2025-03-24,701051,2,4800.00,10,2150.00,0
902122,2025-03-31,701051,5,4800.00,10,2150.00,Y
902123,2024-02-16,701052,5,6000.00,20,2625.00,N
902124,2024-02-23,701052,5,6000.00,20,2625.00,1
902125,2024-12-31,701053,2,4800.00,60,4800.00,Y
902126,2024-10-01,701054,5,4800.00,50,2250.00,No
902127,2024-10-08,701054,3,4800.00,50,2250.00,Y
902128,2024-08-12,701056,3,4800.00,10,4300.00,1
902129,2024-07-18,701057,4,5400.00,,1942.22,N
902130,2025-02-11,701058,3,6000.00,,847.40,No
902131,2025-02-18,701058,2,6000.00,,847.40,0
902132,2025-02-25,701058,3,6000.00,,847.39,
902133,2024-07-18,701059,5,7200.00,,3600.00,N
902134,2024-07-25,701059,4,7200.00,,3600.00,Y
902135,2025-03-11,701060,3,6000.00,50,5700.00,Y
902136,2023-12-14,701061,2,6000.00,20,2493.59,
902137,2024-01-07,701062,2,7200.00,10,3822.49,No
902138,2024-02-08,701063,5,3500.00,20,916.67,
902139,2024-02-15,701063,4,3500.00,20,916.67,0
902140,2024-02-22,701063,1,3500.00,20,916.66,Yes
902141,2024-08-04,701064,2,4200.00,,3480.34,No
902142,2024-08-26,701065,2,6000.00,50,2850.00,No
902143,2024-09-02,701065,2,6000.00,50,2850.00,1
902144,2024-12-08,701067,2,7200.00,,1800.00,
902145,2024-12-15,701067,1,7200.00,,1800.00,No
902146,2024-12-22,701067,3,7200.00,,1800.00,No
902147,2024-12-29,701067,2,7200.00,,1800.00,Y
902148,2024-11-21,701068,3,7200.00,30,2000.00,0
902149,2024-11-28,701068,5,7200.00,30,2000.00,No
902150,2024-12-05,701068,3,7200.00,30,2000.00,1
902151,2025-04-03,701069,3,5400.00,10,2450.00,0
902152,2025-04-10,701069,1,5400.00,10,2450.00,Yes
902153,2025-04-11,701070,3,6000.00,30,1600.00,No
902154,2025-04-18,701070,4,6000.00,30,1600.00,No
902155,2025-04-25,701070,4,6000.00,30,1600.00,Y
902156,2025-07-10,701071,1,7200.00,,1800.00,N
902157,2025-07-17,701071,2,7200.00,,1800.00,No
902158,2025-07-24,701071,3,7200.00,,1800.00,
902159,2025-07-31,701071,4,7200.00,,1800.00,Yes
902160,2024-05-04,701072,2,7200.00,30,3000.00,N
902161,2024-05-11,701072,3,7200.00,30,3000.00,Yes
902162,2025-02-28,701074,4,3500.00,,875.00,
902163,2025-03-07,701074,4,3500.00,,875.00,N
902164,2025-03-14,701074,2,3500.00,,875.00,
902165,2025-03-21,701074,4,3500.00,,875.00,Y
902166,2025-09-10,701075,5,4800.00,,2400.00,N
902167,2025-09-17,701075,3,4800.00,,2400.00,1
902168,2025-07-25,701076,3,3500.00,30,1150.00,
902169,2025-08-01,701076,5,3500.00,30,1150.00,Yes
902170,2024-04-13,701078,3,7200.00,,3600.00,0
902171,2024-04-20,701078,3,7200.00,,3600.00,Y
902172,2025-05-24,701079,4,6000.00,30,1200.00,No
902173,2025-05-31,701079,5,6000.00,30,1200.00,N
902174,2025-06-07,701079,2,6000.00,30,1200.00,N
902175,2025-06-14,701079,2,6000.00,30,1200.00,1
902176,2024-08-07,701080,1,4200.00,40,1100.00,
902177,2024-08-14,701080,3,4200.00,40,1100.00,Y
902178,2024-07-04,701081,2,4800.00,50,2204.98,No
902179,2024-08-25,701082,3,5400.00,,2700.00,No
902180,2024-09-01,701082,5,5400.00,,2700.00,1
902181,2025-07-29,701083,5,4800.00,50,975.41,
902182,2025-08-05,701083,2,4800.00,50,975.41,N
902183,2025-08-12,701083,1,4800.00,50,975.41,No
902184,2025-08-19,701083,3,4800.00,50,975.42,
902185,2024-09-25,701084,2,5400.00,,2700.00,
902186,2024-10-02,701084,1,5400.00,,2700.00,1
902187,2024-01-16,701085,3,4200.00,,444.68,0
902188,2024-01-23,701085,5,4200.00,,444.68,0
902189,2024-01-30,701085,2,4200.00,,444.69,N
902190,2024-10-01,701086,5,6000.00,,4657.46,N
902191,2025-06-03,701087,3,7200.00,60,1800.00,
902192,2025-06-10,701087,4,7200.00,60,1800.00,0
902193,2025-06-17,701087,5,7200.00,60,1800.00,
902194,2025-06-24,701087,3,7200.00,60,1800.00,1
902195,2024-04-19,701088,2,7200.00,20,1816.72,N
902196,2024-04-26,701088,2,7200.00,20,1816.72,No
902197,2024-05-03,701088,5,7200.00,20,1816.72,
902198,2024-01-24,701089,5,6000.00,30,1052.66,N
902199,2024-01-31,701089,1,6000.00,30,1052.66,N
902200,2024-02-07,701089,2,6000.00,30,1052.66,
902201,2024-02-14,701089,3,6000.00,30,1052.68,
902202,2024-07-02,701090,3,4800.00,50,689.79,0
902203,2024-07-09,701090,1,4800.00,50,689.79,0
902204,2024-07-16,701090,2,4800.00,50,689.78,No
902205,2024-03-24,701091,4,3500.00,40,375.00,No
902206,2024-03-31,701091,5,3500.00,40,375.00,
902207,2024-04-07,701091,1,3500.00,40,375.00,N
902208,2024-04-14,701091,3,3500.00,40,375.00,1
902209,2025-03-19,701093,5,7200.00,20,1725.61,0
902210,2025-03-26,701093,3,7200.00,20,1725.61,0
902211,2025-04-02,701093,1,7200.00,20,1725.60,N
902212,2024-03-02,701094,5,4200.00,40,2200.00,1
902213,2024-01-19,701096,3,4200.00,20,1725.00,0
902214,2024-01-26,701096,4,4200.00,20,1725.00,Y
902215,2024-11-24,701097,1,5400.00,,1952.80,No
902216,2024-12-01,701097,2,5400.00,,1952.79,
902217,2025-04-13,701098,5,4200.00,,2100.00,N
902218,2025-04-20,701098,3,4200.00,,2100.00,1
902219,2024-05-10,701100,5,3500.00,,836.80,0
902220,2024-05-17,701100,5,3500.00,,836.80,No
902221,2025-04-10,701101,1,7200.00,,7200.00,Y
902222,2024-04-02,701102,2,4800.00,,2400.00,
902223,2024-04-09,701102,2,4800.00,,2400.00,1
902224,2025-06-11,701103,2,6000.00,10,1833.33,
902225,2025-06-18,701103,3,6000.00,10,1833.33,No
902226,2025-06-25,701103,5,6000.00,10,1833.34,Y
902227,2024-07-07,701104,5,4200.00,10,1609.02,N
902228,2024-07-14,701105,1,5400.00,30,2100.00,N
902229,2024-07-21,701105,5,5400.00,30,2100.00,Y
902230,2024-12-04,701106,4,7200.00,40,1733.33,No
902231,2024-12-11,701106,1,7200.00,40,1733.33,N
902232,2024-12-18,701106,3,7200.00,40,1733.34,1
902233,2024-04-14,701107,4,4200.00,10,3700.00,Yes
902234,2024-02-28,701108,4,5400.00,50,2550.00,N
902235,2024-03-06,701108,3,5400.00,50,2550.00,Yes
902236,2025-06-18,701109,1,3500.00,,2349.15,N
902237,2025-01-19,701110,1,7200.00,40,5200.00,1
902238,2025-07-06,701111,1,4800.00,10,1993.07,N
902239,2025-05-25,701112,2,5400.00,20,4650.00,Yes
902240,2024-12-17,701113,3,6000.00,60,1500.00,N
902241,2024-12-24,701113,3,6000.00,60,1500.00,N
902242,2024-12-31,701113,5,6000.00,60,1500.00,N
902243,2025-01-07,701113,3,6000.00,60,1500.00,1
902244,2025-05-07,701115,5,5400.00,60,5400.00,Y
902245,2024-07-16,701116,2,5400.00,,5400.00,Y
902246,2024-12-25,701117,4,4800.00,40,700.00,0
902247,2025-01-01,701117,2,4800.00,40,700.00,N
902248,2025-01-08,701117,5,4800.00,40,700.00,0
902249,2025-01-15,701117,3,4800.00,40,700.00,1
902250,2025-04-16,701118,2,3500.00,,729.70,
902251,2025-04-23,701118,3,3500.00,,729.70,N
902252,2025-04-30,701118,3,3500.00,,729.70,No
902253,2024-02-15,701120,5,4800.00,,2400.00,
902254,2024-02-22,701120,5,4800.00,,2400.00,Y
902255,2025-05-19,701121,1,6000.00,30,1199.37,0
902256,2025-05-26,701121,1,6000.00,30,1199.36,N
902257,2024-09-05,701122,3,4800.00,50,4500.00,1
902258,2024-10-19,701123,5,5400.00,10,1225.00,No
902259,2024-10-26,701123,5,5400.00,10,1225.00,
902260,2024-11-02,701123,5,5400.00,10,1225.00,N
902261,2024-11-09,701123,5,5400.00,10,1225.00,Y
902262,2024-08-30,701124,2,4200.00,50,710.28,
902263,2024-09-06,701124,2,4400.00,50,710.28,N
902264,2024-09-13,701124,4,4400.00,50,710.29,No
902265,2025-06-10,701125,4,6000.00,10,862.58,0
902266,2025-06-17,701125,5,6000.00,10,862.58,0
902267,2025-06-24,701125,5,6000.00,10,862.57,N
902268,2023-12-19,701126,4,7200.00,,2400.00,N
902269,2023-12-26,701126,5,7200.00,,2400.00,
902270,2024-01-02,701126,3,7200.00,,2400.00,Yes
902271,2024-05-05,701127,5,4800.00,,4800.00,Y
902272,2024-09-29,701128,5,4200.00,,2717.22,
902273,2025-04-19,701129,1,4200.00,,1400.00,N
902274,2025-04-26,701129,2,4200.00,,1400.00,
902275,2025-05-03,701129,5,4200.00,,1400.00,Y
902276,2025-04-08,701130,2,3500.00,,1563.49,0
902277,2025-04-15,701130,2,3500.00,,1563.49,No
902278,2025-03-07,701131,4,7200.00,30,1500.00,N
902279,2025-03-14,701131,1,7200.00,30,1500.00,N
902280,2025-03-21,701131,5,7200.00,30,1500.00,N
902281,2025-03-28,701131,4,7200.00,30,1500.00,Y
902282,2024-07-18,701132,3,7200.00,30,6000.00,Yes
902283,2024-05-05,701133,2,7200.00,,3600.00,
902284,2024-05-12,701133,4,7200.00,,3600.00,Yes
902285,2024-04-13,701134,4,3500.00,,1750.00,
902286,2024-04-20,701134,2,3500.00,,1750.00,1
902287,2025-02-16,701135,4,4800.00,,1708.14,0
902288,2025-02-23,701135,3,4800.00,,1708.15,No
902289,2024-11-12,701136,1,5400.00,,3758.66,N
902290,2023-12-14,701137,4,4800.00,,2284.66,N
902291,2024-06-27,701138,5,4800.00,,3593.05,N
902292,2024-09-17,701139,1,4800.00,50,1554.23,
902293,2024-09-24,701139,5,4800.00,50,1554.23,No
902294,2025-06-30,701140,2,3500.00,30,874.50,N
902295,2025-01-21,701141,4,7200.00,,7200.00,1
902296,2024-02-03,701142,2,6000.00,40,1000.00,0
902297,2024-02-10,701142,3,6000.00,40,1000.00,N
902298,2024-02-17,701142,1,6000.00,40,1000.00,N
902299,2024-02-24,701142,3,6000.00,40,1000.00,Y
902300,2025-06-29,701143,2,3500.00,,3500.00,Y
902301,2025-05-28,701144,5,6000.00,,3000.00,No
902302,2025-06-04,701144,4,6000.00,,3000.00,Y
902303,2024-01-25,701145,1,7200.00,60,2434.14,
902304,2024-02-01,701145,2,7200.00,60,2434.15,0
902305,2024-03-07,701146,4,7200.00,50,3450.00,
902306,2024-03-14,701146,1,7200.00,50,3450.00,Yes
902307,2024-01-11,701147,4,6000.00,,1391.68,No
902308,2024-01-18,701147,5,6000.00,,1391.68,
902309,2025-02-22,701148,4,5400.00,20,4650.00,1
902310,2025-03-28,701149,5,6000.00,,6000.00,Yes
902311,2025-04-07,701150,2,4800.00,,4800.00,1
902312,2024-12-28,701151,3,7200.00,,1800.00,No
902313,2025-01-04,701151,2,7200.00,,1800.00,N
902314,2025-01-11,701151,2,7200.00,,1800.00,0
902315,2025-01-18,701151,2,7200.00,,1800.00,1
902316,2024-05-19,701152,1,7200.00,10,1675.00,N
902317,2024-05-26,701152,1,7200.00,10,1675.00,
902318,2024-06-02,701152,3,7200.00,10,1675.00,N
902319,2024-06-09,701152,5,7200.00,10,1675.00,Yes
902320,2024-10-17,701153,3,6000.00,40,4000.00,Yes
902321,2024-02-23,701154,1,7200.00,,1800.00,
902322,2024-03-01,701154,1,7200.00,,1800.00,0
902323,2024-03-08,701154,5,7200.00,,1800.00,0
902324,2024-03-15,701154,1,7200.00,,1800.00,1
902325,2024-08-16,701155,4,4200.00,20,592.25,
902326,2024-08-23,701155,2,4200.00,20,592.26,N
902327,2024-10-30,701156,4,4200.00,,2100.00,0
902328,2024-11-06,701156,4,4200.00,,2100.00,1
902329,2024-09-08,701157,4,5400.00,30,1822.14,0
902330,2024-09-15,701157,4,5400.00,30,1822.15,0
902331,2024-04-21,701158,4,4800.00,30,900.00,
902332,2024-04-28,701158,2,4800.00,30,900.00,No
902333,2024-05-05,701158,2,4800.00,30,900.00,No
902334,2024-05-12,701158,5,4800.00,30,900.00,Yes
902335,2024-10-04,701159,1,5400.00,,1800.00,
902336,2024-10-11,701159,1,5400.00,,1800.00,N
902337,2024-10-18,701159,3,5400.00,,1800.00,Yes
902338,2025-06-08,701160,2,5400.00,40,3400.00,Y
902339,2024-10-07,701161,4,3500.00,50,230.59,No
902340,2024-10-14,701161,5,3500.00,50,230.59,No
902341,2024-10-21,701161,3,3500.00,50,230.59,No
902342,2024-10-28,701161,3,3500.00,50,230.57,No
902343,2025-01-10,701162,5,5400.00,,5400.00,1
902344,2025-02-14,701163,3,5400.00,60,5400.00,1
902345,2024-08-02,701164,5,3500.00,50,1066.67,0
902346,2024-08-09,701164,4,3500.00,50,1066.67,0
902347,2024-08-16,701164,2,3500.00,50,1066.66,1
902348,2024-10-07,701165,2,4200.00,50,900.18,
902349,2024-10-14,701165,5,4200.00,50,900.19,No
902350,2024-10-05,701166,2,4800.00,30,3600.00,1
902351,2025-07-17,701167,2,5400.00,10,444.25,
902352,2025-07-24,701167,3,5400.00,10,444.25,
902353,2025-07-31,701167,5,5400.00,10,444.26,0
902354,2024-12-11,701168,5,5400.00,,1350.00,
902355,2024-12-18,701168,1,5400.00,,1350.00,N
902356,2024-12-25,701168,4,5400.00,,1350.00,N
902357,2025-01-01,701168,2,5400.00,,1350.00,Yes
902358,2024-10-01,701169,2,4800.00,,1633.83,No
902359,2024-10-08,701169,2,4800.00,,1633.83,
902360,2025-07-04,701170,4,3500.00,20,834.96,0
902361,2025-07-11,701170,5,3500.00,20,834.96,
902362,2025-01-12,701171,5,4800.00,10,3184.92,0
902363,2025-08-17,701172,5,4800.00,40,1400.00,0
902364,2025-08-24,701172,1,4800.00,40,1400.00,Y
902365,2025-04-11,701173,5,5400.00,60,2700.00,
902366,2025-04-18,701173,1,5400.00,60,2700.00,1
902367,2025-05-11,701174,5,5400.00,50,1963.02,
902368,2024-08-03,701175,4,4800.00,20,2025.00,0
902369,2024-08-10,701175,2,4800.00,20,2025.00,Y
902370,2023-12-26,701176,2,7200.00,60,7200.00,1
902371,2024-12-08,701177,3,4800.00,,1384.40,No
902372,2025-04-13,701178,4,5400.00,20,2325.00,
902373,2025-04-20,701178,1,5400.00,20,2325.00,Yes
902374,2025-04-20,701179,4,4200.00,50,3900.00,1
902375,2024-03-13,701180,3,6000.00,60,894.89,No
902376,2024-03-20,701180,2,6000.00,60,894.89,No
902377,2024-03-27,701180,1,6000.00,60,894.89,
902378,2024-11-13,701181,5,4200.00,20,1725.00,0
902379,2024-11-20,701181,3,4200.00,20,1725.00,Y
902380,2025-07-18,701182,4,4800.00,,1600.00,
902381,2025-07-25,701182,3,4800.00,,1600.00,
902382,2025-08-01,701182,3,4800.00,,1600.00,Y
902383,2024-09-17,701183,5,3500.00,50,800.00,No
902384,2024-09-24,701183,1,3500.00,50,800.00,0
902385,2024-10-01,701183,2,3500.00,50,800.00,
902386,2024-10-08,701183,3,3500.00,50,800.00,1
902387,2025-07-14,701184,4,4800.00,50,4500.00,1
902388,2025-05-29,701185,1,4200.00,20,1291.16,No
902389,2025-06-05,701185,3,4200.00,20,1291.17,
902390,2024-04-02,701186,4,7200.00,,7200.00,1
902391,2025-04-16,701187,2,5400.00,60,5400.00,Yes
902392,2025-07-18,701188,1,4800.00,50,551.74,N
902393,2025-07-25,701188,2,4800.00,50,551.73,0
902394,2024-09-05,701189,2,5400.00,10,2450.00,
902395,2024-09-12,701189,4,5400.00,10,2450.00,1
902396,2025-09-27,701191,4,4200.00,,4200.00,1
902397,2024-06-15,701192,5,3500.00,50,1066.67,0
902398,2024-06-22,701192,5,3500.00,50,1066.67,
902399,2024-06-29,701192,3,3500.00,50,1066.66,1
902400,2023-12-20,701193,3,4800.00,10,2150.00,N
902401,2023-12-27,701193,2,4800.00,10,2150.00,Yes
902402,2025-01-25,701194,4,7200.00,50,3050.69,N
902403,2025-02-01,701194,2,7200.00,50,3050.69,0
902404,2025-06-03,701195,2,5400.00,30,1050.00,
902405,2025-06-10,701195,2,5400.00,30,1050.00,No
902406,2025-06-17,701195,3,5400.00,30,1050.00,0
902407,2025-06-24,701195,1,5400.00,30,1050.00,Y
902408,2025-02-20,701196,2,3500.00,20,2750.00,Y
902409,2024-05-14,701197,4,4200.00,20,1150.00,N
902410,2024-05-21,701197,5,4200.00,20,1150.00,N
902411,2024-05-28,701197,4,4200.00,20,1150.00,1
902412,2024-06-25,701198,1,3500.00,,303.14,
902413,2024-07-02,701198,4,3500.00,,303.14,0
902414,2024-07-09,701198,5,3500.00,,303.14,N
902415,2024-07-16,701198,4,3500.00,,303.16,
902416,2024-09-18,701199,3,3500.00,30,2300.00,Yes
902417,2025-05-26,701200,1,6000.00,10,5500.00,1
902418,2024-03-15,701201,1,7200.00,30,4756.53,
902419,2025-06-27,701202,4,7200.00,40,2600.00,No
902420,2025-07-04,701202,5,7200.00,40,2600.00,Yes
902421,2025-04-15,701203,3,5400.00,20,1662.94,No
902422,2025-04-22,701203,5,5400.00,20,1662.95,N
902423,2025-07-05,701204,1,4200.00,,2100.00,0
902424,2025-07-12,701204,3,4200.00,,2100.00,1
902425,2025-01-01,701205,2,3500.00,,1703.23,
902426,2024-01-07,701206,3,3500.00,50,1600.00,N
902427,2024-01-14,701206,2,3500.00,50,1600.00,1
902428,2025-01-27,701207,3,3500.00,,775.28,N
902429,2025-02-03,701207,3,3500.00,,775.28,0
902430,2025-02-10,701207,1,3500.00,,775.27,No
902431,2024-12-21,701208,5,4800.00,,1600.00,No
902432,2024-12-28,701208,2,4800.00,,1600.00,No
902433,2025-01-04,701208,3,4800.00,,1600.00,1
902434,2025-05-01,701210,3,4200.00,,2100.00,No
902435,2025-05-08,701210,3,4200.00,,2100.00,1
902436,2024-06-04,701211,5,3500.00,,1396.54,No
902437,2025-09-11,701212,1,6000.00,10,2750.00,0
902438,2025-09-18,701212,4,6000.00,10,2750.00,Y
902439,2024-04-23,701213,4,3500.00,,972.00,N
902440,2024-04-30,701213,2,3500.00,,971.99,N
902441,2025-01-20,701214,4,6000.00,30,2400.00,
902442,2025-01-27,701214,1,6000.00,30,2400.00,Yes
902443,2024-11-02,701215,5,6000.00,,3029.32,N
902444,2025-06-28,701217,5,4800.00,,4800.00,Y
902445,2024-12-08,701218,4,4800.00,,2400.00,N
902446,2024-12-15,701218,5,4800.00,,2400.00,Yes
902447,2024-05-11,701219,3,3500.00,,699.01,
902448,2024-05-18,701219,2,3500.00,,699.01,N
902449,2024-05-25,701219,4,3500.00,,699.01,No
902450,2024-06-01,701219,5,3500.00,,699.01,No
902451,2024-06-22,701220,5,7200.00,,7200.00,Y
902452,2025-04-17,701221,4,4200.00,,982.17,No
902453,2025-04-24,701221,1,4200.00,,982.17,N
902454,2025-05-01,701221,4,4200.00,,982.17,
902455,2025-03-08,701222,5,4800.00,10,464.45,No
902456,2025-03-15,701222,5,4800.00,10,464.45,0
902457,2025-03-22,701222,4,4800.00,10,464.46,N
902458,2024-10-19,701223,4,7200.00,20,2815.05,No
902459,2024-10-26,701223,4,7200.00,20,2815.04,
902460,2024-04-27,701224,4,3500.00,60,3500.00,Y
902461,2024-09-06,701225,5,7200.00,,7200.00,Y
902462,2023-12-25,701226,2,4800.00,20,1012.50,N
902463,2024-01-01,701226,1,4800.00,20,1012.50,
902464,2024-01-08,701226,4,4800.00,20,1012.50,No
902465,2024-01-15,701226,1,4800.00,20,1012.50,1
902466,2024-03-03,701227,3,3500.00,20,935.07,N
902467,2024-03-10,701227,3,3500.00,20,935.07,N
902468,2024-08-29,701229,1,6000.00,10,2750.00,N
902469,2024-09-05,701229,1,6000.00,10,2750.00,1
902470,2025-08-27,701230,2,4200.00,,4200.00,Yes
902471,2024-07-05,701231,5,5400.00,30,4200.00,Y
902472,2024-06-18,701232,2,4800.00,50,1125.00,No
902473,2024-06-25,701232,1,4800.00,50,1125.00,N
902474,2024-07-02,701232,5,4800.00,50,1125.00,0
902475,2024-07-09,701232,4,4800.00,50,1125.00,Yes
902476,2024-04-28,701233,5,6000.00,50,1900.00,0
902477,2024-05-05,701233,3,6000.00,50,1900.00,
902478,2024-05-12,701233,5,6000.00,50,1900.00,1
902479,2024-12-25,701234,1,5400.00,10,978.18,0
902480,2025-01-01,701234,3,5400.00,10,978.19,No
902481,2024-11-01,701235,3,5400.00,,1366.48,N
902482,2024-02-02,701236,3,4200.00,10,925.00,N
902483,2024-02-09,701236,4,4200.00,10,925.00,N
902484,2024-02-16,701236,4,4200.00,10,925.00,0
902485,2024-02-23,701236,2,4200.00,10,925.00,Y
902486,2025-08-26,701237,2,6000.00,,4600.96,N
902487,2025-07-10,701238,3,5400.00,20,4650.00,Y
902488,2023-12-25,701239,2,6000.00,10,2750.00,N
902489,2024-01-01,701239,4,6000.00,10,2750.00,Yes
902490,2024-06-07,701240,5,7200.00,,7200.00,Y
902491,2025-08-14,701241,1,6000.00,,575.24,No
902492,2025-08-21,701241,4,6000.00,,575.24,
902493,2025-08-28,701241,1,6000.00,,575.24,N
902494,2025-09-04,701241,5,6000.00,,575.22,0
902495,2024-01-28,701242,4,7200.00,30,3000.00,
902496,2024-02-04,701242,2,7200.00,30,3000.00,Y
902497,2024-02-17,701243,5,6000.00,20,1312.50,0
902498,2024-02-24,701243,5,6000.00,20,1312.50,0
902499,2024-03-02,701243,5,6000.00,20,1312.50,0
902500,2024-03-09,701243,3,6000.00,20,1312.50,Yes
902501,2025-07-12,701244,5,6000.00,,910.46,N
902502,2025-07-19,701244,5,6000.00,,910.46,0
902503,2025-05-16,701245,4,4200.00,50,1950.00,No
902504,2025-05-23,701245,3,4200.00,50,1950.00,1
902505,2024-10-29,701246,3,5400.00,50,1275.00,
902506,2024-11-05,701246,3,5400.00,50,1275.00,
902507,2024-11-12,701246,3,5400.00,50,1275.00,
902508,2024-11-19,701246,3,5400.00,50,1275.00,Y
902509,2024-11-07,701247,2,7200.00,,7200.00,Y
902510,2024-11-02,701249,3,3500.00,40,1269.62,
902511,2023-12-17,701250,3,4200.00,10,463.70,N
902512,2023-12-24,701250,4,4200.00,10,463.70,No
902513,2024-02-17,701251,1,3500.00,,3500.00,1
902514,2025-08-22,701252,3,4800.00,,555.12,No
902515,2025-08-29,701252,3,4800.00,,555.12,0
902516,2025-09-05,701252,4,4800.00,,555.12,No
902517,2025-09-12,701252,4,4800.00,,555.13,No
902518,2024-01-21,701253,4,5400.00,60,1350.00,0
902519,2024-01-28,701253,1,5400.00,60,1350.00,
902520,2024-02-04,701253,3,5400.00,60,1350.00,N
902521,2024-02-11,701253,3,5400.00,60,1350.00,1
902522,2025-03-20,701254,3,6000.00,60,4481.69,N
902523,2025-06-13,701255,3,4800.00,30,3600.00,1
902524,2024-10-13,701257,5,7200.00,10,873.71,
902525,2024-10-20,701257,4,7200.00,10,873.71,N
902526,2024-10-27,701257,1,7200.00,10,873.71,0
902527,2024-11-03,701257,1,7200.00,10,873.69,0
902528,2024-08-29,701258,3,7200.00,50,831.14,0
902529,2024-09-05,701258,2,7200.00,50,831.15,No
902530,2025-07-10,701259,4,4200.00,10,1850.00,No
902531,2025-07-17,701259,1,4200.00,10,1850.00,1
902532,2025-06-17,701260,4,5400.00,,2700.00,0
902533,2025-06-24,701260,5,5400.00,,2700.00,Yes
902534,2025-03-01,701261,4,7200.00,30,3000.00,
902535,2025-03-08,701261,2,7200.00,30,3000.00,1
902536,2024-07-28,701262,1,4800.00,30,900.00,0
902537,2024-08-04,701262,4,4800.00,30,900.00,0
902538,2024-08-11,701262,3,4800.00,30,900.00,No
902539,2024-08-18,701262,2,4800.00,30,900.00,Y
902540,2024-07-03,701263,3,3500.00,,678.08,0
902541,2024-07-10,701263,1,3500.00,,678.08,N
902542,2024-07-17,701263,5,3500.00,,678.08,N
902543,2024-06-29,701265,1,7200.00,60,7200.00,1
902544,2025-01-22,701266,5,5400.00,20,1162.50,N
902545,2025-01-29,701266,3,5400.00,20,1162.50,
902546,2025-02-05,701266,2,5400.00,20,1162.50,
902547,2025-02-12,701266,5,5400.00,20,1162.50,Y
902548,2024-01-17,701267,5,5400.00,,2700.00,N
902549,2024-01-24,701267,2,5400.00,,2700.00,Yes
902550,2025-01-11,701268,5,3500.00,60,1764.80,0
902551,2024-12-14,701269,1,7200.00,50,3450.00,0
902552,2024-12-21,701269,4,7200.00,50,3450.00,Y
902553,2025-09-07,701270,2,4800.00,30,1200.00,N
902554,2025-09-14,701270,5,4800.00,30,1200.00,
902555,2025-09-21,701270,1,4800.00,30,1200.00,Yes
902556,2025-07-14,701271,3,5400.00,60,1242.94,0
902557,2024-08-08,701273,1,7200.00,,7200.00,Yes
902558,2024-02-27,701274,1,7200.00,,3600.00,0
902559,2024-03-05,701274,3,7200.00,,3600.00,Y
902560,2024-02-21,701275,2,3500.00,,3500.00,Yes
902561,2025-08-13,701276,5,4800.00,40,829.75,
902562,2025-08-20,701276,4,4800.00,40,829.74,0
902563,2025-08-31,701278,3,3500.00,40,1224.95,N
902564,2024-04-02,701279,2,7200.00,20,1612.50,0
902565,2024-04-09,701279,1,7200.00,20,1612.50,
902566,2024-04-16,701279,5,7200.00,20,1612.50,No
902567,2024-04-23,701279,5,7200.00,20,1612.50,Yes
902568,2024-09-01,701281,5,4800.00,50,938.64,0
902569,2024-09-08,701281,3,4800.00,50,938.64,0
902570,2024-09-15,701281,3,4800.00,50,938.64,0
902571,2024-09-22,701281,3,4800.00,50,938.66,0
902572,2025-02-23,701282,4,5400.00,,5400.00,1
902573,2025-04-10,701283,2,4200.00,10,1647.85,No
902574,2025-04-17,701283,2,4200.00,10,1647.85,No
902575,2025-08-25,701284,5,4200.00,30,1122.47,0
902576,2025-09-01,701284,4,4200.00,30,1122.48,N
902577,2025-06-15,701285,4,5400.00,,1924.05,
902578,2025-09-21,701286,1,3500.00,60,3500.00,Yes
902579,2025-04-17,701287,3,5400.00,,5400.00,Yes
902580,2025-07-15,701288,4,6000.00,50,2850.00,0
902581,2025-07-22,701288,5,6000.00,50,2850.00,1
902582,2024-06-08,701289,1,5400.00,20,4650.00,1
902583,2025-07-26,701290,4,5400.00,,5400.00,Y
902584,2024-03-31,701291,1,4800.00,60,4800.00,Yes
902585,2024-10-01,701292,5,4800.00,,4800.00,Yes
902586,2025-07-28,701293,1,4800.00,50,4500.00,Yes
902587,2024-03-21,701294,2,6000.00,40,4000.00,1
902588,2023-12-19,701295,1,4200.00,,4200.00,Y
902589,2024-06-29,701296,1,4200.00,,2100.00,N
902590,2024-07-06,701296,4,4200.00,,2100.00,1
902591,2023-12-13,701297,2,7200.00,60,3600.00,N
902592,2023-12-20,701297,5,7200.00,60,3600.00,Yes
902593,2025-09-11,701298,3,5400.00,,5400.00,1
902594,2025-04-14,701299,1,4800.00,,2400.00,0
902595,2025-04-21,701299,3,4800.00,,2400.00,Y
902596,2024-08-23,701300,3,4800.00,50,4500.00,Y
902597,2024-04-05,701301,3,5400.00,50,2550.00,N
902598,2024-04-12,701301,2,5400.00,50,2550.00,Yes
902599,2024-01-07,701302,2,4200.00,60,861.65,N
902600,2024-08-29,701303,3,3500.00,60,700.99,0
902601,2024-09-05,701303,2,3500.00,60,700.99,0
902602,2024-09-12,701303,5,3500.00,60,700.99,N
902603,2024-09-19,701303,4,3500.00,60,700.97,N
902604,2024-06-19,701304,3,3500.00,50,3200.00,Y
902605,2025-03-16,701305,4,4200.00,30,526.94,
902606,2025-03-23,701305,5,4200.00,30,526.94,N
902607,2025-03-30,701305,1,4200.00,30,526.94,No
902608,2025-04-06,701305,1,4200.00,30,526.95,N
902609,2025-08-26,701306,4,3500.00,,875.00,
902610,2025-09-02,701306,3,3500.00,,875.00,0
902611,2025-09-09,701306,5,3500.00,,875.00,No
902612,2025-09-16,701306,1,3500.00,,875.00,Yes
902613,2024-02-23,701307,3,4800.00,,1600.00,N
902614,2024-03-01,701307,5,4800.00,,1600.00,N
902615,2024-03-08,701307,3,4800.00,,1600.00,Yes
902616,2025-07-28,701308,3,3500.00,50,524.50,0
902617,2025-08-04,701308,1,3500.00,50,524.50,N
902618,2025-08-11,701308,5,3500.00,50,524.50,0
902619,2025-08-18,701308,5,3500.00,50,524.48,N
902620,2025-07-06,701309,3,6000.00,,6000.00,Yes
902621,2025-05-25,701310,5,5400.00,10,4900.00,Y
902622,2023-12-09,701311,5,4200.00,,527.71,0
902623,2023-12-16,701311,4,4200.00,,527.70,
902624,2025-09-18,701312,3,4800.00,,736.78,0
902625,2025-09-25,701312,5,4800.00,,736.79,No
902626,2024-06-27,701313,5,7200.00,20,2150.00,0
902627,2024-07-04,701313,1,7200.00,20,2150.00,0
902628,2024-07-11,701313,5,7200.00,20,2150.00,Y
902629,2024-01-19,701314,5,5400.00,10,1225.00,N
902630,2024-01-26,701314,2,5400.00,10,1225.00,0
902631,2024-02-02,701314,5,5400.00,10,1225.00,No
902632,2024-02-09,701314,4,5400.00,10,1225.00,1
902633,2024-01-14,701315,5,7200.00,,3600.00,
902634,2024-01-21,701315,3,7200.00,,3600.00,1
902635,2025-07-13,701316,3,4800.00,40,2800.00,Yes
902636,2025-07-24,701317,2,4200.00,40,1325.96,N
902637,2023-12-10,701318,5,7200.00,20,3225.00,
902638,2023-12-17,701318,5,7200.00,20,3225.00,Yes
902639,2024-06-02,701319,5,7200.00,60,5813.57,No
902640,2023-11-28,701320,3,5400.00,30,4200.00,Y
902641,2024-07-31,701321,5,4800.00,,2082.20,
902642,2024-11-24,701322,2,3500.00,10,2554.18,N
902643,2024-08-03,701323,4,4200.00,30,750.00,No
902644,2024-08-10,701323,1,4200.00,30,750.00,No
902645,2024-08-17,701323,3,4200.00,30,750.00,N
902646,2024-08-24,701323,3,4200.00,30,750.00,Y
902647,2024-09-12,701324,5,7200.00,,1800.00,
902648,2024-09-19,701324,4,7200.00,,1800.00,N
902649,2024-09-26,701324,2,7200.00,,1800.00,
902650,2024-10-03,701324,1,7200.00,,1800.00,1
902651,2024-12-30,701325,2,4800.00,10,700.80,
902652,2025-01-06,701325,3,4800.00,10,700.80,
902653,2025-01-13,701325,1,4800.00,10,700.80,
902654,2025-01-20,701325,3,4800.00,10,700.79,0
902655,2024-01-09,701326,4,4800.00,10,1433.33,0
902656,2024-01-16,701326,2,4800.00,10,1433.33,0
902657,2024-01-23,701326,1,4800.00,10,1433.34,Y
902658,2025-01-11,701327,5,3500.00,,1105.74,N
902659,2025-01-18,701327,4,3500.00,,1105.75,0
902660,2024-02-19,701328,3,7200.00,60,5214.45,0
902661,2024-01-13,701329,2,3500.00,30,1150.00,0
902662,2024-01-20,701329,3,3500.00,30,1150.00,Y
902663,2025-07-21,701330,4,5400.00,60,755.83,
902664,2025-07-28,701330,1,5400.00,60,755.83,
902665,2025-08-04,701330,2,5400.00,60,755.83,No
902666,2025-08-11,701330,2,5400.00,60,755.82,N
902667,2025-05-23,701331,1,3500.00,20,2750.00,1
902668,2025-03-28,701332,1,4200.00,20,1725.00,No
902669,2025-04-04,701332,3,4200.00,20,1725.00,Yes
902670,2025-05-30,701333,1,6000.00,,3000.00,0
902671,2025-06-06,701333,5,6000.00,,3000.00,1
902672,2025-07-04,701335,4,7200.00,,3600.00,N
902673,2025-07-11,701335,4,7200.00,,3600.00,Y
902674,2025-05-11,701336,5,6000.00,,3000.00,No
902675,2025-05-18,701336,1,6000.00,,3000.00,Yes
902676,2024-02-01,701337,2,4200.00,50,1950.00,N
902677,2024-02-08,701337,3,4200.00,50,1950.00,1
902678,2025-07-11,701338,2,4800.00,,1362.22,N
902679,2025-07-18,701338,3,4800.00,,1362.22,No
902680,2025-01-03,701339,3,7200.00,30,905.70,0
902681,2025-01-10,701339,5,7200.00,30,905.70,N
902682,2024-05-23,701340,5,4200.00,,1653.80,0
902683,2024-03-28,701341,1,3500.00,30,575.00,No
902684,2024-04-04,701341,3,3500.00,30,575.00,
902685,2024-04-11,701341,4,3500.00,30,575.00,No
902686,2024-04-18,701341,1,3500.00,30,575.00,Y
902687,2025-05-26,701342,5,3500.00,,875.00,0
902688,2025-06-02,701342,1,3500.00,,875.00,
902689,2025-06-09,701342,1,3500.00,,875.00,
902690,2025-06-16,701342,2,3500.00,,875.00,Yes
902691,2024-07-12,701343,1,6000.00,40,2000.00,0
902692,2024-07-19,701343,4,6000.00,40,2000.00,Y
902693,2025-02-20,701344,3,6000.00,,3000.00,No
902694,2025-02-27,701344,2,6000.00,,3000.00,1
902695,2024-12-22,701345,5,6000.00,40,1001.34,
902696,2024-12-29,701345,4,6000.00,40,1001.34,0
902697,2023-12-16,701348,1,6000.00,50,5700.00,1
902698,2024-12-07,701349,5,3500.00,60,349.10,0
902699,2024-12-14,701349,1,3500.00,60,349.10,
902700,2024-12-21,701349,2,3500.00,60,349.10,
902701,2025-01-29,701350,4,7200.00,60,7200.00,1
902702,2025-09-25,701351,3,3500.00,30,543.89,No
902703,2025-04-23,701352,5,3500.00,30,1987.84,0
902704,2025-07-24,701353,5,5400.00,,1350.00,0
902705,2025-07-31,701353,2,5400.00,,1350.00,0
902706,2025-08-07,701353,1,5400.00,,1350.00,N
902707,2025-08-14,701353,4,5400.00,,1350.00,1
902708,2024-07-15,701354,1,7200.00,30,2598.55,No
902709,2024-07-22,701354,1,7200.00,30,2598.56,N
902710,2025-03-17,701355,3,4200.00,,319.07,N
902711,2025-03-24,701355,3,4200.00,,319.07,0
902712,2025-03-31,701355,1,4200.00,,319.07,0
902713,2025-03-01,701356,4,7200.00,40,1940.46,0
902714,2025-03-08,701356,3,7200.00,40,1940.47,N
902715,2024-11-22,701358,4,4200.00,50,1950.00,
902716,2024-11-29,701358,1,4200.00,50,1950.00,Y
902717,2024-03-24,701359,4,4800.00,,4800.00,1
902718,2024-08-11,701360,5,4200.00,50,1950.00,No
902719,2024-08-18,701360,1,4200.00,50,1950.00,Y
902720,2024-03-25,701361,4,4800.00,20,845.53,No
902721,2024-02-05,701363,5,6000.00,,2019.19,0
902722,2024-02-12,701363,5,6000.00,,2019.20,0
902723,2025-01-28,701364,3,4200.00,10,1850.00,No
902724,2025-02-04,701364,5,4200.00,10,1850.00,1
902725,2025-03-13,701365,4,6000.00,,2155.16,No
902726,2025-05-16,701367,2,6000.00,10,3310.27,0
902727,2025-08-13,701368,1,4800.00,,1404.53,
902728,2025-08-20,701368,4,4800.00,,1404.53,0
902729,2023-11-25,701369,3,3500.00,,1750.00,0
902730,2023-12-02,701369,2,3500.00,,1750.00,1
902731,2024-03-31,701370,4,5400.00,50,5100.00,1
902732,2024-03-03,701371,2,5400.00,20,1728.73,No
902733,2024-08-11,701372,1,4200.00,10,383.29,
902734,2024-08-18,701372,5,4200.00,10,383.28,0
902735,2025-09-14,701373,3,4200.00,20,1725.00,No
902736,2025-09-21,701373,2,4200.00,20,1725.00,1
902737,2025-04-20,701374,1,6000.00,,1500.00,0
902738,2025-04-27,701374,1,6000.00,,1500.00,0
902739,2025-05-04,701374,5,6000.00,,1500.00,
902740,2025-05-11,701374,3,6000.00,,1500.00,Yes
902741,2023-12-20,701375,1,3500.00,40,375.00,0
902742,2023-12-27,701375,3,3500.00,40,375.00,N
902743,2024-01-03,701375,4,3500.00,40,375.00,N
902744,2024-01-10,701375,2,3500.00,40,375.00,Yes
902745,2024-04-21,701376,4,6000.00,,6000.00,Yes
902746,2024-02-11,701377,4,5400.00,,2700.00,0
902747,2024-02-18,701377,4,5400.00,,2700.00,Y
902748,2023-11-30,701378,5,6000.00,,3000.00,
902749,2023-12-07,701378,4,6000.00,,3000.00,Yes
902750,2024-10-09,701379,4,6000.00,,1651.04,
902751,2025-02-09,701381,5,4800.00,40,700.00,0
902752,2025-02-16,701381,4,4800.00,40,700.00,N
902753,2025-02-23,701381,2,4800.00,40,700.00,No
902754,2025-03-02,701381,4,4800.00,40,700.00,1
902755,2025-01-12,701382,5,5400.00,50,5100.00,Y
902756,2025-02-17,701383,2,6000.00,50,1815.30,
902757,2025-05-19,701384,3,5400.00,,5400.00,Y
902758,2024-06-30,701386,1,5400.00,,1800.00,
902759,2024-07-07,701386,2,5400.00,,1800.00,N
902760,2024-07-14,701386,3,5400.00,,1800.00,1
902761,2025-04-11,701387,2,5400.00,,5400.00,1
902762,2024-07-31,701388,4,6000.00,,3000.00,N
902763,2024-08-07,701388,1,6000.00,,3000.00,Yes
902764,2023-12-16,701389,1,4200.00,,1400.00,N
902765,2023-12-23,701389,1,4200.00,,1400.00,0
902766,2023-12-30,701389,3,4200.00,,1400.00,Yes
902767,2024-07-15,701390,3,4200.00,,2100.00,N
902768,2024-07-22,701390,2,4200.00,,2100.00,1
902769,2024-12-18,701391,1,3500.00,,1166.67,N
902770,2024-12-25,701391,4,3500.00,,1166.67,No
902771,2025-01-01,701391,2,3500.00,,1166.66,1
902772,2024-08-02,701392,2,3500.00,,3500.00,Yes
902773,2025-06-03,701393,3,5400.00,,5400.00,1
902774,2024-05-11,701394,2,6000.00,30,1298.21,No
902775,2023-12-09,701395,1,5400.00,60,656.98,N
902776,2023-12-16,701395,5,5400.00,60,656.97,0
902777,2024-05-05,701396,5,7200.00,,1520.69,0
902778,2024-05-12,701396,5,7200.00,,1520.69,No
902779,2024-05-19,701396,4,7200.00,,1520.69,
902780,2024-05-26,701396,3,7200.00,,1520.68,0
902781,2024-08-03,701397,5,4200.00,40,622.00,N
902782,2025-06-23,701398,4,3500.00,50,1066.67,No
902783,2025-06-30,701398,4,3500.00,50,1066.67,0
902784,2025-07-07,701398,3,3500.00,50,1066.66,Y
902785,2024-01-27,701399,4,4800.00,,2400.00,No
902786,2024-02-03,701399,1,4800.00,,2400.00,1
902787,2023-12-05,701400,1,5400.00,20,4650.00,Y
902788,2025-08-18,701401,4,6000.00,,6000.00,Y
902789,2025-06-03,701402,2,4800.00,,1600.00,No
902790,2025-06-10,701402,5,4800.00,,1600.00,0
902791,2025-06-17,701402,4,4800.00,,1600.00,1
902792,2024-08-17,701403,4,7200.00,60,3600.00,No
902793,2024-08-24,701403,2,7200.00,60,3600.00,1
902794,2024-06-22,701404,3,4200.00,,1050.00,0
902795,2024-06-29,701404,4,4200.00,,1050.00,0
902796,2024-07-06,701404,2,4200.00,,1050.00,0
902797,2024-07-13,701404,4,4200.00,,1050.00,Y
902798,2025-03-19,701405,4,6000.00,60,6000.00,Y
902799,2025-08-11,701406,3,5400.00,,5400.00,Yes
902800,2023-12-29,701407,5,4200.00,,688.74,0
902801,2024-01-05,701407,5,4200.00,,688.74,No
902802,2024-01-12,701407,2,4200.00,,688.74,0
902803,2024-01-19,701407,5,4200.00,,688.73,
902804,2025-01-09,701408,5,3500.00,,1750.00,No
902805,2025-01-16,701408,2,3500.00,,1750.00,Yes
902806,2024-06-03,701409,2,3500.00,,2633.55,0
902807,2025-07-04,701410,1,4800.00,,2400.00,N
902808,2025-07-11,701410,1,4800.00,,2400.00,Y
902809,2024-04-17,701411,2,4800.00,10,2150.00,N
902810,2024-04-24,701411,4,4800.00,10,2150.00,Y
902811,2023-11-26,701412,4,7200.00,60,2556.49,N
902812,2023-12-03,701412,3,7200.00,60,2556.49,N
902813,2024-01-04,701413,5,4800.00,40,2800.00,1
902814,2025-04-08,701414,4,4800.00,10,1464.59,
902815,2025-04-15,701414,3,4800.00,10,1464.59,No
902816,2025-03-09,701415,5,5400.00,40,479.79,0
902817,2025-03-16,701415,3,5400.00,40,479.79,
902818,2025-03-23,701415,5,5400.00,40,479.79,N
902819,2025-03-30,701415,1,5400.00,40,479.78,No
902820,2024-10-10,701416,2,4800.00,10,2150.00,0
902821,2024-10-17,701416,5,4800.00,10,2150.00,1
902822,2023-12-07,701417,3,4200.00,,1555.18,N
902823,2023-12-14,701417,4,4200.00,,1555.18,No
902824,2023-12-10,701418,3,7200.00,10,2233.33,
902825,2023-12-17,701418,4,7200.00,10,2233.33,No
902826,2023-12-24,701418,1,7200.00,10,2233.34,Y
902827,2025-03-06,701419,3,7200.00,60,7200.00,Y
902828,2025-09-09,701420,5,4200.00,,1400.00,
902829,2025-09-16,701420,4,4200.00,,1400.00,0
902830,2025-09-23,701420,4,4200.00,,1400.00,Y
902831,2025-05-18,701421,2,7200.00,,7200.00,Y
902832,2025-04-14,701422,2,4200.00,10,1193.84,
902833,2025-04-21,701422,3,4200.00,10,1193.84,0
902834,2024-02-16,701423,1,7200.00,30,1110.83,
902835,2024-02-23,701423,3,7200.00,30,1110.83,No
902836,2024-08-29,701424,2,7200.00,20,1046.47,
902837,2024-09-05,701424,5,7200.00,20,1046.47,
902838,2024-09-12,701424,4,7200.00,20,1046.47,
902839,2024-09-19,701424,3,7200.00,20,1046.48,0
902840,2025-04-01,701425,4,3500.00,,875.00,N
902841,2025-04-08,701425,1,3500.00,,875.00,
902842,2025-04-15,701425,3,3500.00,,875.00,
902843,2025-04-22,701425,4,3500.00,,875.00,1
902844,2025-04-17,701427,1,7200.00,30,6000.00,Y
902845,2025-06-28,701428,5,5400.00,20,3063.70,No
902846,2024-02-23,701429,2,5400.00,20,1162.50,No
902847,2024-03-01,701429,4,5400.00,20,1162.50,0
902848,2024-03-08,701429,1,5400.00,20,1162.50,No
902849,2024-03-15,701429,3,5400.00,20,1162.50,Yes
902850,2025-05-06,701430,3,7200.00,40,2309.06,No
902851,2024-03-02,701431,1,7200.00,,2570.27,No
902852,2024-03-09,701431,5,7200.00,,2570.27,N
902853,2025-04-04,701432,5,3500.00,,3500.00,Y
902854,2024-06-04,701433,3,5400.00,20,1550.00,
902855,2024-06-11,701433,4,5400.00,20,1550.00,N
902856,2024-06-18,701433,2,5400.00,20,1550.00,Yes
902857,2024-02-03,701434,3,3500.00,40,1500.00,Yes
902858,2024-05-14,701435,4,4800.00,60,4800.00,1
902859,2024-11-01,701436,5,7200.00,,7200.00,1
902860,2024-03-30,701437,3,5400.00,20,1888.29,
902861,2024-10-10,701438,5,7200.00,40,5200.00,Y
902862,2024-07-21,701439,5,4800.00,40,1400.00,No
902863,2024-07-28,701439,2,4800.00,40,1400.00,Y
902864,2024-08-15,701440,1,4200.00,,4200.00,1
902865,2024-08-06,701441,5,7200.00,,2339.18,0
902866,2024-08-13,701441,1,7200.00,,2339.19,N
902867,2025-06-29,701442,3,6000.00,50,1900.00,0
902868,2025-07-06,701442,5,6000.00,50,1900.00,0
902869,2025-07-13,701442,3,6000.00,50,1900.00,1
902870,2025-09-13,701443,5,7200.00,50,3450.00,0
902871,2025-09-20,701443,3,7200.00,50,3450.00,Y
902872,2025-08-04,701444,3,6000.00,,3000.00,No
902873,2025-08-11,701444,4,6000.00,,3000.00,Yes
902874,2025-06-28,701445,4,4200.00,,1358.02,N
902875,2025-07-05,701445,2,4200.00,,1358.02,No
902876,2025-03-30,701446,3,3500.00,20,683.85,0
902877,2025-04-06,701446,2,3500.00,20,683.85,
902878,2024-07-26,701447,2,7200.00,,7200.00,Yes
902879,2024-09-09,701448,5,7200.00,60,3600.00,
902880,2024-09-16,701448,3,7200.00,60,3600.00,1
902881,2024-07-05,701449,4,4800.00,,1200.00,N
902882,2024-07-12,701449,3,4800.00,,1200.00,
902883,2024-07-19,701449,2,4800.00,,1200.00,N
902884,2024-07-26,701449,5,4800.00,,1200.00,1
902885,2024-01-21,701450,4,5400.00,10,2450.00,N
902886,2024-01-28,701450,2,5400.00,10,2450.00,Y
902887,2025-07-19,701451,4,7200.00,20,987.86,
902888,2025-07-26,701451,4,7200.00,20,987.86,0
902889,2025-09-06,701452,1,6000.00,60,2000.00,0
902890,2025-09-13,701452,5,6000.00,60,2000.00,
902891,2025-09-20,701452,4,6000.00,60,2000.00,1
902892,2025-07-15,701453,3,6000.00,,2000.00,0
902893,2025-07-22,701453,5,6000.00,,2000.00,
902894,2025-07-29,701453,1,6000.00,,2000.00,Yes
902895,2025-04-29,701454,4,5400.00,40,3400.00,Y
902896,2024-02-09,701455,3,5400.00,,5400.00,Yes
902897,2025-07-29,701456,1,4200.00,50,636.03,N
902898,2025-08-05,701456,5,4200.00,50,636.03,No
902899,2025-07-27,701457,2,7200.00,30,2411.99,N
902900,2025-08-03,701457,3,7200.00,30,2412.00,
902901,2025-02-17,701458,3,4200.00,,1088.23,No
902902,2025-08-11,701459,1,4800.00,,1600.00,No
902903,2025-08-18,701459,5,4800.00,,1600.00,
902904,2025-08-25,701459,2,4800.00,,1600.00,Yes
902905,2025-01-31,701460,1,4800.00,,2400.00,No
902906,2025-02-07,701460,1,4800.00,,2400.00,Yes
902907,2023-12-04,701461,4,5400.00,,1482.76,No
902908,2023-12-11,701461,2,5400.00,,1482.76,No
902909,2024-12-01,701462,1,4800.00,40,1400.00,
902910,2024-12-08,701462,1,4800.00,40,1400.00,1
902911,2025-06-06,701463,4,5400.00,,5400.00,Yes
902912,2025-07-26,701464,1,5400.00,,734.18,0
902913,2025-08-02,701464,5,5400.00,,734.18,No
902914,2025-08-09,701464,4,5400.00,,734.18,0
902915,2025-08-16,701464,1,5400.00,,734.20,0
902916,2025-02-11,701465,3,6000.00,30,4800.00,Y
902917,2025-08-13,701466,2,3500.00,20,2750.00,Y
902918,2025-06-03,701467,4,5400.00,20,1142.90,No
902919,2025-06-10,701467,5,5400.00,20,1142.91,
902920,2023-11-27,701468,3,5400.00,,1350.00,
902921,2023-12-04,701468,5,5400.00,,1350.00,0
902922,2023-12-11,701468,2,5400.00,,1350.00,0
902923,2023-12-18,701468,1,5400.00,,1350.00,1
902924,2024-11-28,701469,5,7200.00,50,2300.00,N
902925,2024-12-05,701469,3,7200.00,50,2300.00,
902926,2024-12-12,701469,4,7200.00,50,2300.00,1
902927,2024-01-31,701470,3,6000.00,,2117.99,
902928,2024-03-10,701471,2,4800.00,50,4500.00,Y
902929,2024-10-28,701472,3,4800.00,,1200.00,
902930,2024-11-04,701472,4,4800.00,,1200.00,
902931,2024-11-11,701472,3,4800.00,,1200.00,0
902932,2024-11-18,701472,3,4800.00,,1200.00,1
902933,2024-05-06,701473,4,3500.00,,228.07,No
902934,2024-05-13,701473,4,3500.00,,228.07,No
902935,2024-05-20,701473,5,3500.00,,228.07,0
902936,2024-05-27,701473,4,3500.00,,228.08,No
902937,2024-09-06,701474,4,4200.00,10,2343.26,N
902938,2025-05-13,701475,4,3500.00,,1750.00,0
902939,2025-05-20,701475,2,3500.00,,1750.00,Y
902940,2024-04-29,701476,2,7200.00,40,746.00,
902941,2024-05-06,701476,1,7200.00,40,746.00,
902942,2024-05-13,701476,5,7200.00,40,745.99,0
902943,2025-07-20,701477,5,4800.00,30,1810.65,N
902944,2025-03-15,701479,3,7200.00,,1118.09,0
902945,2025-03-22,701479,2,7200.00,,1118.09,
902946,2025-03-29,701479,3,7200.00,,1118.10,No
902947,2024-12-13,701480,2,4800.00,20,687.84,0
902948,2024-12-20,701480,5,4800.00,20,687.84,N
902949,2024-12-27,701480,1,4800.00,20,687.84,0
902950,2025-01-03,701480,3,4800.00,20,687.82,
902951,2024-01-30,701481,2,4800.00,,3288.34,
902952,2025-04-10,701482,3,4800.00,20,4050.00,Y
902953,2025-01-17,701483,1,7200.00,50,6900.00,1
902954,2024-10-12,701484,3,5400.00,30,1126.75,N
902955,2024-10-19,701484,5,5400.00,30,1126.75,
902956,2024-03-15,701485,5,4200.00,,4200.00,1
902957,2025-08-18,701486,4,4200.00,,210.16,
902958,2025-08-25,701486,2,4200.00,,210.16,0
902959,2025-09-01,701486,1,4200.00,,210.16,N
902960,2025-09-08,701486,2,4200.00,,210.15,0
902961,2024-01-06,701487,3,4200.00,10,1233.33,N
902962,2024-01-13,701487,4,4200.00,10,1233.33,No
902963,2024-01-20,701487,5,4200.00,10,1233.34,1
902964,2025-06-16,701488,5,4800.00,30,1904.48,
902965,2025-02-24,701489,4,3500.00,50,3200.00,Yes
902966,2024-11-06,701492,2,7200.00,,7200.00,Yes
902967,2025-06-22,701493,1,6000.00,,6000.00,Yes
902968,2024-01-18,701494,3,4200.00,,3405.65,0
902969,2024-07-24,701495,2,3500.00,30,193.91,N
902970,2024-07-31,701495,2,3500.00,30,193.91,N
902971,2024-08-07,701495,1,3500.00,30,193.91,No
902972,2024-08-14,701495,2,3500.00,30,193.89,
902973,2025-08-21,701496,4,7200.00,40,3912.69,No
902974,2024-07-09,701497,4,7200.00,,1067.41,N
902975,2024-07-16,701497,5,7200.00,,1067.41,No
902976,2024-07-23,701497,2,7200.00,,1067.40,
902977,2024-06-01,701498,4,5400.00,20,2299.89,N
902978,2025-03-07,701499,4,6000.00,,6000.00,Y
902979,2024-03-16,701500,5,6000.00,20,5250.00,Y
902980,2025-07-30,701501,4,4800.00,,1600.00,N
902981,2025-08-06,701501,5,4800.00,,1600.00,No
902982,2025-08-13,701501,2,4800.00,,1600.00,1
902983,2024-02-01,701503,5,7200.00,10,6700.00,1
902984,2025-07-14,701504,5,7200.00,50,3450.00,
902985,2025-07-21,701504,1,7200.00,50,3450.00,1
902986,2024-11-25,701505,1,5400.00,,1106.41,
902987,2024-12-02,701505,2,5400.00,,1106.42,No
902988,2024-03-20,701507,5,4800.00,,546.51,No
902989,2024-03-27,701507,3,4800.00,,546.51,No
902990,2025-06-14,701508,3,7200.00,,2515.27,N
902991,2025-06-21,701508,1,7200.00,,2515.27,0
902992,2025-06-12,701509,1,7200.00,20,3225.00,No
902993,2025-06-19,701509,4,7200.00,20,3225.00,1
902994,2024-11-28,701511,5,4800.00,30,2373.41,N
902995,2024-12-12,701512,5,4200.00,50,1300.00,No
902996,2024-12-19,701512,1,4200.00,50,1300.00,No
902997,2024-12-26,701512,1,4200.00,50,1300.00,1
902998,2024-02-08,701513,1,3500.00,30,2300.00,Yes
902999,2024-04-28,701514,5,6000.00,60,3000.00,No
903000,2024-05-05,701514,5,6000.00,60,3000.00,1
903001,2024-03-29,701515,3,7200.00,10,2854.66,N
903002,2025-08-19,701516,2,5400.00,,1800.00,
903003,2025-08-26,701516,5,5400.00,,1800.00,0
903004,2025-09-02,701516,2,5400.00,,1800.00,Yes
903005,2024-03-14,701517,5,4200.00,,1400.00,No
903006,2024-03-21,701517,1,4200.00,,1400.00,No
903007,2024-03-28,701517,5,4200.00,,1400.00,Yes
903008,2024-09-30,701518,5,3500.00,40,634.17,N
903009,2024-10-07,701518,1,3500.00,40,634.17,N
903010,2024-08-29,701519,4,6000.00,,6000.00,Yes
903011,2024-08-22,701520,3,6000.00,,2261.35,N
903012,2024-08-20,701522,5,6000.00,50,1747.24,N
903013,2024-08-27,701522,3,6000.00,50,1747.25,0
903014,2024-08-03,701523,2,6000.00,,1500.00,0
903015,2024-08-10,701523,4,6000.00,,1500.00,N
903016,2024-08-17,701523,4,6000.00,,1500.00,0
903017,2024-08-24,701523,5,6000.00,,1500.00,1
903018,2024-12-23,701524,5,6000.00,40,1333.33,No
903019,2024-12-30,701524,5,6000.00,40,1333.33,N
903020,2025-01-06,701524,2,6000.00,40,1333.34,1
903021,2024-09-11,701525,1,4200.00,,4200.00,Yes
903022,2025-03-06,701526,5,7200.00,,1368.18,No
903023,2025-03-13,701526,3,7200.00,,1368.18,
903024,2025-03-20,701526,2,7200.00,,1368.18,N
903025,2025-03-27,701526,2,7200.00,,1368.19,
903026,2025-09-07,701527,1,6000.00,50,2850.00,N
903027,2025-09-14,701527,1,6000.00,50,2850.00,Y
903028,2024-05-03,701528,2,7200.00,40,2600.00,No
903029,2024-05-10,701528,3,7200.00,40,2600.00,Yes
903030,2025-09-24,701529,5,3500.00,20,857.21,0
903031,2025-05-01,701530,2,5400.00,20,2011.76,No
903032,2024-12-02,701531,5,3500.00,50,3200.00,Yes
903033,2025-07-15,701533,5,4200.00,10,438.79,
903034,2025-07-22,701533,5,4200.00,10,438.78,No
903035,2025-06-02,701535,5,7200.00,,1400.29,No
903036,2025-06-09,701535,1,7200.00,,1400.29,
903037,2025-06-16,701535,5,7200.00,,1400.30,N
903038,2024-04-12,701536,1,5400.00,,2302.72,No
903039,2024-04-19,701536,4,5400.00,,2302.72,
903040,2024-12-27,701537,3,5400.00,,1802.66,No
903041,2025-01-03,701537,2,5400.00,,1802.67,
903042,2024-10-02,701538,5,4200.00,30,864.90,
903043,2024-09-11,701539,1,7200.00,,3237.28,0
903044,2024-09-18,701539,1,7200.00,,3237.29,No
903045,2024-09-07,701540,1,5400.00,,2700.00,No
903046,2024-09-14,701540,1,5400.00,,2700.00,Y
903047,2024-10-01,701541,5,6000.00,50,5700.00,1
903048,2025-05-07,701542,5,7200.00,,1800.00,N
903049,2025-05-14,701542,5,7200.00,,1800.00,0
903050,2025-05-21,701542,3,7200.00,,1800.00,0
903051,2025-05-28,701542,5,7200.00,,1800.00,Y
903052,2024-01-13,701543,5,5400.00,50,2550.00,No
903053,2024-01-20,701543,5,5400.00,50,2550.00,Y
903054,2025-09-23,701544,5,4800.00,10,2150.00,N
903055,2025-09-30,701544,2,4800.00,10,2150.00,Y
903056,2025-05-24,701545,3,3500.00,30,533.69,No
903057,2025-05-31,701545,3,3500.00,30,533.69,No
903058,2025-06-07,701545,2,3500.00,30,533.70,0
903059,2023-12-27,701546,2,6000.00,,2288.08,No
903060,2024-01-03,701546,2,6000.00,,2288.08,0
903061,2025-06-09,701547,2,4800.00,40,450.31,N
903062,2025-06-16,701547,4,4800.00,40,450.31,N
903063,2025-06-23,701547,4,4800.00,40,450.31,N
903064,2025-06-30,701547,5,4800.00,40,450.30,
903065,2025-04-30,701548,3,5400.00,,2700.00,N
903066,2025-05-07,701548,3,5400.00,,2700.00,1
903067,2024-09-04,701549,3,4800.00,50,2250.00,No
903068,2024-09-11,701549,3,4800.00,50,2250.00,Yes
903069,2024-10-06,701550,3,3500.00,10,1500.00,No
903070,2024-10-13,701550,3,3500.00,10,1500.00,Y
903071,2025-01-07,701551,3,6000.00,,6000.00,Y
903072,2023-11-25,701552,2,6000.00,,1500.00,0
903073,2023-12-02,701552,5,6000.00,,1500.00,
903074,2023-12-09,701552,2,6000.00,,1500.00,0
903075,2023-12-16,701552,2,6000.00,,1500.00,1
903076,2024-03-05,701553,3,6000.00,,3000.00,0
903077,2024-03-12,701553,4,6000.00,,3000.00,Y
903078,2025-02-27,701554,5,3500.00,,1565.33,0
903079,2024-07-25,701555,1,4800.00,,1247.38,N
903080,2024-08-01,701555,5,4800.00,,1247.38,
903081,2024-04-02,701556,3,3500.00,50,3200.00,Yes
903082,2023-12-28,701557,4,5400.00,30,682.12,0
903083,2024-01-04,701557,3,5400.00,30,682.12,
903084,2024-01-11,701557,5,5400.00,30,682.12,0
903085,2024-01-18,701557,2,5400.00,30,682.12,
903086,2025-04-18,701558,3,6000.00,50,1425.00,0
903087,2025-04-25,701558,1,6000.00,50,1425.00,0
903088,2025-05-02,701558,3,6000.00,50,1425.00,
903089,2025-05-09,701558,3,6000.00,50,1425.00,Y
903090,2025-09-18,701559,5,4200.00,60,2100.00,
903091,2025-09-25,701559,2,4200.00,60,2100.00,Y
903092,2024-05-15,701561,3,4200.00,,4200.00,Yes
903093,2025-09-17,701562,4,6000.00,,3000.00,No
903094,2025-09-24,701562,4,6000.00,,3000.00,1
903095,2024-12-14,701564,3,6000.00,,1500.00,No
903096,2024-12-21,701564,4,6000.00,,1500.00,No
903097,2024-12-28,701564,3,6000.00,,1500.00,
903098,2025-01-04,701564,4,6000.00,,1500.00,Y
903099,2024-07-16,701565,4,5400.00,,5400.00,Y
903100,2025-03-15,701567,5,7200.00,,1800.00,
903101,2025-03-22,701567,2,7200.00,,1800.00,No
903102,2025-03-29,701567,3,7200.00,,1800.00,0
903103,2025-04-05,701567,1,7200.00,,1800.00,Yes
903104,2025-09-05,701568,5,3500.00,,1750.00,No
903105,2025-09-12,701568,5,3500.00,,1750.00,Y
903106,2025-09-28,701569,2,7200.00,60,7200.00,Y
903107,2023-12-26,701570,2,4200.00,,4200.00,Y
903108,2024-08-10,701571,1,5400.00,,1149.40,
903109,2024-08-17,701571,4,5400.00,,1149.40,0
903110,2024-08-24,701571,3,5400.00,,1149.41,N
903111,2024-11-05,701572,2,3500.00,,3500.00,1
903112,2024-05-30,701573,3,4200.00,40,1100.00,No
903113,2024-06-06,701573,4,4200.00,40,1100.00,Yes
903114,2024-09-27,701574,5,4200.00,40,733.33,
903115,2024-10-04,701574,5,4200.00,40,733.33,0
903116,2024-10-11,701574,5,4200.00,40,733.34,1
903117,2024-09-29,701575,2,3500.00,60,875.00,N
903118,2024-10-06,701575,5,3500.00,60,875.00,
903119,2024-10-13,701575,1,3500.00,60,875.00,
903120,2024-10-20,701575,4,3500.00,60,875.00,Y
903121,2024-07-11,701576,2,4200.00,50,1300.00,0
903122,2024-07-18,701576,4,4200.00,50,1300.00,0
903123,2024-07-25,701576,3,4200.00,50,1300.00,Yes
903124,2025-08-21,701577,1,6000.00,,1065.72,No
903125,2025-08-28,701577,1,6000.00,,1065.72,0
903126,2025-09-04,701577,2,6000.00,,1065.71,0
903127,2025-08-23,701578,3,3500.00,,1750.00,No
903128,2025-08-30,701578,3,3500.00,,1750.00,Y
903129,2025-02-20,701579,5,3500.00,,875.00,N
903130,2025-02-27,701579,3,3500.00,,875.00,No
903131,2025-03-06,701579,1,3500.00,,875.00,No
903132,2025-03-13,701579,3,3500.00,,875.00,1
903133,2024-02-24,701580,3,5400.00,20,2261.91,
903134,2024-06-22,701581,1,5400.00,10,515.89,No
903135,2024-06-29,701581,4,5400.00,10,515.89,
903136,2025-08-21,701582,3,5400.00,60,2700.00,No
903137,2025-08-28,701582,2,5400.00,60,2700.00,1
903138,2024-05-23,701583,2,5400.00,20,945.06,
903139,2024-05-30,701583,1,5400.00,20,945.06,N
903140,2024-06-06,701583,3,5400.00,20,945.07,N
903141,2025-09-20,701584,1,7200.00,40,578.14,0
903142,2025-09-27,701584,4,7200.00,40,578.14,N
903143,2025-10-04,701584,2,7200.00,40,578.15,
903144,2025-05-25,701585,2,6000.00,,1500.00,No
903145,2025-06-01,701585,3,6000.00,,1500.00,N
903146,2025-06-08,701585,2,6000.00,,1500.00,0
903147,2025-06-15,701585,2,6000.00,,1500.00,Y
903148,2025-07-03,701586,4,4200.00,,1050.00,No
903149,2025-07-10,701586,3,4200.00,,1050.00,N
903150,2025-07-17,701586,1,4200.00,,1050.00,N
903151,2025-07-24,701586,4,4200.00,,1050.00,Y
903152,2024-09-20,701587,3,7200.00,,3600.00,No
903153,2024-09-27,701587,5,7200.00,,3600.00,Yes
903154,2025-08-31,701589,3,3500.00,,1166.67,
903155,2025-09-07,701589,2,3500.00,,1166.67,
903156,2025-09-14,701589,3,3500.00,,1166.66,1
903157,2025-01-23,701590,4,3500.00,,2184.61,N
903158,2024-05-22,701591,5,5400.00,,543.93,
903159,2024-05-29,701591,2,5400.00,,543.93,N
903160,2024-12-04,701592,4,5400.00,60,4707.67,N
903161,2024-10-25,701593,2,3500.00,,3500.00,Y
903162,2024-08-28,701594,1,7200.00,40,361.32,N
903163,2024-09-04,701594,4,7200.00,40,361.32,N
903164,2024-09-11,701594,3,7200.00,40,361.32,N
903165,2024-09-18,701594,1,7200.00,40,361.34,N
903166,2023-12-15,701595,4,3500.00,,3500.00,Yes
903167,2024-02-15,701596,4,4800.00,,1200.00,
903168,2024-02-22,701596,2,4800.00,,1200.00,0
903169,2024-02-29,701596,1,4800.00,,1200.00,No
903170,2024-03-07,701596,2,4800.00,,1200.00,Yes
903171,2024-08-29,701597,4,5400.00,30,2100.00,N
903172,2024-09-05,701597,1,5400.00,30,2100.00,1
903173,2024-05-30,701598,4,7200.00,,3266.69,No
903174,2024-11-27,701599,2,7200.00,,1167.23,0
903175,2024-12-04,701599,4,7200.00,,1167.23,
903176,2024-12-11,701599,2,7200.00,,1167.23,No
903177,2024-12-18,701599,2,7200.00,,1167.25,No
903178,2024-02-07,701600,2,3500.00,,2454.94,0
903179,2025-04-30,701601,4,7200.00,,7200.00,Yes
903180,2024-07-28,701602,5,3500.00,30,412.19,0
903181,2024-08-04,701602,2,3500.00,30,412.19,N
903182,2024-08-11,701602,5,3500.00,30,412.19,0
903183,2024-08-18,701602,3,3500.00,30,412.19,
903184,2024-12-30,701603,3,3500.00,,3500.00,1
903185,2025-05-21,701604,4,6000.00,,6000.00,Y
903186,2025-03-21,701605,2,5400.00,20,1278.40,No
903187,2025-03-28,701605,3,5400.00,20,1278.40,No
903188,2025-04-04,701605,3,5400.00,20,1278.41,
903189,2025-08-24,701606,1,7200.00,50,3450.00,
903190,2025-08-31,701606,2,7200.00,50,3450.00,1
903191,2025-06-18,701607,1,5400.00,40,1133.33,0
903192,2025-06-25,701607,5,5400.00,40,1133.33,
903193,2025-07-02,701607,5,5400.00,40,1133.34,1
903194,2024-03-25,701608,5,4200.00,,1050.00,No
903195,2024-04-01,701608,2,4200.00,,1050.00,
903196,2024-04-08,701608,4,4200.00,,1050.00,N
903197,2024-04-15,701608,1,4200.00,,1050.00,1
903198,2025-09-23,701609,4,4200.00,10,925.00,No
903199,2025-09-30,701609,1,4200.00,10,925.00,No
903200,2025-10-07,701609,5,4200.00,10,925.00,
903201,2025-10-14,701609,5,4200.00,10,925.00,Yes
903202,2024-02-13,701610,4,4800.00,20,4050.00,1
903203,2025-07-06,701611,4,7200.00,,2393.64,0
903204,2025-07-13,701611,2,7200.00,,2393.65,No
903205,2024-03-29,701612,3,5400.00,,1350.00,N
903206,2024-04-05,701612,4,5400.00,,1350.00,No
903207,2024-04-12,701612,4,5400.00,,1350.00,No
903208,2024-04-19,701612,1,5400.00,,1350.00,Yes
903209,2025-01-30,701613,3,5400.00,10,4900.00,1
903210,2025-08-24,701614,2,3500.00,,2225.26,
903211,2024-01-10,701615,2,6000.00,40,1333.33,
903212,2024-01-17,701615,1,6000.00,40,1333.33,N
903213,2024-01-24,701615,5,6000.00,40,1333.34,1
903214,2024-07-04,701616,5,4800.00,,652.25,No
903215,2024-07-11,701616,3,4800.00,,652.25,0
903216,2024-07-18,701616,1,4800.00,,652.25,No
903217,2024-06-08,701617,4,4800.00,,2400.00,No
903218,2024-06-15,701617,2,5000.00,,2400.00,Yes
903219,2024-01-17,701618,3,7200.00,40,2264.52,
903220,2024-01-24,701618,3,7200.00,40,2264.52,No
903221,2024-11-28,701619,3,4200.00,,1400.00,No
903222,2024-12-05,701619,3,4200.00,,1400.00,0
903223,2024-12-12,701619,4,4200.00,,1400.00,1
903224,2023-12-05,701620,4,7200.00,,7200.00,Yes
903225,2024-12-07,701622,3,7200.00,,3600.00,N
903226,2024-12-14,701622,2,7200.00,,3600.00,Yes
903227,2025-04-15,701623,1,3500.00,40,375.00,
903228,2025-04-22,701623,3,3500.00,40,375.00,0
903229,2025-04-29,701623,4,3500.00,40,375.00,N
903230,2025-05-06,701623,2,3500.00,40,375.00,1
903231,2024-06-20,701624,1,3500.00,,1750.00,No
903232,2024-06-27,701624,1,3500.00,,1750.00,Yes
903233,2024-04-06,701625,2,3500.00,60,1166.67,0
903234,2024-04-13,701625,2,3500.00,60,1166.67,0
903235,2024-04-20,701625,3,3500.00,60,1166.66,Yes
903236,2025-04-26,701626,2,4800.00,60,1200.00,0
903237,2025-05-03,701626,2,4800.00,60,1200.00,0
903238,2025-05-10,701626,4,4800.00,60,1200.00,
903239,2025-05-17,701626,5,4800.00,60,1200.00,Yes
903240,2024-10-07,701627,3,4200.00,50,1092.62,
903241,2024-10-14,701627,3,4200.00,50,1092.62,No
903242,2024-10-21,701627,5,4200.00,50,1092.61,No
903243,2025-01-07,701628,1,4800.00,,4152.05,
903244,2025-09-18,701629,1,5400.00,,1350.00,No
903245,2025-09-25,701629,3,5400.00,,1350.00,
903246,2025-10-02,701629,1,5400.00,,1350.00,0
903247,2025-10-09,701629,1,5400.00,,1350.00,1
903248,2024-03-10,701630,3,4200.00,,1834.84,
903249,2024-03-17,701630,1,4200.00,,1834.83,0
903250,2024-10-11,701631,2,4800.00,,1075.77,
903251,2024-10-18,701631,2,4800.00,,1075.77,No
903252,2024-10-25,701631,1,4800.00,,1075.76,No
903253,2024-03-26,701632,2,4800.00,20,4050.00,Yes
903254,2025-07-03,701633,2,5400.00,40,3400.00,Y
903255,2025-05-15,701634,2,3500.00,,2757.84,0
903256,2024-03-04,701635,2,5400.00,20,726.89,0
903257,2024-03-11,701635,1,5400.00,20,726.89,N
903258,2024-03-18,701635,3,5400.00,20,726.89,No
903259,2024-03-25,701635,3,5400.00,20,726.88,N
903260,2025-02-06,701636,5,7200.00,,1249.87,0
903261,2025-02-13,701636,5,7200.00,,1249.87,
903262,2025-02-20,701636,4,7200.00,,1249.87,No
903263,2024-03-25,701637,1,4200.00,20,1437.47,
903264,2024-09-01,701638,3,4200.00,,854.63,N
903265,2024-09-08,701638,5,4200.00,,854.64,No
903266,2025-08-12,701639,2,6000.00,30,2400.00,
903267,2025-08-19,701639,3,6000.00,30,2400.00,Yes
903268,2025-07-02,701640,5,4200.00,,4200.00,Y
903269,2024-02-04,701641,1,6000.00,30,4800.00,1
903270,2024-02-17,701642,3,4200.00,20,1725.00,No
903271,2024-02-24,701642,5,4200.00,20,1725.00,Y
903272,2025-05-11,701643,1,4200.00,,899.51,
903273,2025-05-18,701643,3,4200.00,,899.51,N
903274,2025-05-25,701643,4,4200.00,,899.51,0
903275,2025-06-01,701643,3,4200.00,,899.51,N
903276,2025-08-03,701644,5,6000.00,20,1750.00,0
903277,2025-08-10,701644,4,6000.00,20,1750.00,0
903278,2025-08-17,701644,1,6000.00,20,1750.00,Yes
903279,2025-07-03,701645,1,3500.00,,1166.67,N
903280,2025-07-10,701645,2,3500.00,,1166.67,N
903281,2025-07-17,701645,2,3500.00,,1166.66,Y
903282,2024-08-07,701646,1,5400.00,20,4650.00,Y
903283,2025-06-04,701647,3,5400.00,50,1788.81,No
903284,2024-07-07,701648,1,3500.00,50,1600.00,
903285,2024-07-14,701648,5,3500.00,50,1600.00,1
903286,2025-09-11,701649,5,4200.00,40,1075.14,No
903287,2025-01-21,701650,1,4200.00,,2100.00,No
903288,2025-01-28,701650,3,4200.00,,2100.00,Yes
903289,2024-05-16,701651,4,5400.00,60,1350.00,0
903290,2024-05-23,701651,3,5400.00,60,1350.00,N
903291,2024-05-30,701651,2,5400.00,60,1350.00,0
903292,2024-06-06,701651,2,5400.00,60,1350.00,Y
903293,2024-10-22,701652,5,4200.00,10,1850.00,
903294,2024-10-29,701652,5,4200.00,10,1850.00,Yes
903295,2025-07-25,701654,4,5400.00,,840.96,0
903296,2025-08-01,701654,2,5400.00,,840.96,N
903297,2025-08-08,701654,2,5400.00,,840.95,N
903298,2024-10-03,701655,1,4200.00,,1050.00,0
903299,2024-10-10,701655,2,4200.00,,1050.00,N
903300,2024-10-17,701655,3,4200.00,,1050.00,N
903301,2024-10-24,701655,5,4200.00,,1050.00,Y
903302,2024-09-11,701656,1,4200.00,40,1100.00,No
903303,2024-09-18,701656,3,4200.00,40,1100.00,Y
903304,2025-08-23,701657,5,7200.00,50,930.08,N
903305,2025-08-30,701657,4,7200.00,50,930.07,No
903306,2023-12-27,701658,4,3500.00,,3500.00,1
903307,2025-07-26,701659,3,5400.00,20,1162.50,0
903308,2025-08-02,701659,3,5400.00,20,1162.50,No
903309,2025-08-09,701659,1,5400.00,20,1162.50,0
903310,2025-08-16,701659,4,5400.00,20,1162.50,1
903311,2024-07-04,701660,5,7200.00,,1572.34,0
903312,2024-07-11,701660,3,7200.00,,1572.34,N
903313,2024-07-18,701660,3,7200.00,,1572.33,
903314,2024-06-20,701661,1,3500.00,,2675.97,0
903315,2024-08-18,701662,4,4800.00,20,1152.90,0
903316,2024-08-25,701662,1,4800.00,20,1152.91,0
903317,2025-09-26,701663,5,7200.00,,1148.36,
903318,2025-10-03,701663,2,7200.00,,1148.36,N
903319,2025-10-10,701663,4,7200.00,,1148.36,No
903320,2025-10-17,701663,1,7200.00,,1148.36,No
903321,2024-07-10,701664,3,4200.00,30,1000.00,No
903322,2024-07-17,701664,1,4200.00,30,1000.00,N
903323,2024-07-24,701664,4,4200.00,30,1000.00,Y
903324,2025-08-20,701665,3,6000.00,50,2850.00,
903325,2025-08-27,701665,2,6000.00,50,2850.00,Yes
903326,2025-07-30,701666,4,3500.00,,1166.67,No
903327,2025-08-06,701666,4,3500.00,,1166.67,
903328,2025-08-13,701666,3,3500.00,,1166.66,Y
903329,2024-09-30,701667,1,5400.00,,1115.81,No
903330,2024-10-07,701667,3,5400.00,,1115.81,No
903331,2025-07-21,701668,1,6000.00,10,2750.00,
903332,2025-07-28,701668,4,6000.00,10,2750.00,Yes
903333,2024-04-02,701669,2,7200.00,,1800.00,
903334,2024-04-09,701669,2,7200.00,,1800.00,No
903335,2024-04-16,701669,2,7200.00,,1800.00,
903336,2024-04-23,701669,2,7200.00,,1800.00,Yes
903337,2025-08-23,701670,4,5400.00,,2071.94,
903338,2025-08-30,701670,1,5400.00,,2071.94,No
903339,2024-02-18,701671,2,4200.00,,1400.00,
903340,2024-02-25,701671,3,4200.00,,1400.00,0
903341,2024-03-03,701671,4,4200.00,,1400.00,Y
903342,2025-04-18,701672,5,4200.00,20,1150.00,No
903343,2025-04-25,701672,2,4200.00,20,1150.00,N
903344,2025-05-02,701672,5,4200.00,20,1150.00,Yes
903345,2025-04-16,701673,5,3500.00,40,1500.00,Y
903346,2025-05-31,701674,1,5400.00,,1800.00,No
903347,2025-06-07,701674,2,5400.00,,1800.00,0
903348,2025-06-14,701674,5,5400.00,,1800.00,Yes
903349,2024-05-18,701675,3,4800.00,20,4050.00,1
903350,2025-01-14,701676,4,4200.00,,1050.00,N
903351,2025-01-21,701676,4,4200.00,,1050.00,0
903352,2025-01-28,701676,3,4200.00,,1050.00,No
903353,2025-02-04,701676,1,4200.00,,1050.00,Y
903354,2024-04-12,701677,4,4800.00,40,2800.00,Y
903355,2024-02-05,701678,3,5400.00,50,1410.72,0
903356,2024-02-12,701678,3,5400.00,50,1410.73,0
903357,2024-10-28,701679,5,4200.00,,2826.27,N
903358,2025-03-06,701680,1,3500.00,20,2750.00,1
903359,2025-09-11,701681,2,3500.00,,1166.67,
903360,2025-09-18,701681,3,3500.00,,1166.67,
903361,2025-09-25,701681,1,3500.00,,1166.66,Y
903362,2023-11-26,701682,4,3500.00,,1750.00,0
903363,2023-12-03,701682,4,3500.00,,1750.00,1
903364,2024-05-31,701683,4,5400.00,,2700.00,
903365,2024-06-07,701683,3,5400.00,,2700.00,Yes
903366,2025-06-26,701684,5,5400.00,40,1700.00,No
903367,2025-07-03,701684,5,5400.00,40,1700.00,Y
903368,2024-07-09,701685,2,6000.00,,6000.00,Yes
903369,2024-08-14,701686,1,4800.00,,2400.00,N
903370,2024-08-21,701686,5,4800.00,,2400.00,Y
903371,2024-03-18,701687,2,3500.00,,577.88,
903372,2024-03-25,701687,1,3500.00,,577.88,0
903373,2025-02-21,701688,4,5400.00,,2700.00,
903374,2025-02-28,701688,4,5400.00,,2700.00,Yes
903375,2025-01-20,701689,2,3500.00,40,750.00,No
903376,2025-01-27,701689,5,3500.00,40,750.00,Y
903377,2024-12-21,701690,1,4200.00,,1696.57,0
903378,2024-12-28,701690,1,4200.00,,1696.57,No
903379,2024-02-26,701691,2,5400.00,30,608.37,0
903380,2024-03-04,701691,1,5400.00,30,608.37,N
903381,2025-01-29,701692,1,4200.00,,452.83,0
903382,2025-02-05,701692,2,4200.00,,452.84,N
903383,2024-01-02,701693,5,5400.00,,5400.00,1
903384,2025-01-10,701694,5,7200.00,30,6000.00,Y
903385,2024-09-26,701695,1,3500.00,60,1020.88,No
903386,2024-10-03,701695,4,3500.00,60,1020.87,
903387,2025-02-26,701696,4,7200.00,20,1005.82,N
903388,2025-03-05,701696,1,7200.00,20,1005.82,N
903389,2025-03-12,701696,3,7200.00,20,1005.82,0
903390,2024-10-31,701697,4,4800.00,40,2800.00,Y
903391,2025-09-20,701698,3,3500.00,,344.11,
903392,2025-09-27,701698,2,3500.00,,344.11,
903393,2025-10-04,701698,1,3500.00,,344.10,No
903394,2024-05-01,701699,1,4200.00,,1025.72,
903395,2024-05-08,701699,5,4200.00,,1025.72,0
903396,2024-06-22,701700,3,3500.00,50,1289.22,
903397,2024-06-29,701700,1,3500.00,50,1289.23,0
903398,2023-12-04,701701,4,6000.00,50,1425.00,No
903399,2023-12-11,701701,4,6000.00,50,1425.00,
903400,2023-12-18,701701,4,6000.00,50,1425.00,No
903401,2023-12-25,701701,1,6000.00,50,1425.00,Y
903402,2025-07-06,701702,5,6000.00,,2000.00,N
903403,2025-07-13,701702,4,6000.00,,2000.00,No
903404,2025-07-20,701702,2,6000.00,,2000.00,Yes
903405,2024-10-16,701703,5,4800.00,20,2025.00,N
903406,2024-10-23,701703,3,4800.00,20,2025.00,1
903407,2025-09-28,701704,1,3500.00,,3500.00,Yes
903408,2024-02-22,701705,5,3500.00,,1205.94,No
903409,2024-02-29,701705,4,3500.00,,1205.95,No
903410,2025-01-17,701706,2,3500.00,30,866.64,0
903411,2025-01-24,701706,5,3500.00,30,866.65,
903412,2023-12-05,701707,1,3500.00,,3500.00,1
903413,2025-07-04,701708,2,3500.00,,1166.67,N
903414,2025-07-11,701708,3,3500.00,,1166.67,No
903415,2025-07-18,701708,1,3500.00,,1166.66,Yes
903416,2024-04-22,701709,1,4200.00,50,1300.00,0
903417,2024-04-29,701709,4,4200.00,50,1300.00,
903418,2024-05-06,701709,4,4200.00,50,1300.00,1
903419,2025-04-02,701710,3,3500.00,40,266.19,No
903420,2025-04-09,701710,5,3500.00,40,266.19,N
903421,2025-04-16,701710,2,3500.00,40,266.19,
903422,2025-04-23,701710,1,3500.00,40,266.20,0
903423,2025-03-27,701711,1,5400.00,60,5400.00,Y
903424,2024-01-07,701712,2,6000.00,10,1423.71,0
903425,2024-01-14,701712,5,6000.00,10,1423.72,
903426,2025-01-28,701713,1,6000.00,,6000.00,1
903427,2025-02-28,701714,5,4200.00,,1087.19,No
903428,2025-03-07,701714,1,4200.00,,1087.20,0
903429,2024-08-07,701715,2,6000.00,40,1333.33,N
903430,2024-08-14,701715,4,6000.00,40,1333.33,0
903431,2024-08-21,701715,2,6000.00,40,1333.34,1
903432,2025-02-03,701716,5,3500.00,,3500.00,Yes
903433,2024-12-30,701717,3,3500.00,,1750.00,No
903434,2025-01-06,701717,3,3500.00,,1750.00,Y
903435,2024-11-13,701718,4,4200.00,20,1725.00,N
903436,2024-11-20,701718,5,4200.00,20,1725.00,Y
903437,2025-06-12,701719,1,4800.00,40,1400.00,N
903438,2025-06-19,701719,3,4800.00,40,1400.00,1
903439,2024-03-18,701720,2,4200.00,,4200.00,Y
903440,2023-12-29,701721,5,7200.00,,1666.45,
903441,2024-01-05,701721,2,7200.00,,1666.45,
903442,2024-01-12,701721,5,7200.00,,1666.45,0
903443,2025-03-14,701722,1,6000.00,,2000.00,
903444,2025-03-21,701722,5,6000.00,,2000.00,No
903445,2025-03-28,701722,4,6000.00,,2000.00,1
903446,2024-03-04,701723,2,4800.00,,4800.00,1
903447,2023-12-03,701724,4,5400.00,40,1133.33,
903448,2023-12-10,701724,4,5400.00,40,1133.33,N
903449,2023-12-17,701724,2,5400.00,40,1133.34,1
903450,2025-05-04,701725,3,7200.00,20,3425.14,N
903451,2024-10-27,701726,3,3500.00,40,923.33,
903452,2024-09-09,701727,4,7200.00,30,6000.00,Y
903453,2025-06-12,701728,3,3500.00,60,1750.00,0
903454,2025-06-19,701728,4,3500.00,60,1750.00,Y
903455,2025-06-13,701729,2,3500.00,10,2404.33,N
903456,2025-04-21,701730,1,4200.00,,1400.00,N
903457,2025-04-28,701730,4,4200.00,,1400.00,
903458,2025-05-05,701730,1,4200.00,,1400.00,1
903459,2024-11-15,701731,3,7200.00,,3600.00,N
903460,2024-11-22,701731,4,7400.00,,3600.00,Yes
903461,2025-07-16,701732,3,3500.00,40,1252.60,No
903462,2024-03-23,701733,1,4200.00,10,1850.00,No
903463,2024-03-30,701733,3,4200.00,10,1850.00,Yes
903464,2024-06-15,701734,1,5400.00,40,3033.61,
903465,2024-12-03,701735,3,4800.00,,671.99,0
903466,2024-12-10,701735,5,4800.00,,671.98,No
903467,2024-01-29,701736,4,5400.00,50,2550.00,
903468,2024-02-05,701736,2,5400.00,50,2550.00,Y
903469,2024-07-10,701737,4,5400.00,50,1700.00,0
903470,2024-07-17,701737,5,5400.00,50,1700.00,N
903471,2024-07-24,701737,4,5400.00,50,1700.00,Y
903472,2025-08-06,701738,1,6000.00,30,785.33,N
903473,2025-08-13,701738,1,6000.00,30,785.32,No
903474,2024-07-15,701739,3,7200.00,60,7200.00,Y
903475,2024-11-15,701740,3,7200.00,,1703.75,No
903476,2024-11-22,701740,1,7200.00,,1703.75,0
903477,2024-11-29,701740,4,7200.00,,1703.76,0
903478,2025-04-18,701741,2,5400.00,20,4650.00,Yes
903479,2025-05-23,701742,3,6000.00,30,1200.00,No
903480,2025-05-30,701742,5,6000.00,30,1200.00,
903481,2025-06-06,701742,2,6000.00,30,1200.00,No
903482,2025-06-13,701742,5,6000.00,30,1200.00,1
903483,2025-04-02,701744,5,5400.00,,2700.00,0
903484,2025-04-09,701744,2,5400.00,,2700.00,1
903485,2024-08-14,701745,1,6000.00,,3634.96,
903486,2025-03-15,701746,2,4200.00,50,975.00,No
903487,2025-03-22,701746,2,4200.00,50,975.00,0
903488,2025-03-29,701746,1,4200.00,50,975.00,No
903489,2025-04-05,701746,1,4200.00,50,975.00,Y
903490,2025-03-04,701747,3,4200.00,60,1813.36,
903491,2023-11-27,701748,5,6000.00,,6000.00,1
903492,2024-01-20,701749,5,6000.00,40,213.06,N
903493,2024-01-27,701749,5,6000.00,40,213.06,
903494,2024-02-03,701749,4,6000.00,40,213.06,0
903495,2024-02-10,701749,5,6000.00,40,213.04,N
903496,2025-08-21,701750,4,6000.00,30,695.02,0
903497,2025-08-28,701750,5,6000.00,30,695.02,N
903498,2025-09-04,701750,5,6000.00,30,695.02,0
903499,2025-09-11,701750,5,6000.00,30,695.04,N
903500,2024-04-06,701751,3,4800.00,50,1125.00,No
903501,2024-04-13,701751,3,4800.00,50,1125.00,N
903502,2024-04-20,701751,3,4800.00,50,1125.00,0
903503,2024-04-27,701751,2,4800.00,50,1125.00,Y
903504,2025-04-07,701752,5,4200.00,30,1000.00,0
903505,2025-04-14,701752,4,4200.00,30,1000.00,N
903506,2025-04-21,701752,5,4200.00,30,1000.00,1
903507,2023-12-22,701753,3,4800.00,50,859.02,
903508,2023-12-29,701753,2,4800.00,50,859.02,N
903509,2024-01-05,701753,4,4800.00,50,859.03,0
903510,2025-08-23,701754,4,4200.00,20,1150.00,
903511,2025-08-30,701754,4,4200.00,20,1150.00,
903512,2025-09-06,701754,3,4200.00,20,1150.00,Y
903513,2024-12-27,701755,2,4200.00,,1313.80,
903514,2025-01-03,701755,1,4200.00,,1313.80,
903515,2024-09-20,701756,5,4800.00,20,213.16,
903516,2024-09-27,701756,2,4800.00,20,213.16,
903517,2024-10-04,701756,1,4800.00,20,213.16,No
903518,2024-10-11,701756,2,4800.00,20,213.18,0
903519,2023-11-26,701757,3,7200.00,,2400.00,N
903520,2023-12-03,701757,2,7200.00,,2400.00,0
903521,2023-12-10,701757,5,7200.00,,2400.00,1
903522,2025-03-29,701758,1,3500.00,60,896.58,No
903523,2025-04-05,701758,3,3500.00,60,896.58,No
903524,2024-08-19,701759,4,6000.00,20,1312.50,N
903525,2024-08-26,701759,1,6000.00,20,1312.50,No
903526,2024-09-02,701759,3,6000.00,20,1312.50,0
903527,2024-09-09,701759,2,6000.00,20,1312.50,Yes
903528,2024-07-06,701760,2,5400.00,10,4900.00,Y
903529,2024-12-03,701761,3,5400.00,30,2100.00,No
903530,2024-12-10,701761,4,5400.00,30,2100.00,Yes
903531,2025-07-23,701762,5,6000.00,,6000.00,1
903532,2024-10-01,701763,2,6000.00,,2000.00,N
903533,2024-10-08,701763,3,6000.00,,2000.00,No
903534,2024-10-15,701763,5,6000.00,,2000.00,1
903535,2024-09-10,701764,2,3500.00,,1750.00,0
903536,2024-09-17,701764,1,3500.00,,1750.00,1
903537,2025-02-25,701765,5,4800.00,60,1600.00,No
903538,2025-03-04,701765,3,4800.00,60,1600.00,N
903539,2025-03-11,701765,4,4800.00,60,1600.00,Y
903540,2025-07-20,701766,4,7200.00,,1800.00,0
903541,2025-07-27,701766,1,7200.00,,1800.00,
903542,2025-08-03,701766,2,7200.00,,1800.00,No
903543,2025-08-10,701766,5,7200.00,,1800.00,1
903544,2025-01-26,701767,4,7200.00,30,2000.00,0
903545,2025-02-02,701767,4,7200.00,30,2000.00,
903546,2025-02-09,701767,4,7200.00,30,2000.00,1
903547,2024-01-19,701768,3,6000.00,,2311.36,N
903548,2025-07-26,701769,1,7200.00,40,2242.49,N
903549,2025-08-02,701769,4,7200.00,40,2242.48,No
903550,2025-05-23,701771,3,6000.00,30,2833.05,N
903551,2025-03-17,701772,2,4200.00,50,3900.00,1
903552,2024-03-30,701773,4,7200.00,30,3000.00,0
903553,2024-04-06,701773,1,7200.00,30,3000.00,1
903554,2025-03-23,701774,2,3500.00,,636.33,No
903555,2025-03-30,701774,5,3500.00,,636.33,0
903556,2025-04-06,701774,3,3500.00,,636.34,N
903557,2025-04-28,701775,2,6000.00,30,813.66,
903558,2025-05-05,701775,3,6000.00,30,813.67,No
903559,2024-09-08,701776,3,7200.00,40,1733.33,
903560,2024-09-15,701776,1,7200.00,40,1733.33,No
903561,2024-09-22,701776,5,7200.00,40,1733.34,1
903562,2024-08-23,701777,5,6000.00,,6000.00,1
903563,2024-07-26,701778,5,4800.00,40,700.00,0
903564,2024-08-02,701778,1,4800.00,40,700.00,
903565,2024-08-09,701778,4,4800.00,40,700.00,N
903566,2024-08-16,701778,1,4800.00,40,700.00,1
903567,2025-02-25,701779,4,4800.00,,4800.00,1
903568,2024-12-07,701780,1,5400.00,,5400.00,Yes
903569,2024-01-27,701781,5,7200.00,,3600.00,No
903570,2024-02-03,701781,4,7200.00,,3600.00,Yes
903571,2024-12-28,701782,1,4800.00,60,1475.83,0
903572,2024-02-24,701783,3,7200.00,60,2400.00,0
903573,2024-03-02,701783,5,7200.00,60,2400.00,
903574,2024-03-09,701783,1,7200.00,60,2400.00,Yes
903575,2024-03-06,701784,4,6000.00,,6000.00,1
903576,2025-07-26,701785,3,6000.00,30,1470.13,N
903577,2025-08-02,701785,5,6000.00,30,1470.13,
903578,2024-09-07,701786,1,6000.00,20,5250.00,1
903579,2025-01-22,701787,5,4800.00,40,1675.28,No
903580,2024-08-09,701788,4,7200.00,40,2600.00,N
903581,2024-08-16,701788,3,7200.00,40,2600.00,1
903582,2024-11-10,701789,1,4800.00,,1226.48,N
903583,2023-12-01,701790,5,4200.00,,4200.00,Y
903584,2024-02-08,701791,1,7200.00,20,6450.00,Y
903585,2024-04-22,701792,3,6000.00,20,1607.83,No
903586,2024-04-29,701792,3,6000.00,20,1607.83,N
903587,2025-08-04,701793,2,4200.00,40,202.43,N
903588,2025-08-11,701793,3,4200.00,40,202.43,N
903589,2025-08-18,701793,1,4200.00,40,202.43,N
903590,2025-08-25,701793,2,4200.00,40,202.41,0
903591,2025-09-28,701794,1,4200.00,,1809.68,0
903592,2023-12-17,701795,2,4800.00,40,840.59,
903593,2023-12-24,701795,1,4800.00,40,840.59,No
903594,2024-10-27,701796,5,6000.00,,6000.00,Yes
903595,2025-05-25,701797,2,5400.00,,1350.00,0
903596,2025-06-01,701797,2,5400.00,,1350.00,N
903597,2025-06-08,701797,1,5400.00,,1350.00,No
903598,2025-06-15,701797,3,5400.00,,1350.00,Y
903599,2025-05-29,701798,1,6000.00,,2000.00,No
903600,2025-06-05,701798,4,6000.00,,2000.00,
903601,2025-06-12,701798,1,6000.00,,2000.00,Y
903602,2025-03-19,701799,4,3500.00,40,500.00,N
903603,2025-03-26,701799,2,3500.00,40,500.00,0
903604,2025-04-02,701799,2,3500.00,40,500.00,Yes
903605,2025-02-09,701800,5,4800.00,10,1210.14,N
903606,2025-02-16,701800,4,4800.00,10,1210.14,N
903607,2024-06-27,701801,1,4200.00,10,1850.00,N
903608,2024-07-04,701801,1,4200.00,10,1850.00,1
903609,2024-03-30,701802,2,5400.00,60,2400.03,
903610,2024-04-06,701802,2,5400.00,60,2400.04,No
903611,2024-03-30,701803,2,6000.00,,2000.00,0
903612,2024-04-06,701803,1,6000.00,,2000.00,0
903613,2024-04-13,701803,2,6000.00,,2000.00,1
903614,2025-04-04,701804,2,7200.00,,3600.00,N
903615,2025-04-11,701804,5,7200.00,,3600.00,Y
903616,2025-07-17,701805,3,4800.00,,2400.00,No
903617,2025-07-24,701805,4,4800.00,,2400.00,Y
903618,2025-01-14,701806,5,5400.00,,813.13,
903619,2025-01-21,701806,5,5400.00,,813.13,N
903620,2025-01-28,701806,4,5400.00,,813.13,No
903621,2025-02-04,701806,1,5400.00,,813.14,0
903622,2024-02-18,701808,3,4800.00,50,2250.00,
903623,2024-02-25,701808,2,4800.00,50,2250.00,Yes
903624,2025-03-26,701809,5,4200.00,,4200.00,Yes
903625,2023-12-26,701810,1,5400.00,,5400.00,Yes
903626,2025-02-01,701812,3,5400.00,,1800.00,
903627,2025-02-08,701812,4,5400.00,,1800.00,No
903628,2025-02-15,701812,5,5400.00,,1800.00,Yes
903629,2024-09-14,701813,5,4200.00,20,1725.00,
903630,2024-09-21,701813,1,4200.00,20,1725.00,Yes
903631,2023-12-25,701814,5,5400.00,20,1550.00,0
903632,2024-01-01,701814,5,5400.00,20,1550.00,No
903633,2024-01-08,701814,1,5400.00,20,1550.00,Yes
903634,2025-01-31,701815,4,3500.00,,3082.55,No
903635,2025-04-26,701816,3,4200.00,,2100.00,N
903636,2025-05-03,701816,3,4200.00,,2100.00,Y
903637,2025-07-28,701817,3,3500.00,50,1600.00,N
903638,2025-08-04,701817,2,3500.00,50,1600.00,1
903639,2025-04-17,701818,4,5400.00,10,4900.00,Y
903640,2024-11-19,701819,2,4200.00,,1400.00,0
903641,2024-11-26,701819,5,4200.00,,1400.00,No
903642,2024-12-03,701819,1,4200.00,,1400.00,Y
903643,2024-10-07,701820,4,4800.00,20,493.22,No
903644,2024-10-14,701820,5,4800.00,20,493.22,No
903645,2024-11-05,701821,1,4200.00,,2100.00,No
903646,2024-11-12,701821,3,4200.00,,2100.00,1
903647,2023-12-06,701822,5,4800.00,,565.64,N
903648,2023-12-13,701822,2,4800.00,,565.65,
903649,2024-02-03,701823,2,3500.00,,1454.42,No
903650,2024-02-10,701823,3,3500.00,,1454.43,0
903651,2024-06-07,701824,2,6000.00,,693.15,
903652,2024-06-14,701824,1,6000.00,,693.15,
903653,2024-06-21,701824,4,6000.00,,693.14,
903654,2024-08-11,701825,5,7200.00,10,6700.00,Yes
903655,2025-03-30,701826,4,3500.00,,875.00,
903656,2025-04-06,701826,4,3500.00,,875.00,0
903657,2025-04-13,701826,1,3500.00,,875.00,0
903658,2025-04-20,701826,1,3500.00,,875.00,Yes
903659,2025-04-17,701827,4,5400.00,,2700.00,No
903660,2025-04-24,701827,1,5400.00,,2700.00,Yes
903661,2025-07-18,701828,1,7200.00,,1800.00,N
903662,2025-07-25,701828,3,7200.00,,1800.00,No
903663,2025-08-01,701828,3,7200.00,,1800.00,0
903664,2025-08-08,701828,1,7200.00,,1800.00,Y
903665,2024-01-18,701829,3,7200.00,,1800.00,No
903666,2024-01-25,701829,4,7200.00,,1800.00,0
903667,2024-02-01,701829,1,7200.00,,1800.00,0
903668,2024-02-08,701829,5,7200.00,,1800.00,Y
903669,2024-11-08,701831,3,3500.00,,875.00,
903670,2024-11-15,701831,1,3500.00,,875.00,0
903671,2024-11-22,701831,4,3500.00,,875.00,N
903672,2024-11-29,701831,2,3500.00,,875.00,Yes
903673,2025-09-02,701832,5,7200.00,60,1521.16,No
903674,2025-09-09,701832,3,7200.00,60,1521.16,0
903675,2025-09-16,701832,1,7200.00,60,1521.16,N
903676,2025-04-28,701833,3,4800.00,,1200.00,0
903677,2025-05-05,701833,2,4800.00,,1200.00,
903678,2025-05-12,701833,3,4800.00,,1200.00,N
903679,2025-05-19,701833,3,4800.00,,1200.00,Y
903680,2025-01-19,701834,4,6000.00,10,2135.05,No
903681,2025-01-26,701834,1,6000.00,10,2135.05,
903682,2025-02-23,701835,4,7200.00,10,530.56,
903683,2025-03-02,701835,4,7200.00,10,530.56,0
903684,2025-03-09,701835,2,7200.00,10,530.56,0
903685,2025-03-16,701835,1,7200.00,10,530.56,N
903686,2024-04-03,701836,5,7200.00,30,6000.00,1
903687,2024-12-25,701837,4,4200.00,60,4200.00,Yes
903688,2024-06-23,701838,3,5400.00,,939.13,
903689,2024-06-30,701838,5,5400.00,,939.13,0
903690,2024-07-07,701838,2,5400.00,,939.13,N
903691,2024-07-14,701838,4,5400.00,,939.15,No
903692,2024-03-10,701839,4,6000.00,,5312.90,N
903693,2024-03-21,701840,5,6000.00,,1513.08,0
903694,2024-03-28,701840,2,6000.00,,1513.08,
903695,2024-04-04,701840,3,6000.00,,1513.08,No
903696,2024-11-05,701841,1,6000.00,,6000.00,Yes
903697,2025-08-03,701842,5,6000.00,30,4800.00,Yes
903698,2024-01-29,701843,5,4800.00,10,620.28,
903699,2024-02-05,701843,4,4800.00,10,620.28,No
903700,2024-02-12,701843,4,4800.00,10,620.28,0
903701,2024-02-19,701843,1,4800.00,10,620.29,
903702,2024-01-18,701844,4,3500.00,,1550.71,
903703,2025-08-26,701845,3,5400.00,10,2450.00,0
903704,2025-09-02,701845,1,5400.00,10,2450.00,Yes
903705,2024-06-02,701846,3,4800.00,50,231.94,
903706,2024-06-09,701846,4,4800.00,50,231.94,No
903707,2024-06-16,701846,3,4800.00,50,231.94,N
903708,2024-06-23,701846,5,4800.00,50,231.93,No
903709,2025-07-17,701847,3,6000.00,,3000.00,0
903710,2025-07-24,701847,1,6000.00,,3000.00,Yes
903711,2025-07-17,701848,5,6000.00,30,4800.00,Yes
903712,2025-03-25,701849,3,7200.00,60,2863.56,N
903713,2024-09-25,701850,4,3500.00,30,514.87,
903714,2024-04-19,701851,2,4800.00,,1394.94,No
903715,2024-04-26,701851,1,4800.00,,1394.94,0
903716,2024-05-03,701851,2,4800.00,,1394.94,
903717,2025-09-02,701852,2,6000.00,,2258.82,N
903718,2025-09-09,701852,4,6000.00,,2258.83,No
903719,2024-01-16,701853,5,7200.00,50,2221.39,No
903720,2024-01-23,701853,1,7200.00,50,2221.39,
903721,2025-03-29,701854,5,4200.00,,1793.68,No
903722,2025-04-05,701854,4,4200.00,,1793.68,No
903723,2024-02-18,701855,5,7200.00,10,6700.00,Y
903724,2024-06-17,701856,3,4800.00,30,1521.05,
903725,2025-01-26,701857,4,4800.00,,2400.00,
903726,2025-02-02,701857,4,4800.00,,2400.00,Yes
903727,2025-07-13,701858,3,5400.00,,2700.00,N
903728,2025-07-20,701858,1,5400.00,,2700.00,1
903729,2024-08-29,701859,5,6000.00,10,2750.00,No
903730,2024-09-05,701859,4,6000.00,10,2750.00,Y
903731,2024-08-24,701860,4,3500.00,20,1375.00,N
903732,2024-08-31,701860,1,3500.00,20,1375.00,1
903733,2024-05-10,701862,4,4200.00,,1011.82,0
903734,2024-05-17,701862,1,4200.00,,1011.82,N
903735,2024-01-14,701863,2,4200.00,,2100.00,No
903736,2024-01-21,701863,5,4200.00,,2100.00,Y
903737,2024-08-03,701864,3,5400.00,40,965.97,0
903738,2024-08-10,701864,4,5400.00,40,965.97,N
903739,2024-08-17,701864,2,5400.00,40,965.98,0
903740,2024-07-03,701865,5,5400.00,60,870.87,N
903741,2024-07-10,701865,2,5400.00,60,870.87,N
903742,2024-07-17,701865,2,5400.00,60,870.86,0
903743,2025-04-28,701866,4,5400.00,,2247.63,No
903744,2025-05-05,701866,5,5400.00,,2247.63,
903745,2024-04-10,701867,1,4800.00,,1621.56,No
903746,2024-01-09,701870,5,5400.00,30,2697.68,N
903747,2023-12-10,701872,2,6000.00,30,4800.00,Y
903748,2025-02-06,701873,2,3500.00,50,3200.00,Y
903749,2025-04-25,701874,5,3500.00,50,458.88,No
903750,2025-05-02,701874,3,3500.00,50,458.88,
903751,2025-05-09,701874,3,3500.00,50,458.88,No
903752,2025-05-16,701874,5,3500.00,50,458.86,0
903753,2024-05-29,701875,2,4800.00,,1200.00,N
903754,2024-06-05,701875,2,4800.00,,1200.00,No
903755,2024-06-12,701875,1,4800.00,,1200.00,
903756,2024-06-19,701875,2,4800.00,,1200.00,Y
903757,2025-02-03,701877,5,4800.00,40,1400.00,N
903758,2025-02-10,701877,1,4800.00,40,1400.00,Yes
903759,2025-09-17,701878,1,3500.00,20,687.50,
903760,2025-09-24,701878,3,3500.00,20,687.50,
903761,2025-10-01,701878,2,3500.00,20,687.50,
903762,2025-10-08,701878,4,3500.00,20,687.50,Y
903763,2024-05-12,701880,3,5400.00,60,2700.00,
903764,2024-05-19,701880,4,5400.00,60,2700.00,1
903765,2024-08-06,701881,2,4800.00,,1600.00,No
903766,2024-08-13,701881,4,4800.00,,1600.00,
903767,2024-08-20,701881,1,4800.00,,1600.00,1
903768,2024-05-22,701882,4,4200.00,,956.15,N
903769,2024-05-29,701882,5,4200.00,,956.16,No
903770,2024-05-06,701883,1,6000.00,50,1900.00,0
903771,2024-05-13,701883,5,6000.00,50,1900.00,N
903772,2024-05-20,701883,3,6000.00,50,1900.00,1
903773,2024-07-22,701884,4,4800.00,,2400.00,
903774,2024-07-29,701884,2,4800.00,,2400.00,1
903775,2024-12-07,701885,5,6000.00,30,4800.00,Y
903776,2024-01-07,701886,2,3500.00,10,3000.00,Y
903777,2024-08-27,701887,3,5400.00,,1412.34,0
903778,2025-05-02,701888,5,4200.00,60,4200.00,Yes
903779,2024-09-14,701889,4,6000.00,40,1560.44,N
903780,2024-09-21,701889,5,6000.00,40,1560.44,No
903781,2025-02-17,701890,3,5400.00,,2700.00,0
903782,2025-02-24,701890,5,5400.00,,2700.00,1
903783,2025-03-24,701891,5,5400.00,60,5400.00,1
903784,2024-07-26,701892,2,7200.00,30,1500.00,N
903785,2024-08-02,701892,1,7200.00,30,1500.00,No
903786,2024-08-09,701892,3,7200.00,30,1500.00,N
903787,2024-08-16,701892,1,7200.00,30,1500.00,Yes
903788,2024-01-07,701894,1,4800.00,,1200.00,0
903789,2024-01-14,701894,5,4800.00,,1200.00,No
903790,2024-01-21,701894,2,4800.00,,1200.00,
903791,2024-01-28,701894,4,4800.00,,1200.00,1
903792,2024-10-06,701895,3,4800.00,60,2400.00,
903793,2024-10-13,701895,2,4800.00,60,2400.00,1
903794,2024-07-25,701897,2,7200.00,30,2183.53,
903795,2024-08-01,701897,3,7200.00,30,2183.54,
903796,2024-12-25,701898,4,6000.00,40,4000.00,1
903797,2024-10-26,701899,1,5400.00,,5400.00,Yes
903798,2024-05-23,701900,1,4800.00,60,4800.00,1
903799,2024-05-12,701901,5,4800.00,60,967.42,
903800,2024-05-19,701901,3,4800.00,60,967.42,No
903801,2024-05-26,701901,3,4800.00,60,967.43,No
903802,2025-06-19,701902,1,4800.00,20,1012.50,0
903803,2025-06-26,701902,4,4800.00,20,1012.50,0
903804,2025-07-03,701902,1,4800.00,20,1012.50,0
903805,2025-07-10,701902,5,4800.00,20,1012.50,Y
903806,2025-07-16,701903,3,4200.00,,2100.00,N
903807,2025-07-23,701903,4,4200.00,,2100.00,Yes
903808,2025-03-01,701904,5,7200.00,,7200.00,1
903809,2025-08-22,701905,5,4800.00,,1200.00,No
903810,2025-08-29,701905,4,4800.00,,1200.00,
903811,2025-09-05,701905,4,4800.00,,1200.00,No
903812,2025-09-12,701905,5,4800.00,,1200.00,Y
903813,2025-09-08,701906,4,7200.00,10,2233.33,N
903814,2025-09-15,701906,4,7200.00,10,2233.33,0
903815,2025-09-22,701906,5,7200.00,10,2233.34,Yes
903816,2024-03-30,701907,4,4200.00,,4200.00,1
903817,2025-02-21,701908,5,5400.00,,5400.00,Y
903818,2025-07-03,701909,2,5400.00,,1440.25,N
903819,2025-07-10,701909,3,5400.00,,1440.25,No
903820,2025-05-21,701910,4,3500.00,,656.70,0
903821,2025-05-28,701910,3,3500.00,,656.70,
903822,2025-06-04,701910,2,3500.00,,656.71,
903823,2025-05-23,701912,4,4200.00,20,2982.92,No
903824,2024-06-28,701913,2,4200.00,10,925.00,No
903825,2024-07-05,701913,4,4200.00,10,925.00,No
903826,2024-07-12,701913,3,4200.00,10,925.00,N
903827,2024-07-19,701913,3,4200.00,10,925.00,Y
903828,2024-04-20,701914,2,4200.00,,312.65,No
903829,2024-04-27,701914,4,4200.00,,312.65,
903830,2024-05-04,701914,4,4200.00,,312.66,N
903831,2025-07-02,701915,5,7200.00,,7200.00,Y
903832,2025-04-28,701916,3,6000.00,10,1833.33,N
903833,2025-05-05,701916,5,6000.00,10,1833.33,
903834,2025-05-12,701916,1,6000.00,10,1833.34,Yes
903835,2025-09-21,701917,1,4200.00,,303.40,
903836,2025-09-28,701917,1,4200.00,,303.40,
903837,2025-10-05,701917,3,4200.00,,303.40,
903838,2025-01-02,701918,1,3500.00,30,2300.00,1
903839,2023-12-28,701919,3,7200.00,40,2600.00,
903840,2024-01-04,701919,1,7200.00,40,2600.00,1
903841,2024-02-05,701920,4,4200.00,,2100.00,
903842,2024-02-12,701920,5,4200.00,,2100.00,1
903843,2025-09-04,701921,2,7200.00,,7200.00,1
903844,2025-01-16,701922,4,4800.00,,1200.00,
903845,2025-01-23,701922,5,4800.00,,1200.00,No
903846,2025-01-30,701922,2,4800.00,,1200.00,0
903847,2025-02-06,701922,5,4800.00,,1200.00,Y
903848,2024-04-24,701923,2,4800.00,40,700.00,0
903849,2024-05-01,701923,3,4800.00,40,700.00,No
903850,2024-05-08,701923,1,4800.00,40,700.00,N
903851,2024-05-15,701923,3,4800.00,40,700.00,Yes
903852,2025-01-15,701924,2,5400.00,50,1585.44,No
903853,2024-04-16,701925,2,4200.00,,319.44,0
903854,2024-04-23,701925,5,4200.00,,319.44,N
903855,2024-04-30,701925,1,4200.00,,319.44,0
903856,2024-05-07,701925,2,4200.00,,319.42,N
903857,2024-09-15,701926,5,5400.00,,5400.00,Y
903858,2024-08-13,701927,3,4800.00,,1975.76,0
903859,2024-08-20,701927,3,4800.00,,1975.76,No
903860,2024-11-10,701928,2,7200.00,,4154.23,0
903861,2024-07-12,701929,2,4200.00,,2100.00,No
903862,2024-07-19,701929,5,4200.00,,2100.00,1
903863,2024-04-22,701930,2,4200.00,,1159.33,No
903864,2024-04-29,701930,3,4200.00,,1159.33,No
903865,2024-09-15,701931,4,3500.00,,958.55,No
903866,2024-09-22,701931,3,3500.00,,958.55,0
903867,2025-08-15,701932,2,6000.00,,6000.00,Y
903868,2025-06-19,701933,4,7200.00,30,1500.00,0
903869,2025-06-26,701933,3,7200.00,30,1500.00,No
903870,2025-07-03,701933,2,7200.00,30,1500.00,N
903871,2025-07-10,701933,1,7200.00,30,1500.00,1
903872,2025-01-01,701934,3,5400.00,30,4200.00,Yes
903873,2024-08-26,701936,1,7200.00,,3600.00,0
903874,2024-09-02,701936,2,7200.00,,3600.00,Y
903875,2024-09-30,701938,2,7200.00,40,2600.00,
903876,2024-10-07,701938,1,7200.00,40,2600.00,Y
903877,2024-06-15,701939,5,5400.00,20,1162.50,
903878,2024-06-22,701939,3,5400.00,20,1162.50,No
903879,2024-06-29,701939,4,5400.00,20,1162.50,
903880,2024-07-06,701939,1,5400.00,20,1162.50,Y
903881,2024-05-18,701940,1,5400.00,50,5100.00,1
903882,2025-07-24,701941,2,7200.00,40,1733.33,0
903883,2025-07-31,701941,5,7200.00,40,1733.33,
903884,2025-08-07,701941,2,7200.00,40,1733.34,Y
903885,2024-10-05,701942,2,5400.00,,770.91,
903886,2024-10-12,701942,3,5400.00,,770.91,N
903887,2024-10-19,701942,4,5400.00,,770.90,N
903888,2025-09-10,701943,3,7200.00,60,2655.17,N
903889,2025-08-24,701944,2,5400.00,,1507.78,No
903890,2025-08-31,701944,5,5400.00,,1507.78,
903891,2025-09-07,701944,3,5400.00,,1507.79,No
903892,2023-12-25,701945,3,6000.00,40,1262.51,N
903893,2024-01-01,701945,1,6000.00,40,1262.51,0
903894,2024-11-18,701946,3,6000.00,20,1750.00,
903895,2024-11-25,701946,1,6000.00,20,1750.00,0
903896,2024-12-02,701946,2,6000.00,20,1750.00,Yes
903897,2024-05-11,701947,4,4800.00,,4800.00,Yes
903898,2024-02-03,701948,4,4800.00,60,1600.00,0
903899,2024-02-10,701948,4,4800.00,60,1600.00,0
903900,2024-02-17,701948,5,4800.00,60,1600.00,Y
903901,2024-01-21,701949,2,6000.00,,1634.31,N
903902,2024-01-28,701949,2,6000.00,,1634.30,0
903903,2024-12-22,701950,3,4200.00,20,1725.00,0
903904,2024-12-29,701950,5,4200.00,20,1725.00,1
903905,2025-07-05,701951,3,3500.00,,1166.67,N
903906,2025-07-12,701951,2,3500.00,,1166.67,0
903907,2025-07-19,701951,4,3500.00,,1166.66,Yes
903908,2025-08-25,701952,2,7200.00,,3600.00,0
903909,2025-09-01,701952,2,7200.00,,3600.00,1
903910,2025-04-22,701953,5,4200.00,,2100.00,No
903911,2025-04-29,701953,5,4200.00,,2100.00,Y
903912,2025-08-03,701954,2,4800.00,,1200.00,N
903913,2025-08-10,701954,3,4800.00,,1200.00,
903914,2025-08-17,701954,5,4800.00,,1200.00,No
903915,2025-08-24,701954,4,4800.00,,1200.00,Yes
903916,2024-06-03,701955,3,7200.00,,1800.00,No
903917,2024-06-10,701955,5,7200.00,,1800.00,0
903918,2024-06-17,701955,4,7200.00,,1800.00,
903919,2024-06-24,701955,4,7200.00,,1800.00,Y
903920,2024-11-13,701956,1,6000.00,40,2000.00,N
903921,2024-11-20,701956,5,6000.00,40,2000.00,1
903922,2024-07-09,701957,4,5400.00,,1016.47,N
903923,2024-07-16,701957,2,5400.00,,1016.46,0
903924,2024-02-18,701958,4,4200.00,10,925.00,0
903925,2024-02-25,701958,5,4200.00,10,925.00,
903926,2024-03-03,701958,1,4200.00,10,925.00,
903927,2024-03-10,701958,4,4200.00,10,925.00,Y
903928,2025-04-27,701959,2,5400.00,30,4200.00,Y
903929,2023-12-05,701960,5,4200.00,60,4200.00,1
903930,2024-10-04,701962,5,6000.00,,956.21,No
903931,2024-10-11,701962,1,6000.00,,956.21,
903932,2024-10-18,701962,1,6000.00,,956.21,No
903933,2024-10-25,701962,4,6000.00,,956.22,0
903934,2025-07-02,701963,2,3500.00,10,377.00,
903935,2025-07-09,701963,5,3500.00,10,377.00,0
903936,2025-07-16,701963,1,3500.00,10,377.01,0
903937,2024-10-19,701964,1,5400.00,50,831.50,
903938,2024-10-26,701964,2,5400.00,50,831.50,N
903939,2024-11-02,701964,3,5400.00,50,831.50,
903940,2024-12-31,701965,5,4800.00,30,1800.00,
903941,2025-01-07,701965,1,4800.00,30,1800.00,Y
903942,2024-02-07,701966,3,7200.00,60,849.83,
903943,2024-02-14,701966,4,7200.00,60,849.83,No
903944,2024-02-21,701966,5,7200.00,60,849.83,0
903945,2024-02-28,701966,2,7200.00,60,849.81,N
903946,2025-04-27,701967,4,6000.00,,3000.00,0
903947,2025-05-04,701967,1,6000.00,,3000.00,Yes
903948,2024-02-11,701968,1,3500.00,50,1600.00,No
903949,2024-02-18,701968,3,3500.00,50,1600.00,1
903950,2024-12-28,701969,4,7200.00,,2507.32,N
903951,2025-01-01,701971,1,4200.00,,1050.00,0
903952,2025-01-08,701971,1,4200.00,,1050.00,No
903953,2025-01-15,701971,5,4200.00,,1050.00,N
903954,2025-01-22,701971,2,4200.00,,1050.00,1
903955,2025-08-03,701972,3,3500.00,50,434.86,No
903956,2025-08-10,701972,4,3500.00,50,434.85,N
903957,2024-06-23,701973,1,3500.00,,3500.00,Yes
903958,2024-09-21,701974,4,6000.00,,1925.19,0
903959,2024-09-28,701974,2,6000.00,,1925.19,No
903960,2025-04-20,701975,2,4200.00,20,1038.17,N
903961,2024-06-24,701977,4,3500.00,,1166.67,N
903962,2024-07-01,701977,2,3500.00,,1166.67,
903963,2024-07-08,701977,4,3500.00,,1166.66,Y
903964,2025-02-18,701978,5,6000.00,60,6000.00,1
903965,2025-02-14,701979,5,4200.00,40,1663.91,
903966,2024-03-05,701980,3,4800.00,,1200.00,
903967,2024-03-12,701980,4,4800.00,,1200.00,No
903968,2024-03-19,701980,2,4800.00,,1200.00,0
903969,2024-03-26,701980,5,4800.00,,1200.00,Y
903970,2024-04-01,701981,4,4200.00,10,2856.58,No
903971,2025-07-04,701982,3,7200.00,60,2473.50,
903972,2024-05-01,701983,3,3500.00,,1750.00,0
903973,2024-05-08,701983,3,3500.00,,1750.00,Y
903974,2024-08-02,701984,2,6000.00,50,806.93,No
903975,2024-08-09,701984,2,6000.00,50,806.93,N
903976,2024-08-16,701984,1,6000.00,50,806.93,0
903977,2025-07-01,701985,2,7200.00,20,3225.00,No
903978,2025-07-08,701985,5,7200.00,20,3225.00,Y
903979,2025-01-14,701986,2,6000.00,40,2000.00,
903980,2025-01-21,701986,4,6000.00,40,2000.00,Y
903981,2024-08-02,701988,1,4200.00,40,1100.00,
903982,2024-08-09,701988,1,4200.00,40,1100.00,Yes
903983,2024-07-07,701990,1,4800.00,,972.66,
903984,2024-12-02,701991,4,7200.00,10,2000.47,No
903985,2024-03-29,701992,5,3500.00,10,750.00,N
903986,2024-04-05,701992,4,3500.00,10,750.00,No
903987,2024-04-12,701992,4,3500.00,10,750.00,N
903988,2024-04-19,701992,3,3500.00,10,750.00,Y
903989,2023-12-20,701993,1,5400.00,,1350.00,No
903990,2023-12-27,701993,1,5400.00,,1350.00,N
903991,2024-01-03,701993,4,5400.00,,1350.00,N
903992,2024-01-10,701993,2,5400.00,,1350.00,Yes
903993,2024-02-11,701994,3,6000.00,20,2625.00,0
903994,2024-02-18,701994,4,6000.00,20,2625.00,Yes
903995,2024-08-14,701995,4,7200.00,50,3515.71,N
903996,2024-12-01,701996,2,3500.00,,1750.00,N
903997,2024-12-08,701996,3,3500.00,,1750.00,1
903998,2025-04-11,701997,2,4800.00,10,4300.00,Y
903999,2024-02-21,701998,3,3500.00,30,1906.36,
904000,2024-06-03,701999,3,5400.00,10,3001.04,N
904001,2025-08-07,702000,4,3500.00,,3500.00,Yes
904002,2024-02-13,702001,4,3500.00,,3500.00,Yes
904003,2024-06-20,702002,1,7200.00,,3600.00,
904004,2024-06-27,702002,3,7200.00,,3600.00,Yes
904005,2025-02-22,702003,2,7200.00,40,5200.00,Yes
904006,2025-04-12,702004,2,3500.00,,804.55,0
904007,2025-04-19,702004,4,3500.00,,804.55,0
904008,2023-12-23,702005,2,5400.00,60,1800.00,No
904009,2023-12-30,702005,2,5400.00,60,1800.00,N
904010,2024-01-06,702005,1,5400.00,60,1800.00,Y
904011,2024-01-15,702006,2,3500.00,,2944.94,
904012,2024-11-26,702007,5,6000.00,20,982.31,N
904013,2024-12-03,702007,5,6000.00,20,982.31,0
904014,2024-12-10,702007,4,6000.00,20,982.31,
904015,2024-12-17,702007,5,6000.00,20,982.31,No
904016,2023-12-09,702008,1,6000.00,,3000.00,N
904017,2023-12-16,702008,5,6000.00,,3000.00,Y
904018,2024-08-30,702009,5,4800.00,60,1600.00,N
904019,2024-09-06,702009,1,4800.00,60,1600.00,0
904020,2024-09-13,702009,3,4800.00,60,1600.00,Yes
904021,2025-08-13,702010,4,3500.00,,3500.00,Yes
904022,2025-02-08,702011,4,6000.00,60,2000.00,
904023,2025-02-15,702011,1,6000.00,60,2000.00,N
904024,2025-02-22,702011,3,6000.00,60,2000.00,Y
904025,2024-11-20,702012,4,3500.00,,3500.00,1
904026,2025-03-31,702013,2,5400.00,,2700.00,N
904027,2025-04-07,702013,4,5400.00,,2700.00,Y
904028,2025-09-06,702014,4,3500.00,50,2495.08,
904029,2025-01-28,702015,5,4800.00,20,953.02,0
904030,2025-02-04,702015,4,4800.00,20,953.02,No
904031,2024-12-06,702016,1,6000.00,10,5500.00,Y
904032,2024-06-08,702017,2,5400.00,40,1700.00,No
904033,2024-06-15,702017,4,5400.00,40,1700.00,Y
904034,2024-05-19,702018,3,3500.00,,3500.00,Yes
904035,2024-02-09,702019,2,4200.00,50,569.26,N
904036,2024-02-16,702019,5,4200.00,50,569.27,N
904037,2024-10-01,702020,3,6000.00,50,574.71,N
904038,2024-10-08,702020,3,6000.00,50,574.70,0
904039,2024-05-01,702021,1,5400.00,,2601.24,No
904040,2024-03-06,702022,4,6000.00,20,5250.00,Yes
904041,2025-01-19,702023,5,6000.00,50,1425.00,
904042,2025-01-26,702023,3,6000.00,50,1425.00,No
904043,2025-02-02,702023,2,6000.00,50,1425.00,N
904044,2025-02-09,702023,4,6000.00,50,1425.00,1
904045,2024-11-08,702024,1,5400.00,,1350.00,N
904046,2024-11-15,702024,2,5400.00,,1350.00,No
904047,2024-11-22,702024,1,5400.00,,1350.00,0
904048,2024-11-29,702024,3,5400.00,,1350.00,Yes
904049,2023-12-11,702025,2,4800.00,,2400.00,
904050,2023-12-18,702025,2,4800.00,,2400.00,1
904051,2024-03-10,702026,5,4200.00,,2100.00,0
904052,2024-03-17,702026,3,4200.00,,2100.00,1
904053,2024-01-07,702028,2,6000.00,50,2850.00,N
904054,2024-01-14,702028,4,6000.00,50,2850.00,Y
904055,2025-08-16,702029,3,6000.00,10,5500.00,1
904056,2025-04-01,702030,5,6000.00,30,1200.00,N
904057,2025-04-08,702030,1,6000.00,30,1200.00,N
904058,2025-04-15,702030,4,6000.00,30,1200.00,N
904059,2025-04-22,702030,4,6000.00,30,1200.00,1
904060,2024-07-30,702031,5,4800.00,,3021.81,0
904061,2025-03-02,702032,2,5400.00,10,1130.42,
904062,2025-03-09,702032,4,5400.00,10,1130.43,No
904063,2024-02-19,702033,2,4200.00,30,750.00,No
904064,2024-02-26,702033,5,4200.00,30,750.00,0
904065,2024-03-04,702033,2,4200.00,30,750.00,0
904066,2024-03-11,702033,5,4200.00,30,750.00,1
904067,2025-02-17,702034,5,4200.00,30,1500.00,No
904068,2025-02-24,702034,4,4200.00,30,1500.00,Y
904069,2023-11-27,702035,2,4200.00,60,1400.00,No
904070,2023-12-04,702035,5,4200.00,60,1400.00,No
904071,2023-12-11,702035,5,4200.00,60,1400.00,1
904072,2024-12-19,702036,3,7200.00,,7200.00,Y
904073,2025-01-25,702037,5,6000.00,,906.00,N
904074,2025-02-01,702037,2,6000.00,,906.00,
904075,2025-02-08,702037,3,6000.00,,906.00,N
904076,2025-02-15,702037,3,6000.00,,905.98,No
904077,2025-05-26,702038,2,3500.00,50,2590.81,
904078,2025-02-03,702039,5,4800.00,40,2800.00,Y
904079,2025-05-04,702040,3,6000.00,10,1833.33,N
904080,2025-05-11,702040,3,6000.00,10,1833.33,0
904081,2025-05-18,702040,1,6000.00,10,1833.34,Yes
904082,2025-01-13,702041,1,5400.00,30,3163.85,N
904083,2024-03-22,702042,3,4200.00,,3595.58,N
904084,2024-07-10,702043,4,3500.00,60,1750.00,N
904085,2024-07-17,702043,2,3500.00,60,1750.00,Yes
904086,2024-08-21,702044,2,7200.00,60,7200.00,1
904087,2025-08-30,702045,4,4800.00,,3959.70,
904088,2025-08-25,702046,1,6000.00,10,2750.00,N
904089,2025-09-01,702046,3,6000.00,10,2750.00,Yes
904090,2024-01-25,702047,4,3500.00,,875.00,
904091,2024-02-01,702047,4,3500.00,,875.00,N
904092,2024-02-08,702047,4,3500.00,,875.00,0
904093,2024-02-15,702047,5,3500.00,,875.00,Yes
904094,2024-03-01,702048,4,6000.00,,3000.00,No
904095,2024-03-08,702048,4,6000.00,,3000.00,Yes
904096,2024-02-01,702049,4,7200.00,,3190.35,N
904097,2024-02-06,702050,3,7200.00,,3600.00,No
904098,2024-02-13,702050,1,7200.00,,3600.00,1
904099,2024-01-27,702051,3,7200.00,60,3600.00,No
904100,2024-02-03,702051,4,7200.00,60,3600.00,Y
904101,2024-06-09,702052,1,3500.00,30,1164.31,
904102,2024-06-29,702054,2,4200.00,,1050.00,
904103,2024-07-06,702054,1,4200.00,,1050.00,No
904104,2024-07-13,702054,5,4200.00,,1050.00,N
904105,2024-07-20,702054,3,4200.00,,1050.00,Yes
904106,2025-03-31,702055,2,4200.00,20,1150.00,0
904107,2025-04-07,702055,5,4200.00,20,1150.00,0
904108,2025-04-14,702055,4,4200.00,20,1150.00,Y
904109,2024-05-07,702056,5,4200.00,,3128.79,0
904110,2024-07-22,702057,5,4800.00,10,2150.00,No
904111,2024-07-29,702057,3,4800.00,10,2150.00,Yes
904112,2024-10-20,702058,5,5400.00,,474.42,0
904113,2024-10-27,702058,3,5400.00,,474.42,No
904114,2024-11-03,702058,4,5400.00,,474.42,No
904115,2025-06-18,702059,1,4800.00,,4800.00,Y
904116,2025-01-07,702060,1,4800.00,,4800.00,Y
904117,2025-05-27,702061,5,6000.00,,674.54,N
904118,2025-06-03,702061,3,6000.00,,674.54,N
904119,2025-06-10,702061,1,6000.00,,674.54,
904120,2025-06-17,702061,3,6000.00,,674.56,N
904121,2023-12-18,702062,1,4800.00,,2656.22,N
904122,2024-08-02,702063,4,7200.00,30,6000.00,1
904123,2024-05-02,702064,3,4200.00,30,1500.00,N
904124,2024-05-09,702064,2,4200.00,30,1500.00,Y
904125,2025-07-14,702065,5,4800.00,60,4800.00,1
904126,2024-09-11,702066,4,7200.00,,2400.00,
904127,2024-09-18,702066,2,7200.00,,2400.00,N
904128,2024-09-25,702066,3,7200.00,,2400.00,1
904129,2025-01-28,702067,3,4800.00,30,1800.00,
904130,2025-02-04,702067,3,4800.00,30,1800.00,Yes
904131,2024-06-30,702068,2,6000.00,,1500.00,
904132,2024-07-07,702068,2,6000.00,,1500.00,N
904133,2024-07-14,702068,1,6000.00,,1500.00,N
904134,2024-07-21,702068,3,6000.00,,1500.00,Yes
904135,2024-06-02,702069,2,6000.00,20,2625.00,N
904136,2024-06-09,702069,3,6000.00,20,2625.00,1
904137,2025-04-12,702070,3,4800.00,,4800.00,Yes
904138,2025-03-23,702072,4,4800.00,20,230.47,
904139,2025-03-30,702072,3,4800.00,20,230.47,0
904140,2025-04-06,702072,3,4800.00,20,230.47,N
904141,2025-04-13,702072,2,4800.00,20,230.45,0
904142,2024-09-04,702073,3,4800.00,20,1024.81,No
904143,2024-09-11,702073,5,4800.00,20,1024.81,No
904144,2024-04-23,702074,4,4200.00,40,550.00,0
904145,2024-04-30,702074,3,4200.00,40,550.00,0
904146,2024-05-07,702074,4,4200.00,40,550.00,No
904147,2024-05-14,702074,5,4200.00,40,550.00,Y
904148,2025-08-16,702075,1,6000.00,60,6000.00,Y
904149,2024-06-08,702076,4,7200.00,50,1725.00,No
904150,2024-06-15,702076,1,7200.00,50,1725.00,No
904151,2024-06-22,702076,3,7200.00,50,1725.00,
904152,2024-06-29,702076,4,7200.00,50,1725.00,Y
904153,2024-07-17,702077,1,6000.00,40,1587.42,0
904154,2024-07-24,702077,3,6000.00,40,1587.42,N
904155,2025-09-10,702078,2,7200.00,,2014.85,
904156,2025-09-17,702078,2,7200.00,,2014.85,0
904157,2025-09-24,702078,1,7200.00,,2014.86,No
904158,2025-08-22,702079,1,5400.00,10,1633.33,N
904159,2025-08-29,702079,2,5400.00,10,1633.33,
904160,2025-09-05,702079,4,5400.00,10,1633.34,1
904161,2025-04-28,702080,4,6000.00,60,6000.00,Y
904162,2025-09-10,702081,3,4800.00,30,1800.00,N
904163,2025-09-17,702081,5,4800.00,30,1800.00,Y
904164,2024-12-23,702082,4,7200.00,60,7200.00,Yes
904165,2025-08-02,702083,1,4200.00,20,1725.00,N
904166,2025-08-09,702083,5,4200.00,20,1725.00,Y
904167,2024-09-14,702084,4,7200.00,20,2150.00,N
904168,2024-09-21,702084,5,7200.00,20,2150.00,No
904169,2024-09-28,702084,3,7200.00,20,2150.00,Y
904170,2025-01-19,702085,3,4800.00,40,727.12,
904171,2025-01-26,702085,4,4800.00,40,727.12,
904172,2025-04-23,702086,3,3500.00,10,1823.65,
904173,2024-06-04,702087,5,4200.00,,4200.00,Y
904174,2025-02-24,702088,5,4200.00,,1512.67,
904175,2025-03-03,702088,2,4200.00,,1512.68,
904176,2025-08-10,702089,5,6000.00,,1232.23,
904177,2025-08-17,702089,3,6000.00,,1232.24,N
904178,2024-12-03,702090,4,4800.00,50,1125.00,
904179,2024-12-10,702090,4,4800.00,50,1125.00,No
904180,2024-12-17,702090,3,4800.00,50,1125.00,
904181,2024-12-24,702090,4,4800.00,50,1125.00,1
904182,2025-02-13,702091,4,4200.00,60,2100.00,
904183,2025-02-20,702091,2,4200.00,60,2100.00,Yes
904184,2024-08-02,702092,1,4800.00,60,4800.00,Y
904185,2024-04-01,702093,3,5400.00,60,1643.71,0
904186,2024-04-08,702093,4,5400.00,60,1643.72,No
904187,2025-07-03,702094,2,5400.00,,2180.31,No
904188,2024-06-19,702095,2,5400.00,10,2998.74,No
904189,2025-05-15,702096,5,4200.00,,763.98,No
904190,2025-05-22,702096,1,4200.00,,763.97,0
904191,2025-03-30,702097,3,3500.00,,3500.00,Y
904192,2024-07-14,702098,5,4800.00,50,3988.71,0
904193,2025-07-17,702099,2,4800.00,,4800.00,Yes
904194,2025-07-28,702100,4,4200.00,,1050.00,
904195,2025-08-04,702100,1,4200.00,,1050.00,No
904196,2025-08-11,702100,2,4200.00,,1050.00,N
904197,2025-08-18,702100,4,4200.00,,1050.00,Yes
904198,2024-09-26,702101,2,4200.00,,4200.00,1
904199,2025-07-03,702102,5,6000.00,20,1870.33,0
904200,2025-03-29,702103,1,4800.00,10,1433.33,0
904201,2025-04-05,702103,4,4800.00,10,1433.33,
904202,2025-04-12,702103,1,4800.00,10,1433.34,Y
904203,2025-09-14,702104,2,4800.00,,461.28,
904204,2025-09-21,702104,3,4800.00,,461.28,No
904205,2025-09-28,702104,4,4800.00,,461.29,No
904206,2024-07-10,702105,1,5400.00,30,2100.00,No
904207,2024-07-17,702105,2,5400.00,30,2100.00,Yes
904208,2024-11-22,702106,3,7200.00,60,3767.25,N
904209,2024-11-18,702107,3,6000.00,,1500.00,
904210,2024-11-25,702107,1,6000.00,,1500.00,
904211,2024-12-02,702107,1,6000.00,,1500.00,
904212,2024-12-09,702107,2,6000.00,,1500.00,Y
904213,2025-05-30,702108,2,3500.00,40,1500.00,Y
904214,2024-08-06,702109,3,4800.00,30,1800.00,N
904215,2024-08-13,702109,2,4800.00,30,1800.00,Y
904216,2025-01-15,702110,3,4800.00,20,2025.00,
904217,2025-01-22,702110,3,4800.00,20,2025.00,Yes
904218,2025-02-13,702111,3,4200.00,60,2100.00,N
904219,2025-02-20,702111,1,4200.00,60,2100.00,1
904220,2025-06-13,702112,2,5400.00,30,1050.00,0
904221,2025-06-20,702112,1,5400.00,30,1050.00,
904222,2025-06-27,702112,2,5400.00,30,1050.00,0
904223,2025-07-04,702112,5,5400.00,30,1050.00,Y
904224,2024-06-22,702113,4,3500.00,,2198.71,
904225,2024-02-15,702114,3,3500.00,,737.83,N
904226,2025-09-13,702116,4,4800.00,,3483.63,0
904227,2024-03-31,702117,5,5400.00,30,786.38,
904228,2024-04-07,702117,1,5400.00,30,786.38,N
904229,2024-04-14,702117,1,5400.00,30,786.38,N
904230,2024-04-21,702117,5,5400.00,30,786.38,N
904231,2024-10-06,702118,2,4200.00,30,1500.00,
904232,2024-10-13,702118,2,4200.00,30,1500.00,Y
904233,2024-08-07,702119,2,4800.00,10,1075.00,N
904234,2024-08-14,702119,5,4800.00,10,1075.00,No
904235,2024-08-21,702119,1,4800.00,10,1075.00,N
904236,2024-08-28,702119,4,4800.00,10,1075.00,Y
904237,2024-07-28,702120,4,7200.00,40,5200.00,Y
904238,2024-11-24,702121,1,7200.00,,1800.00,0
904239,2024-12-01,702121,4,7200.00,,1800.00,
904240,2024-12-08,702121,1,7200.00,,1800.00,No
904241,2024-12-15,702121,2,7200.00,,1800.00,Y
904242,2024-06-28,702122,2,6000.00,,6000.00,Y
904243,2025-08-11,702123,4,3500.00,10,1543.00,N
904244,2024-10-25,702124,1,4200.00,,1794.67,
904245,2024-09-12,702125,4,5400.00,,1800.00,N
904246,2024-09-19,702125,4,5400.00,,1800.00,No
904247,2024-09-26,702125,1,5400.00,,1800.00,Yes
904248,2024-12-08,702126,5,3500.00,40,750.00,0
904249,2024-12-15,702126,5,3500.00,40,750.00,Y
904250,2024-09-23,702127,5,4800.00,30,1800.00,No
904251,2024-09-30,702127,1,4800.00,30,1800.00,1
904252,2025-03-01,702128,2,4800.00,30,3600.00,Yes
904253,2024-03-03,702129,3,3500.00,,3500.00,Y
904254,2024-11-16,702131,3,7200.00,50,3450.00,N
904255,2024-11-23,702131,5,7200.00,50,3450.00,Yes
904256,2024-06-10,702132,1,6000.00,,1103.20,
904257,2024-06-17,702132,3,6000.00,,1103.20,
904258,2024-06-24,702132,2,6000.00,,1103.20,No
904259,2024-07-01,702132,5,6000.00,,1103.19,0
904260,2025-07-01,702133,1,7200.00,60,2060.25,
904261,2025-08-30,702134,2,5400.00,30,4200.00,Y
904262,2025-09-12,702135,3,7200.00,,1800.00,N
904263,2025-09-19,702135,1,7200.00,,1800.00,No
904264,2025-09-26,702135,4,7200.00,,1800.00,0
904265,2025-10-03,702135,3,7200.00,,1800.00,Y
904266,2025-08-26,702136,3,6000.00,60,588.42,0
904267,2025-09-02,702136,4,6000.00,60,588.42,
904268,2025-09-09,702136,2,6000.00,60,588.42,N
904269,2025-09-16,702136,4,6000.00,60,588.41,
904270,2024-11-19,702137,5,4200.00,,2100.00,N
904271,2024-11-26,702137,2,4200.00,,2100.00,Yes
904272,2023-12-22,702138,3,5400.00,,1350.00,N
904273,2023-12-29,702138,5,5400.00,,1350.00,No
904274,2024-01-05,702138,2,5400.00,,1350.00,
904275,2024-01-12,702138,1,5400.00,,1350.00,Yes
904276,2024-08-18,702139,4,4200.00,,1050.00,No
904277,2024-08-25,702139,1,4200.00,,1050.00,No
904278,2024-09-01,702139,1,4200.00,,1050.00,N
904279,2024-09-08,702139,3,4200.00,,1050.00,1
904280,2024-07-15,702140,4,4800.00,,4800.00,Yes
904281,2025-03-23,702141,2,4800.00,60,4800.00,1
904282,2025-04-20,702142,3,7200.00,40,5200.00,Y
904283,2025-02-09,702143,4,7200.00,60,3142.61,0
904284,2025-02-16,702143,3,7200.00,60,3142.61,
904285,2024-07-22,702144,5,6000.00,,1500.00,
904286,2024-07-29,702144,5,6000.00,,1500.00,
904287,2024-08-05,702144,1,6000.00,,1500.00,0
904288,2024-08-12,702144,3,6000.00,,1500.00,1
904289,2025-05-11,702145,1,4200.00,60,1380.84,N
904290,2025-05-18,702145,5,4200.00,60,1380.84,0
904291,2024-10-10,702146,1,6000.00,,838.16,N
904292,2024-10-17,702146,5,6000.00,,838.17,0
904293,2025-04-08,702148,4,3500.00,,1299.63,No
904294,2025-04-15,702148,4,3500.00,,1299.63,No
904295,2024-02-09,702149,2,7200.00,,1250.56,0
904296,2024-02-16,702149,1,7200.00,,1250.55,No
904297,2024-06-15,702150,3,7200.00,30,978.74,N
904298,2024-06-22,702150,3,7200.00,30,978.74,N
904299,2024-06-29,702150,3,7200.00,30,978.74,0
904300,2024-07-06,702150,4,7200.00,30,978.75,0
904301,2025-02-22,702151,1,3500.00,20,1375.00,0
904302,2025-03-01,702151,1,3500.00,20,1375.00,Y
904303,2024-11-28,702152,3,7200.00,10,4927.95,0
904304,2024-12-02,702153,2,7200.00,30,2282.01,0
904305,2024-12-09,702153,4,7200.00,30,2282.02,0
904306,2024-12-30,702154,4,6000.00,10,2275.88,0
904307,2025-01-06,702154,2,6000.00,10,2275.88,No
904308,2025-08-29,702155,4,5400.00,,1086.13,0
904309,2025-09-05,702155,4,5400.00,,1086.13,
904310,2025-09-12,702155,3,5400.00,,1086.13,0
904311,2025-09-19,702155,3,5400.00,,1086.15,0
904312,2024-02-05,702156,1,7200.00,,528.92,0
904313,2024-02-12,702156,1,7200.00,,528.92,
904314,2024-02-19,702156,4,7200.00,,528.92,0
904315,2023-12-05,702158,1,3500.00,30,417.76,0
904316,2023-12-12,702158,2,3500.00,30,417.76,N
904317,2023-12-19,702158,1,3500.00,30,417.76,0
904318,2025-03-12,702159,3,4200.00,,1050.00,No
904319,2025-03-19,702159,5,4200.00,,1050.00,No
904320,2025-03-26,702159,5,4200.00,,1050.00,No
904321,2025-04-02,702159,3,4200.00,,1050.00,Y
904322,2024-11-28,702160,4,5400.00,,1350.00,
904323,2024-12-05,702160,1,5400.00,,1350.00,No
904324,2024-12-12,702160,3,5400.00,,1350.00,N
904325,2024-12-19,702160,2,5400.00,,1350.00,1
904326,2024-05-16,702161,4,5400.00,,2408.91,N
904327,2024-05-23,702161,5,5400.00,,2408.92,No
904328,2024-01-03,702162,1,6000.00,,2000.00,N
904329,2024-01-10,702162,3,6000.00,,2000.00,N
904330,2024-01-17,702162,4,6000.00,,2000.00,Yes
904331,2024-12-05,702163,5,7200.00,30,418.87,No
904332,2024-12-12,702163,2,7200.00,30,418.87,No
904333,2024-12-19,702163,5,7200.00,30,418.88,No
904334,2024-01-29,702164,3,6000.00,,6000.00,1
904335,2025-07-02,702165,3,4800.00,,4800.00,Yes
904336,2024-03-29,702166,1,4200.00,10,1850.00,
904337,2024-04-05,702166,5,4200.00,10,1850.00,Y
904338,2023-12-10,702167,2,6000.00,30,2400.00,
904339,2023-12-17,702167,1,6000.00,30,2400.00,1
904340,2025-08-06,702168,5,3500.00,,1750.00,N
904341,2025-08-13,702168,2,3500.00,,1750.00,Y
904342,2024-07-18,702169,5,5400.00,,1716.97,N
904343,2024-07-25,702169,3,5400.00,,1716.98,N
904344,2024-10-20,702170,2,7200.00,20,3225.00,N
904345,2024-10-27,702170,5,7200.00,20,3225.00,1
904346,2024-08-22,702171,5,5400.00,,5400.00,Y
904347,2023-12-13,702172,5,6000.00,,643.00,
904348,2023-12-20,702172,4,6000.00,,643.00,N
904349,2023-12-27,702172,5,6000.00,,643.00,0
904350,2024-01-03,702172,4,6000.00,,643.02,N
904351,2024-10-31,702173,1,4800.00,40,1400.00,N
904352,2024-11-07,702173,4,4800.00,40,1400.00,Yes
904353,2025-06-02,702174,2,5400.00,20,2325.00,0
904354,2025-06-09,702174,5,5400.00,20,2325.00,1
904355,2024-10-27,702176,2,4200.00,60,299.94,N
904356,2024-11-03,702176,2,4200.00,60,299.94,N
904357,2024-11-10,702176,4,4200.00,60,299.94,No
904358,2024-12-22,702177,3,7200.00,60,3600.00,No
904359,2024-12-29,702177,1,7200.00,60,3600.00,Yes
904360,2025-05-12,702178,1,7200.00,,6304.40,0
904361,2024-01-07,702179,2,4800.00,20,1257.48,No
904362,2024-01-14,702179,2,4800.00,20,1257.49,No
904363,2024-07-09,702180,5,3500.00,20,916.67,
904364,2024-07-16,702180,5,3500.00,20,916.67,
904365,2024-07-23,702180,5,3500.00,20,916.66,1
904366,2023-12-02,702181,3,4200.00,30,1500.00,N
904367,2023-12-09,702181,1,4200.00,30,1500.00,1
904368,2025-08-15,702183,2,5400.00,,864.65,
904369,2025-08-22,702183,5,5400.00,,864.65,
904370,2025-08-29,702183,1,5400.00,,864.65,N
904371,2024-05-25,702184,1,3500.00,50,800.00,
904372,2024-06-01,702184,1,3500.00,50,800.00,N
904373,2024-06-08,702184,1,3500.00,50,800.00,No
904374,2024-06-15,702184,2,3500.00,50,800.00,1
904375,2024-05-02,702185,1,5400.00,,1350.00,N
904376,2024-05-09,702185,4,5400.00,,1350.00,
904377,2024-05-16,702185,5,5400.00,,1350.00,0
904378,2024-05-23,702185,2,5400.00,,1350.00,Yes
904379,2024-12-26,702187,4,6000.00,50,2115.98,No
904380,2025-01-01,702188,4,7200.00,,2086.22,N
904381,2025-01-08,702188,4,7200.00,,2086.22,
904382,2025-09-05,702189,3,7200.00,,2400.00,No
904383,2025-09-12,702189,4,7200.00,,2400.00,No
904384,2025-09-19,702189,5,7200.00,,2400.00,Yes
904385,2025-06-11,702190,1,4200.00,50,975.00,
904386,2025-06-18,702190,4,4200.00,50,975.00,No
904387,2025-06-25,702190,2,4200.00,50,975.00,No
904388,2025-07-02,702190,5,4200.00,50,975.00,Y
904389,2023-12-22,702191,5,3500.00,50,800.00,0
904390,2023-12-29,702191,1,3500.00,50,800.00,N
904391,2024-01-05,702191,1,3500.00,50,800.00,No
904392,2024-01-12,702191,3,3500.00,50,800.00,1
904393,2025-01-13,702192,4,6000.00,,1500.00,
904394,2025-01-20,702192,3,6000.00,,1500.00,N
904395,2025-01-27,702192,1,6000.00,,1500.00,0
904396,2025-02-03,702192,4,6000.00,,1500.00,Y
904397,2025-01-18,702193,2,4200.00,30,651.46,No
904398,2025-01-25,702193,3,4200.00,30,651.46,N
904399,2025-02-01,702193,3,4200.00,30,651.46,
904400,2025-01-01,702194,1,4200.00,20,1725.00,0
904401,2025-01-08,702194,1,4200.00,20,1725.00,1
904402,2025-02-20,702195,3,7200.00,,5140.13,0
904403,2025-02-13,702196,4,7200.00,50,2300.00,No
904404,2025-02-20,702196,5,7200.00,50,2300.00,No
904405,2025-02-27,702196,1,7200.00,50,2300.00,Y
904406,2025-06-30,702197,3,7200.00,60,3600.00,No
904407,2025-07-07,702197,2,7200.00,60,3600.00,Y
904408,2024-05-21,702198,3,4800.00,20,3535.40,0
904409,2024-07-21,702199,2,6000.00,60,3000.00,
904410,2024-07-28,702199,5,6000.00,60,3000.00,Y
904411,2024-05-06,702200,5,4200.00,,2100.00,No
904412,2024-05-13,702200,3,4200.00,,2100.00,Yes
904413,2025-05-01,702201,2,3500.00,60,1784.15,
904414,2025-02-15,702202,5,6000.00,40,909.55,N
904415,2025-02-22,702202,2,6000.00,40,909.56,N
904416,2024-09-08,702203,5,6000.00,,475.11,No
904417,2024-09-15,702203,1,6000.00,,475.11,No
904418,2024-09-22,702203,4,6000.00,,475.11,No
904419,2024-09-29,702203,5,6000.00,,475.10,
904420,2024-07-12,702204,1,4200.00,,4200.00,Yes
904421,2024-03-30,702205,2,6000.00,20,5250.00,1
904422,2025-03-30,702206,1,5400.00,,5400.00,1
904423,2024-06-09,702207,4,5400.00,10,1225.00,N
904424,2024-06-16,702207,4,5400.00,10,1225.00,N
904425,2024-06-23,702207,1,5400.00,10,1225.00,No
904426,2024-06-30,702207,3,5400.00,10,1225.00,Y
904427,2025-02-08,702208,5,5400.00,,1800.00,No
904428,2025-02-15,702208,2,5400.00,,1800.00,
904429,2025-02-22,702208,3,5400.00,,1800.00,Yes
904430,2025-06-20,702209,1,6000.00,,3000.00,N
904431,2025-06-27,702209,2,6000.00,,3000.00,1
904432,2024-04-07,702210,1,7200.00,60,2400.00,
904433,2024-04-14,702210,2,7200.00,60,2400.00,0
904434,2024-04-21,702210,3,7200.00,60,2400.00,Y
904435,2024-05-14,702211,3,4200.00,,4200.00,1
904436,2024-04-27,702212,2,4800.00,40,1400.00,No
904437,2024-05-04,702212,2,4800.00,40,1400.00,1
904438,2024-12-15,702213,3,6000.00,50,5700.00,Y
904439,2025-07-03,702214,5,4200.00,40,550.00,
904440,2025-07-10,702214,4,4200.00,40,550.00,
904441,2025-07-17,702214,4,4200.00,40,550.00,0
904442,2025-07-24,702214,1,4200.00,40,550.00,Yes
904443,2024-05-10,702215,1,4200.00,40,733.33,No
904444,2024-05-17,702215,3,4200.00,40,733.33,N
904445,2024-05-24,702215,4,4200.00,40,733.34,Yes
904446,2025-01-24,702216,5,7200.00,20,3225.00,0
904447,2025-01-31,702216,3,7200.00,20,3225.00,Yes
904448,2024-09-07,702217,3,5400.00,,1800.00,N
904449,2024-09-14,702217,5,5400.00,,1800.00,
904450,2024-09-21,702217,2,5400.00,,1800.00,1
904451,2025-08-17,702218,3,4200.00,30,462.90,0
904452,2025-08-24,702218,5,4200.00,30,462.90,
904453,2025-08-31,702218,4,4200.00,30,462.90,
904454,2025-09-07,702218,3,4200.00,30,462.90,
904455,2025-08-13,702219,4,4800.00,,1200.00,N
904456,2025-08-20,702219,3,4800.00,,1200.00,
904457,2025-08-27,702219,3,4800.00,,1200.00,N
904458,2025-09-03,702219,4,4800.00,,1200.00,1
904459,2024-10-29,702220,3,6000.00,10,1833.33,0
904460,2024-11-05,702220,4,6000.00,10,1833.33,N
904461,2024-11-12,702220,4,6000.00,10,1833.34,Y
904462,2025-06-09,702221,3,7200.00,30,3000.00,No
904463,2025-06-16,702221,2,7200.00,30,3000.00,1
904464,2024-02-13,702222,2,4200.00,10,925.00,N
904465,2024-02-20,702222,2,4200.00,10,925.00,0
904466,2024-02-27,702222,3,4200.00,10,925.00,
904467,2024-03-05,702222,5,4200.00,10,925.00,Y
904468,2024-07-22,702223,5,7200.00,30,3000.00,N
904469,2024-07-29,702223,5,7200.00,30,3000.00,Y
904470,2025-09-16,702224,3,3500.00,50,1197.29,N
904471,2025-09-23,702224,3,3500.00,50,1197.29,0
904472,2024-02-23,702225,2,5400.00,,5400.00,Y
904473,2025-02-04,702226,4,6000.00,,6000.00,Y
904474,2024-02-10,702227,3,6000.00,20,2717.02,
904475,2024-01-23,702228,1,4200.00,60,2100.00,
904476,2024-01-30,702228,5,4200.00,60,2100.00,Y
904477,2024-01-03,702229,2,5400.00,,3460.86,No
904478,2024-12-06,702230,2,4800.00,,2400.00,0
904479,2024-12-13,702230,1,4800.00,,2400.00,Y
904480,2025-04-11,702231,2,3500.00,,3087.40,0
904481,2024-02-12,702232,5,4800.00,30,3088.81,No
904482,2025-06-20,702233,2,4200.00,20,813.88,N
904483,2025-06-27,702233,4,4200.00,20,813.88,No
904484,2025-08-06,702234,5,6000.00,40,1544.87,N
904485,2025-08-13,702234,4,6000.00,40,1544.86,
904486,2024-03-15,702235,1,3500.00,20,2462.62,
904487,2024-02-05,702236,1,4200.00,,2100.00,No
904488,2024-02-12,702236,5,4200.00,,2100.00,Y
904489,2024-08-12,702237,5,5400.00,60,2700.00,0
904490,2024-08-19,702237,4,5400.00,60,2700.00,Y
904491,2024-01-29,702238,3,7200.00,50,2706.78,
904492,2024-02-05,702238,5,7200.00,50,2706.77,0
904493,2024-01-06,702240,4,4800.00,30,3600.00,Yes
904494,2025-05-02,702241,3,5400.00,,585.73,N
904495,2025-05-09,702241,5,5400.00,,585.73,No
904496,2025-05-16,702241,2,5400.00,,585.73,0
904497,2025-04-25,702242,2,7200.00,40,5200.00,Yes
904498,2024-12-03,702243,1,3500.00,10,3000.00,Y
904499,2025-04-14,702244,4,4800.00,50,2250.00,N
904500,2025-04-21,702244,3,4800.00,50,2250.00,1
904501,2025-02-08,702245,4,4200.00,,1230.77,0
904502,2025-02-15,702245,4,4200.00,,1230.77,0
904503,2025-02-22,702245,3,4200.00,,1230.78,No
904504,2024-05-31,702246,3,5400.00,20,2108.36,N
904505,2024-04-17,702247,3,6000.00,40,1333.33,0
904506,2024-04-24,702247,2,6000.00,40,1333.33,No
904507,2024-05-01,702247,1,6000.00,40,1333.34,Yes
904508,2025-09-20,702248,2,4800.00,,4800.00,1
904509,2025-09-19,702249,5,4200.00,40,550.00,
904510,2025-09-26,702249,3,4200.00,40,550.00,N
904511,2025-10-03,702249,3,4200.00,40,550.00,No
904512,2025-10-10,702249,3,4200.00,40,550.00,Y
904513,2025-08-14,702250,3,3500.00,,3500.00,Yes
904514,2024-02-29,702251,2,3500.00,20,687.50,N
904515,2024-03-07,702251,1,3500.00,20,687.50,No
904516,2024-03-14,702251,2,3500.00,20,687.50,0
904517,2024-03-21,702251,2,3500.00,20,687.50,Yes
904518,2025-07-01,702252,5,7200.00,,2400.00,N
904519,2025-07-08,702252,4,7200.00,,2400.00,N
904520,2025-07-15,702252,2,7200.00,,2400.00,1
904521,2025-04-09,702253,2,6000.00,60,863.44,
904522,2025-04-16,702253,5,6000.00,60,863.44,0
904523,2024-02-25,702254,4,3500.00,50,1600.00,0
904524,2024-03-03,702254,3,3500.00,50,1600.00,1
904525,2024-05-10,702255,5,4800.00,40,2800.00,1
904526,2024-10-27,702256,2,3500.00,10,1000.00,0
904527,2024-11-03,702256,1,3500.00,10,1000.00,0
904528,2024-11-10,702256,1,3500.00,10,1000.00,1
904529,2024-11-15,702257,5,3500.00,10,1500.00,N
904530,2024-11-22,702257,5,3500.00,10,1500.00,Y
904531,2024-04-22,702258,2,3500.00,,871.43,N
904532,2024-04-29,702258,2,3500.00,,871.44,0
904533,2025-05-08,702259,4,7200.00,30,3000.00,No
904534,2025-05-15,702259,2,7200.00,30,3000.00,Y
904535,2025-05-11,702260,3,4200.00,,3348.89,N
904536,2025-08-20,702261,1,4200.00,20,1150.00,N
904537,2025-08-27,702261,4,4200.00,20,1150.00,0
904538,2025-09-03,702261,3,4200.00,20,1150.00,Y
904539,2023-12-14,702262,2,5400.00,,1048.89,N
904540,2023-12-21,702262,2,5400.00,,1048.89,0
904541,2023-12-28,702262,1,5400.00,,1048.90,N
904542,2025-03-22,702263,1,4200.00,40,2200.00,Y
904543,2024-01-24,702264,5,3500.00,60,1072.61,N
904544,2025-06-20,702265,2,7200.00,,7200.00,1
904545,2024-02-06,702266,5,4200.00,60,2100.00,0
904546,2024-02-13,702266,2,4200.00,60,2100.00,1
904547,2024-05-02,702269,5,3500.00,,1750.00,0
904548,2024-05-09,702269,4,3500.00,,1750.00,Yes
904549,2024-12-22,702270,3,4800.00,20,2025.00,
904550,2024-12-29,702270,1,4800.00,20,2025.00,Yes
904551,2024-08-09,702271,5,6000.00,,5102.36,No
904552,2024-08-01,702272,4,3500.00,,1750.00,
904553,2024-08-08,702272,1,3500.00,,1750.00,1
904554,2025-06-16,702273,3,7200.00,40,5200.00,1
904555,2025-06-26,702274,1,4800.00,,1200.00,N
904556,2025-07-03,702274,2,4800.00,,1200.00,0
904557,2025-07-10,702274,1,4800.00,,1200.00,No
904558,2025-07-17,702274,4,4800.00,,1200.00,1
904559,2024-04-02,702275,1,7200.00,,2371.47,No
904560,2024-06-22,702276,4,5400.00,40,1117.56,No
904561,2024-08-12,702277,5,4200.00,,2100.00,0
904562,2024-08-19,702277,4,4200.00,,2100.00,Y
904563,2025-05-25,702278,3,6000.00,10,1049.19,No
904564,2025-06-01,702278,1,6000.00,10,1049.19,No
904565,2025-06-08,702278,1,6000.00,10,1049.18,0
904566,2023-11-24,702280,1,4200.00,40,1100.00,0
904567,2023-12-01,702280,1,4200.00,40,1100.00,1
904568,2024-12-15,702281,1,6000.00,,6000.00,1
904569,2024-08-02,702282,5,5400.00,60,845.80,No
904570,2024-08-09,702282,5,5400.00,60,845.80,N
904571,2024-08-16,702282,5,5400.00,60,845.80,N
904572,2024-08-23,702282,3,5400.00,60,845.82,
904573,2024-08-27,702283,5,7200.00,30,1500.00,No
904574,2024-09-03,702283,4,7200.00,30,1500.00,
904575,2024-09-10,702283,3,7200.00,30,1500.00,0
904576,2024-09-17,702283,2,7200.00,30,1500.00,Y
904577,2024-09-06,702284,3,4200.00,,2100.00,No
904578,2024-09-13,702284,2,4200.00,,2100.00,1
904579,2024-12-21,702285,1,7200.00,50,6900.00,1
904580,2024-08-03,702286,3,6000.00,,3653.39,N
904581,2024-10-21,702288,4,4800.00,,1600.00,0
904582,2024-10-28,702288,2,4800.00,,1600.00,No
904583,2024-11-04,702288,5,4800.00,,1600.00,Y
904584,2025-05-14,702289,5,5400.00,,1350.00,
904585,2025-05-21,702289,4,5400.00,,1350.00,
904586,2025-05-28,702289,3,5400.00,,1350.00,
904587,2025-06-04,702289,3,5400.00,,1350.00,1
904588,2024-05-10,702290,2,6000.00,30,897.20,No
904589,2024-05-17,702290,2,6000.00,30,897.20,N
904590,2024-04-16,702291,1,6000.00,30,932.01,N
904591,2024-04-23,702291,1,6000.00,30,932.01,
904592,2024-04-30,702291,3,6000.00,30,932.01,No
904593,2024-05-07,702291,5,6000.00,30,932.00,
904594,2024-12-28,702292,5,3500.00,,3500.00,1
904595,2025-06-26,702293,3,5400.00,,5400.00,1
904596,2024-01-20,702294,2,4200.00,,4200.00,Y
904597,2025-03-23,702295,2,4200.00,,2100.00,
904598,2025-03-30,702295,1,4200.00,,2100.00,1
904599,2025-03-24,702296,2,7200.00,,2400.83,0
904600,2025-07-15,702297,1,4200.00,,4200.00,Yes
904601,2025-04-13,702298,3,5400.00,30,1226.72,N
904602,2025-04-20,702298,3,5400.00,30,1226.73,
904603,2024-02-07,702299,5,6000.00,30,2400.00,No
904604,2024-02-14,702299,3,6000.00,30,2400.00,Yes
904605,2024-01-09,702300,1,6000.00,20,1750.00,N
904606,2024-01-16,702300,2,6000.00,20,1750.00,0
904607,2024-01-23,702300,3,6000.00,20,1750.00,Yes
904608,2025-06-02,702301,3,4200.00,,1418.31,N
904609,2025-06-09,702301,2,4200.00,,1418.30,No
904610,2024-02-17,702302,2,5400.00,60,1350.00,No
904611,2024-02-24,702302,2,5400.00,60,1350.00,
904612,2024-03-02,702302,1,5400.00,60,1350.00,N
904613,2024-03-09,702302,5,5400.00,60,1350.00,Y
904614,2024-04-26,702303,1,3500.00,60,875.00,0
904615,2024-05-03,702303,4,3500.00,60,875.00,
904616,2024-05-10,702303,2,3500.00,60,875.00,
904617,2024-05-17,702303,2,3500.00,60,875.00,Yes
904618,2024-10-26,702304,4,7200.00,30,6000.00,1
904619,2025-03-03,702305,1,3500.00,,1750.00,N
904620,2025-03-10,702305,4,3500.00,,1750.00,Y
904621,2024-05-08,702306,1,4200.00,20,1150.00,No
904622,2024-05-15,702306,4,4200.00,20,1150.00,N
904623,2024-05-22,702306,1,4200.00,20,1150.00,1
904624,2025-09-27,702307,2,4800.00,,4800.00,Yes
904625,2024-10-25,702308,5,4200.00,,1050.00,N
904626,2024-11-01,702308,1,4200.00,,1050.00,N
904627,2024-11-08,702308,5,4200.00,,1050.00,N
904628,2024-11-15,702308,2,4200.00,,1050.00,Y
904629,2024-04-28,702309,3,3500.00,30,575.00,
904630,2024-05-05,702309,5,3500.00,30,575.00,N
904631,2024-05-12,702309,2,3500.00,30,575.00,0
904632,2024-05-19,702309,2,3500.00,30,575.00,1
904633,2025-03-30,702310,5,4800.00,,2400.00,
904634,2025-04-06,702310,4,4800.00,,2400.00,1
904635,2025-05-08,702312,2,7200.00,,891.08,N
904636,2025-05-15,702312,3,7200.00,,891.08,0
904637,2025-05-22,702312,3,7200.00,,891.08,
904638,2025-05-29,702312,2,7200.00,,891.07,N
904639,2025-08-02,702313,3,5400.00,,813.52,0
904640,2025-08-09,702313,2,5400.00,,813.52,
904641,2025-08-16,702313,1,5400.00,,813.52,0
904642,2025-08-21,702314,4,7200.00,,3600.00,
904643,2025-08-28,702314,1,7200.00,,3600.00,Y
904644,2025-04-02,702315,4,5400.00,40,1700.00,N
904645,2025-04-09,702315,1,5400.00,40,1700.00,Y
904646,2024-07-12,702316,2,5400.00,,1133.20,
904647,2024-07-19,702316,4,5400.00,,1133.20,0
904648,2024-10-14,702317,2,4800.00,10,723.68,N
904649,2024-10-21,702317,4,4800.00,10,723.68,0
904650,2025-03-22,702318,4,7200.00,,7200.00,1
904651,2024-09-25,702320,4,4800.00,,671.60,0
904652,2024-10-02,702320,3,4800.00,,671.60,N
904653,2024-10-09,702320,2,4800.00,,671.59,
904654,2024-02-18,702321,4,7200.00,,1800.00,0
904655,2024-02-25,702321,1,7200.00,,1800.00,0
904656,2024-03-03,702321,4,7200.00,,1800.00,N
904657,2024-03-10,702321,4,7200.00,,1800.00,Y
904658,2024-05-22,702323,5,5400.00,,1350.00,
904659,2024-05-29,702323,4,5400.00,,1350.00,0
904660,2024-06-05,702323,5,5400.00,,1350.00,0
904661,2024-06-12,702323,3,5400.00,,1350.00,Yes
904662,2024-02-06,702324,2,7200.00,40,2600.00,0
904663,2024-02-13,702324,3,7200.00,40,2600.00,1
904664,2025-05-12,702325,3,7200.00,20,1971.42,
904665,2024-03-27,702327,4,3500.00,,875.00,0
904666,2024-04-03,702327,4,3500.00,,875.00,No
904667,2024-04-10,702327,5,3500.00,,875.00,
904668,2024-04-17,702327,5,3500.00,,875.00,1
904669,2024-07-08,702329,4,6000.00,50,2336.58,0
904670,2024-02-06,702330,5,3500.00,40,919.07,
904671,2024-10-29,702331,4,4800.00,10,1892.49,N
904672,2025-04-13,702332,3,4200.00,60,1400.00,
904673,2025-04-20,702332,1,4200.00,60,1400.00,
904674,2025-04-27,702332,2,4200.00,60,1400.00,Y
904675,2025-07-21,702333,5,7200.00,10,6700.00,Y
904676,2025-08-01,702334,1,7200.00,,7200.00,Yes
904677,2024-09-15,702335,4,4200.00,,2100.00,No
904678,2024-09-22,702335,2,4200.00,,2100.00,Yes
904679,2025-08-15,702336,5,5400.00,,2700.00,No
904680,2025-08-22,702336,5,5400.00,,2700.00,Y
904681,2025-05-25,702337,5,5400.00,,1350.00,
904682,2025-06-01,702337,3,5400.00,,1350.00,
904683,2025-06-08,702337,2,5400.00,,1350.00,
904684,2025-06-15,702337,2,5400.00,,1350.00,Yes
904685,2024-04-06,702338,5,3500.00,30,575.00,No
904686,2024-04-13,702338,5,3500.00,30,575.00,0
904687,2024-04-20,702338,1,3500.00,30,575.00,N
904688,2024-04-27,702338,3,3500.00,30,575.00,1
904689,2023-12-02,702339,4,5400.00,30,2100.00,
904690,2023-12-09,702339,2,5400.00,30,2100.00,Yes
904691,2025-05-24,702340,2,6000.00,,1783.86,No
904692,2025-05-31,702340,4,6000.00,,1783.86,
904693,2025-06-07,702340,5,6000.00,,1783.87,0
904694,2025-06-12,702341,4,4800.00,60,1968.52,No
904695,2025-06-19,702341,1,4800.00,60,1968.51,N
904696,2025-08-14,702343,2,4200.00,40,1100.00,No
904697,2025-08-21,702343,5,4200.00,40,1100.00,1
904698,2025-03-10,702344,5,5400.00,,1965.92,No
904699,2025-03-17,702344,4,5400.00,,1965.92,
904700,2023-12-01,702345,4,4200.00,30,3000.00,Y
904701,2025-04-24,702346,3,7200.00,,1592.61,
904702,2025-05-01,702346,2,7200.00,,1592.61,0
904703,2025-05-08,702346,3,7200.00,,1592.61,
904704,2025-01-17,702347,5,6000.00,10,4874.85,No
904705,2024-03-01,702348,2,4200.00,10,1850.00,N
904706,2024-03-08,702348,4,4200.00,10,1850.00,1
904707,2024-11-12,702349,1,6000.00,40,4000.00,Y
904708,2025-05-07,702350,1,7200.00,60,2555.23,0
904709,2025-05-14,702350,1,7200.00,60,2555.23,0
904710,2024-12-24,702351,1,6000.00,,1709.15,No
904711,2025-09-01,702352,3,4200.00,20,852.90,No
904712,2025-09-08,702352,2,4200.00,20,852.90,
904713,2025-09-15,702352,4,4200.00,20,852.89,No
904714,2024-05-16,702353,1,4200.00,,4200.00,1
904715,2024-04-30,702354,3,6000.00,60,3000.00,0
904716,2024-05-07,702354,2,6000.00,60,3000.00,Y
904717,2025-01-09,702355,4,4200.00,60,4200.00,Y
904718,2025-09-07,702356,3,4800.00,,2400.00,
904719,2025-09-14,702356,4,4800.00,,2400.00,Yes
904720,2025-01-22,702357,1,7200.00,,1422.24,
904721,2025-01-29,702357,4,7200.00,,1422.24,N
904722,2025-02-05,702357,1,7200.00,,1422.24,0
904723,2025-02-12,702357,4,7200.00,,1422.26,
904724,2025-06-12,702358,3,4800.00,,1200.00,No
904725,2025-06-19,702358,5,4800.00,,1200.00,
904726,2025-06-26,702358,5,4800.00,,1200.00,
904727,2025-07-03,702358,3,4800.00,,1200.00,Y
904728,2025-01-18,702359,4,7200.00,,1800.00,N
904729,2025-01-25,702359,5,7200.00,,1800.00,
904730,2025-02-01,702359,4,7200.00,,1800.00,0
904731,2025-02-08,702359,1,7200.00,,1800.00,1
904732,2025-08-27,702360,2,6000.00,,1340.38,No
904733,2024-06-24,702361,3,3500.00,50,1066.67,N
904734,2024-07-01,702361,1,3500.00,50,1066.67,No
904735,2024-07-08,702361,5,3500.00,50,1066.66,Y
904736,2025-04-30,702362,1,3500.00,,756.57,
904737,2025-05-07,702362,1,3500.00,,756.56,
904738,2024-09-14,702363,4,6000.00,20,549.18,No
904739,2024-09-21,702363,1,6000.00,20,549.18,N
904740,2024-09-28,702363,1,6000.00,20,549.18,
904741,2024-11-28,702365,4,3500.00,20,2750.00,1
904742,2023-11-30,702366,3,4800.00,10,1055.41,
904743,2023-12-07,702366,2,4800.00,10,1055.42,0
904744,2024-12-07,702367,2,7200.00,,2969.93,N
904745,2024-12-14,702367,4,7200.00,,2969.93,No
904746,2023-12-11,702368,1,4200.00,20,3450.00,Yes
904747,2024-08-30,702369,4,6000.00,,722.93,No
904748,2024-09-06,702369,3,6000.00,,722.93,
904749,2025-05-23,702370,3,4200.00,,4200.00,1
904750,2024-12-08,702371,4,7200.00,10,6700.00,1
904751,2025-05-18,702373,3,5400.00,,5400.00,1
904752,2024-12-27,702374,2,4800.00,,2400.00,No
904753,2025-01-03,702374,4,4800.00,,2400.00,Y
904754,2025-04-13,702375,1,7200.00,,3600.00,0
904755,2025-04-20,702375,5,7200.00,,3600.00,Yes
904756,2025-01-26,702376,5,4800.00,,1738.29,No
904757,2025-02-02,702376,2,4800.00,,1738.28,0
904758,2023-12-18,702377,3,5400.00,20,4650.00,1
904759,2023-12-19,702378,2,7200.00,,7200.00,Y
904760,2025-07-01,702379,3,5400.00,10,814.86,
904761,2025-07-08,702379,1,5400.00,10,814.86,0
904762,2025-07-15,702379,5,5400.00,10,814.86,0
904763,2025-07-22,702379,3,5400.00,10,814.87,No
904764,2024-09-15,702380,4,4800.00,,1600.00,
904765,2024-09-22,702380,4,4800.00,,1600.00,0
904766,2024-09-29,702380,1,4800.00,,1600.00,Yes
904767,2025-03-05,702381,3,4200.00,,1050.00,N
904768,2025-03-12,702381,5,4200.00,,1050.00,N
904769,2025-03-19,702381,5,4200.00,,1050.00,N
904770,2025-03-26,702381,5,4200.00,,1050.00,1
904771,2024-06-02,702382,4,3500.00,40,131.92,
904772,2024-06-09,702382,4,3500.00,40,131.92,
904773,2024-06-16,702382,2,3500.00,40,131.93,0
904774,2025-02-28,702383,3,4200.00,,2333.19,No
904775,2025-01-11,702384,5,7200.00,,1947.93,No
904776,2025-07-26,702385,1,4200.00,20,1725.00,
904777,2025-08-02,702385,5,4200.00,20,1725.00,1
904778,2025-05-02,702386,2,4800.00,10,1433.33,N
904779,2025-05-09,702386,3,4800.00,10,1433.33,0
904780,2025-05-16,702386,2,4800.00,10,1433.34,1
904781,2024-06-13,702387,2,5400.00,,1800.00,0
904782,2024-06-20,702387,1,5400.00,,1800.00,0
904783,2024-06-27,702387,1,5400.00,,1800.00,1
904784,2025-05-22,702388,2,3500.00,,1750.00,
904785,2025-05-29,702388,2,3500.00,,1750.00,Y
904786,2024-04-12,702389,1,7200.00,,1800.00,
904787,2024-04-19,702389,1,7200.00,,1800.00,0
904788,2024-04-26,702389,3,7200.00,,1800.00,N
904789,2024-05-03,702389,2,7200.00,,1800.00,Y
904790,2025-04-26,702390,5,4800.00,,1600.00,0
904791,2025-05-03,702390,5,4800.00,,1600.00,
904792,2025-05-10,702390,1,4800.00,,1600.00,Yes
904793,2024-06-11,702391,1,6000.00,30,1609.48,No
904794,2024-06-18,702391,4,6000.00,30,1609.49,No
904795,2024-06-25,702392,5,4200.00,30,3000.00,Y
904796,2025-08-27,702393,4,6000.00,10,1592.45,N
904797,2025-09-03,702393,1,6000.00,10,1592.45,0
904798,2025-09-10,702393,5,6000.00,10,1592.45,
904799,2024-02-17,702394,5,3500.00,,1429.28,
904800,2024-02-24,702394,3,3500.00,,1429.27,N
904801,2025-06-08,702395,4,7200.00,60,3724.10,
904802,2025-06-13,702396,4,6000.00,,619.15,No
904803,2025-06-20,702396,1,6000.00,,619.16,N
904804,2025-06-10,702397,1,4800.00,10,488.94,N
904805,2025-06-17,702397,5,4800.00,10,488.94,0
904806,2025-06-24,702397,4,4800.00,10,488.94,No
904807,2025-07-01,702397,1,4800.00,10,488.93,
904808,2025-07-14,702398,2,7200.00,,2460.06,0
904809,2025-06-08,702399,3,6000.00,,1500.00,N
904810,2025-06-15,702399,2,6000.00,,1500.00,N
904811,2025-06-22,702399,1,6000.00,,1500.00,N
904812,2025-06-29,702399,5,6000.00,,1500.00,1
904813,2024-06-25,702400,3,4800.00,10,219.97,No
904814,2024-07-02,702400,5,4800.00,10,219.97,
904815,2024-07-09,702400,1,4800.00,10,219.97,
904816,2024-07-16,702400,1,4800.00,10,219.97,0
904817,2025-08-24,700324,4,7200.00,,2671.33,N
904818,2025-04-16,700260,4,7200.00,20,3225.00,1
904819,2025-07-01,700587,5,5400.00,,2700.00,1
904820,2024-06-22,700539,4,4800.00,,1200.00,No
904821,2024-03-07,700916,1,4800.00,,1200.00,
904822,2024-05-17,701100,5,3500.00,,836.80,No
904823,2025-07-29,700212,3,7200.00,,1920.85,
904824,2024-04-19,701612,1,5400.00,,1350.00,Yes
904825,2025-07-03,701909,2,5400.00,,1440.25,N
904826,2025-08-13,701276,5,4800.00,40,829.75,
904827,2025-03-08,701356,3,7200.00,40,1940.47,N
904828,2024-03-17,701630,1,4200.00,,1834.83,0
904829,2025-06-13,701729,2,3500.00,10,2404.33,N
904830,2024-06-29,701581,4,5400.00,10,515.89,
904831,2024-03-11,701635,1,5400.00,20,726.89,N
904832,2024-08-17,700934,2,7200.00,40,397.91,
904833,2024-12-22,700192,4,5400.00,60,1800.00,No
904834,2025-09-12,701252,4,4800.00,,555.13,No
904835,2025-04-04,701804,2,7200.00,,3600.00,N
904836,2025-05-10,700517,2,5400.00,10,1225.00,N
904837,2024-02-18,700871,4,6000.00,,4865.81,
904838,2024-04-09,701669,2,7200.00,,1800.00,No
904839,2025-10-05,700364,5,7200.00,,2246.46,
904840,2024-07-17,701865,2,5400.00,60,870.86,0
904841,2024-07-19,701913,3,4200.00,10,925.00,Y
904842,2025-05-07,702362,1,3500.00,,756.56,
904843,2025-06-20,702112,1,5400.00,30,1050.00,
904844,2024-02-02,701236,3,4200.00,10,925.00,N
904845,2024-11-09,700907,2,4200.00,,638.08,N
904846,2024-04-23,701925,5,4200.00,,319.44,N
904847,2025-08-06,700495,5,4200.00,40,1100.00,0
904848,2025-04-30,700537,5,4200.00,30,249.08,No
904849,2025-06-12,701728,3,3500.00,60,1750.00,0
904850,2025-01-09,700399,4,4200.00,,4200.00,1
904851,2024-03-04,700466,5,3500.00,20,687.50,0
904852,2025-08-25,700427,3,4200.00,30,3000.00,Y
904853,2024-12-07,700061,4,4800.00,,241.84,
904854,2025-07-01,702133,1,7200.00,60,2060.25,
904855,2024-12-07,700947,4,7200.00,60,1296.61,
904856,2024-05-26,701901,3,4800.00,60,967.43,No
