LineID,OrderID,ProductID,CustomerID,OrderDate,OrderPriority,OrderQuantity,Sales,Discount,ShipMode,Profit,UnitPrice,ShippingCost
1485,710,540260,98068071,2010-01-01,Low,42,161.77000,0.01,Regular Air,-150.37,3.58,5.47
2731,710,135665,98068071,2010-01-01,Low,11,447.09000,0.09,Regular Air,89.03,41.32,8.66
6105,710,399912,98068071,2010-01-01,Low,29,4192.88000,0.02,Delivery Truck,731.32,145.45,17.85
6666,59174,200147,29307407,2010-01-01,Medium,6,1193.10000,0.09,Express Air,-139.50,204.10,13.99
7919,39841,904715,99563074,2010-01-01,Medium,43,294.13000,0.01,Regular Air,-123.07,6.68,6.92
315,38215,518917,15023876,2010-01-02,Critical,42,756.72950,0.07,Regular Air,64.78,20.99,4.81
599,25860,746721,55417339,2010-01-02,Low,9,740.20000,0.05,Express Air,239.94,83.98,5.01
2733,54145,332624,65028410,2010-01-02,Low,34,70.25000,0.10,Regular Air,-133.06,2.08,5.33
3662,38215,264955,15023876,2010-01-02,Critical,38,3676.96000,0.09,Express Air,1233.45,104.85,19.99
3820,25860,918877,55417339,2010-01-02,Low,23,1288.77850,0.07,Regular Air,-185.89,65.99,19.99
6852,48480,79342,72355770,2010-01-02,Critical,32,11103.75000,0.10,Delivery Truck,-522.59,370.98,99.00
417,29058,774393,102101268,2010-01-03,High,41,1011.67000,0.04,Regular Air,-74.64,24.98,8.79
1965,8998,199819,73966703,2010-01-03,Low,37,1767.88000,0.07,Regular Air,66.47,50.98,13.66
1966,8998,657927,73966703,2010-01-03,Low,13,178.13000,0.04,Regular Air,-19.75,13.43,5.50
3142,20449,442073,18436824,2010-01-03,Medium,19,1216.50000,0.10,Regular Air,162.18,67.28,19.99
3723,57606,905400,12671287,2010-01-03,Not Specified,37,294.48000,0.08,Regular Air,-64.24,8.46,3.62
5445,29058,575546,102101268,2010-01-03,High,23,128.52000,0.06,Regular Air,42.80,5.84,1.00
6194,29058,751161,58178202,2010-01-03,High,33,28389.14000,0.07,Delivery Truck,7132.18,880.98,44.55
7005,8998,937092,73966703,2010-01-03,Low,12,277.42000,0.01,Regular Air,49.82,22.24,1.99
7079,29058,202436,102101268,2010-01-03,High,43,287.61000,0.02,Regular Air,-101.50,6.48,6.35
3164,46050,271693,55460332,2010-01-04,High,48,4813.67000,0.03,Express Air,44.58,95.43,19.99
4767,46050,135273,55460332,2010-01-04,High,3,876.75000,0.02,Regular Air,-248.69,289.53,19.99
629,14755,748546,3863253,2010-01-05,High,44,2322.81200,0.10,Express Air,454.38,65.99,4.20
631,14755,436896,3863253,2010-01-05,High,31,111.48000,0.09,Regular Air,29.57,3.85,0.70
4581,5504,1036331,65993654,2010-01-05,High,6,49.55000,0.06,Express Air,-20.33,5.78,7.64
4582,5504,878513,65993654,2010-01-05,High,15,606.56000,0.04,Regular Air,20.23,45.99,4.99
5756,56293,453581,16907084,2010-01-05,Not Specified,34,702.79000,0.04,Regular Air,-44.81,19.99,11.17
5757,56293,203328,16907084,2010-01-05,Not Specified,44,712.64000,0.06,Regular Air,-27.72,16.91,6.25
3224,33218,410461,64666110,2010-01-06,Not Specified,29,480.13000,0.04,Regular Air,53.67,16.16,7.74
4501,44133,112907,11001728,2010-01-06,High,35,181.15000,0.06,Regular Air,-46.68,5.28,3.96
4792,33218,386038,64666110,2010-01-06,Not Specified,25,113.80000,0.07,Regular Air,-84.08,4.57,5.42
395,47171,756158,76162149,2010-01-07,Medium,19,50.07000,0.03,Regular Air,-0.53,2.67,0.86
1595,48935,659453,29025972,2010-01-07,Low,21,106.20000,0.00,Regular Air,48.76,4.91,0.50
2044,47171,899480,76162149,2010-01-07,Medium,32,6982.87000,0.05,Delivery Truck,875.55,217.85,29.10
3230,12708,460873,72796983,2010-01-07,Low,44,159.41000,0.00,Express Air,34.68,3.28,0.98
7066,47171,102789,76162149,2010-01-07,Medium,21,147.16000,0.01,Regular Air,-92.55,6.48,8.40
7980,5510,949585,30084133,2010-01-07,Medium,12,116.38000,0.08,Regular Air,29.68,9.68,2.03
317,13447,518917,67135124,2010-01-08,High,24,436.48350,0.01,Regular Air,0.85,20.99,4.81
2179,2244,49841,55417339,2010-01-08,Critical,19,88.61000,0.01,Express Air,21.47,3.80,1.49
5330,37668,250373,41989638,2010-01-08,Low,33,478.27000,0.01,Regular Air,-4.85,13.99,7.51
7322,58053,570116,81690820,2010-01-08,Medium,42,287.75000,0.02,Regular Air,-136.02,6.68,7.30
3125,32932,125839,60814472,2010-01-09,Low,49,29884.60000,0.05,Regular Air,12748.86,599.99,24.49
4945,4611,585869,24718220,2010-01-09,High,32,16172.44000,0.03,Delivery Truck,7176.12,500.98,28.14
1596,57318,659453,52276520,2010-01-10,Medium,33,158.79000,0.02,Regular Air,74.14,4.91,0.50
2240,24740,1007032,92656557,2010-01-10,Medium,11,1091.47000,0.04,Regular Air,160.48,92.23,39.61
3596,10247,1005967,66378277,2010-01-10,Medium,24,231.95000,0.03,Regular Air,44.14,9.78,1.99
3885,24740,92451,92656557,2010-01-10,Medium,35,112.59000,0.09,Express Air,-126.70,3.28,5.00
3935,23782,528974,60083352,2010-01-10,Low,46,21390.44000,0.09,Delivery Truck,5365.43,500.98,26.00
3954,8227,231193,92512595,2010-01-10,Not Specified,32,162.25000,0.05,Express Air,-43.21,4.77,2.39
5681,23782,572974,60083352,2010-01-10,Low,7,169.75000,0.09,Regular Air,-194.85,20.34,35.00
6988,10247,761140,66378277,2010-01-10,Medium,21,111.66000,0.06,Regular Air,-53.33,4.98,5.49
7587,57318,904715,52276520,2010-01-10,Medium,12,79.06000,0.10,Regular Air,-47.00,6.68,6.92
1064,56327,1021753,81380802,2010-01-11,Medium,11,2164.07000,0.01,Delivery Truck,59.73,180.98,55.24
2452,56327,592044,81380802,2010-01-11,Medium,47,1276.73000,0.08,Express Air,357.23,29.18,8.55
3500,59270,381761,44475905,2010-01-11,High,5,647.27000,0.08,Delivery Truck,-404.77,122.99,70.20
3880,48487,290269,95577022,2010-01-11,Low,27,360.70000,0.00,Regular Air,146.17,12.97,1.49
5152,59270,872550,70402918,2010-01-11,High,14,2138.63000,0.01,Regular Air,453.03,142.86,19.99
5153,59270,318385,70402918,2010-01-11,High,47,1597.02000,0.01,Regular Air,749.03,31.78,1.99
6732,59270,515534,70402918,2010-01-11,High,48,25312.00000,0.01,Delivery Truck,8788.81,517.48,16.63
7333,56327,709916,81380802,2010-01-11,Medium,42,1767.47000,0.05,Regular Air,331.56,40.99,17.48
2226,1857,512058,70910022,2010-01-12,High,37,199.76000,0.07,Regular Air,20.00,5.58,1.99
3258,19494,682156,31645785,2010-01-12,High,39,857.32000,0.05,Regular Air,195.71,22.23,8.99
4055,34948,475585,25362542,2010-01-12,Critical,15,1057.06000,0.08,Delivery Truck,-403.74,68.81,60.00
5150,38369,690604,28497631,2010-01-12,Not Specified,3,224.74400,0.02,Regular Air,54.60,71.37,69.00
6544,19494,553905,31645785,2010-01-12,High,2,8.87000,0.03,Regular Air,-6.79,2.74,3.50
1171,59552,729684,41823417,2010-01-13,Not Specified,39,314.26000,0.00,Regular Air,-71.05,7.45,6.28
2935,17825,386136,93179234,2010-01-13,Not Specified,26,981.90000,0.06,Regular Air,11.38,37.76,12.90
3839,12580,1006802,15369322,2010-01-13,Low,50,8038.08000,0.10,Regular Air,2821.41,172.99,19.99
4804,12580,793720,59398695,2010-01-13,Low,43,140.72000,0.04,Regular Air,-115.53,3.28,3.97
1275,19524,1038283,69958724,2010-01-14,Critical,9,92.02000,0.07,Regular Air,-24.88,10.23,4.68
1814,37125,746518,55591849,2010-01-14,High,46,72.18000,0.00,Regular Air,11.83,1.48,0.70
2522,20961,1039462,91785983,2010-01-14,Not Specified,34,6607.92000,0.06,Regular Air,1462.72,199.99,24.49
4162,28289,388781,56979805,2010-01-14,High,31,166.76000,0.01,Regular Air,-46.03,4.98,4.75
4943,58599,844618,100390992,2010-01-14,Critical,19,2328.62000,0.00,Delivery Truck,45.54,120.98,30.00
5052,58599,461227,45725722,2010-01-14,Critical,49,5332.42000,0.06,Delivery Truck,-219.20,113.98,30.00
6269,37250,1029312,59426264,2010-01-14,High,13,473.46000,0.03,Regular Air,128.11,35.94,6.66
7172,23586,250992,44297353,2010-01-14,Medium,32,210.90000,0.03,Regular Air,-62.46,6.48,5.74
7830,2213,394308,25162682,2010-01-14,Not Specified,6,40.31000,0.08,Regular Air,-32.27,5.78,8.09
462,2852,217058,69981415,2010-01-15,Critical,42,3931.31800,0.06,Regular Air,1025.45,115.99,4.23
3452,21574,712849,50274012,2010-01-15,Critical,33,77.55000,0.00,Regular Air,-37.20,2.12,1.99
5175,15079,588162,98550002,2010-01-15,Medium,45,3753.42000,0.00,Regular Air,1276.25,80.98,7.18
7098,2852,1017940,69981415,2010-01-15,Critical,10,74.87000,0.02,Regular Air,-43.97,6.48,8.19
7945,15079,536441,98550002,2010-01-15,Medium,23,1130.79000,0.01,Regular Air,468.19,48.91,5.97
265,8642,652699,4221093,2010-01-16,High,13,133.04000,0.04,Regular Air,49.69,10.35,0.99
1682,36161,943159,93607330,2010-01-16,Critical,6,29.19000,0.03,Regular Air,0.65,4.49,1.49
2375,4545,207567,31467554,2010-01-16,Not Specified,33,126.38000,0.08,Regular Air,26.64,4.00,1.30
2578,26182,331372,39140094,2010-01-16,Not Specified,30,4684.90000,0.01,Delivery Truck,-549.27,150.98,66.27
4974,26182,674050,8520485,2010-01-16,Not Specified,4,770.76000,0.08,Delivery Truck,-192.51,200.98,23.76
7018,8642,630857,4221093,2010-01-16,High,26,151.05000,0.09,Regular Air,-76.14,5.80,5.59
7283,4545,345717,31467554,2010-01-16,Not Specified,4,33.10000,0.06,Regular Air,-24.15,6.48,8.74
1256,55139,863849,25715035,2010-01-17,Not Specified,41,576.58000,0.04,Regular Air,-81.55,13.90,7.59
3231,55139,460873,40499981,2010-01-17,Not Specified,26,85.71000,0.08,Regular Air,9.32,3.28,0.98
6367,18853,475614,19029328,2010-01-17,Critical,33,223.88000,0.03,Regular Air,55.21,6.68,1.50
554,34753,106849,63210192,2010-01-18,Not Specified,7,117.06200,0.09,Regular Air,-63.70,20.99,0.99
1244,50048,260010,20033456,2010-01-18,High,1,15.00000,0.05,Regular Air,-11.02,6.84,8.37
2577,50048,779056,20033456,2010-01-18,High,14,35.48000,0.09,Regular Air,-9.19,2.58,1.30
2589,39267,884540,87106625,2010-01-18,High,46,1221.47000,0.09,Regular Air,-233.14,28.28,13.99
2997,35139,820841,89379992,2010-01-18,High,29,264.78000,0.02,Regular Air,53.05,8.69,2.99
4608,24610,674050,37216054,2010-01-18,Not Specified,4,883.31000,0.01,Delivery Truck,-79.96,200.98,23.76
5940,39267,607634,87106625,2010-01-18,High,26,430.33000,0.08,Regular Air,85.48,17.78,5.03
6719,35139,394339,94666608,2010-01-18,High,3,10380.34000,0.05,Delivery Truck,-8389.47,3502.14,8.73
6720,35139,573539,94666608,2010-01-18,High,25,854.90000,0.05,Regular Air,76.87,34.58,8.99
6721,35139,217562,94666608,2010-01-18,High,32,389.98000,0.07,Regular Air,-14.98,12.21,4.81
4339,54497,872550,4035756,2010-01-19,Not Specified,1,155.51000,0.07,Regular Air,-87.34,142.86,19.99
2222,29185,499554,47872917,2010-01-20,High,8,468.49000,0.03,Regular Air,-6.37,56.96,13.22
4220,34661,860962,59645894,2010-01-20,Critical,26,864.16000,0.09,Regular Air,-175.47,33.98,19.99
4311,55398,242307,86396748,2010-01-20,Medium,24,154.99000,0.07,Regular Air,-1085.52,4.48,49.00
4656,25155,884115,57458136,2010-01-20,Low,48,1038.99000,0.00,Regular Air,-180.45,19.94,14.87
5620,20934,119069,77243589,2010-01-20,Critical,5,1253.89000,0.09,Delivery Truck,-577.48,264.98,17.86
6041,55398,672413,86396748,2010-01-20,Medium,21,46.42000,0.04,Regular Air,2.38,2.10,0.70
7184,29185,236787,47872917,2010-01-20,High,48,446.53000,0.04,Express Air,-261.45,8.37,10.16
7185,29185,709916,47872917,2010-01-20,High,5,217.85000,0.02,Express Air,-25.31,40.99,17.48
7725,25155,764895,57458136,2010-01-20,Low,17,114.01000,0.08,Regular Air,6.99,6.69,3.10
7726,25155,761140,57458136,2010-01-20,Low,3,30.37000,0.01,Express Air,-1.74,4.98,5.49
7425,42405,591346,6763230,2010-01-21,High,13,81.68000,0.08,Regular Air,-25.22,5.98,5.15
154,55270,612766,90514203,2010-01-22,Medium,1,35.14000,0.02,Regular Air,-12.75,29.17,6.27
2160,35812,279720,63210192,2010-01-22,Critical,2,59.93000,0.09,Regular Air,-147.81,30.73,4.00
3528,640,764509,74639533,2010-01-22,High,39,4913.69000,0.02,Delivery Truck,-1153.90,120.98,58.64
3793,35812,461227,63210192,2010-01-22,Critical,24,2722.85000,0.08,Delivery Truck,-112.62,113.98,30.00
3872,49925,691011,50857062,2010-01-22,High,1,3.41000,0.06,Regular Air,-1.78,2.88,0.70
5362,24135,339725,100099945,2010-01-22,Low,12,345.19000,0.10,Regular Air,111.59,30.44,1.49
6943,640,473902,74639533,2010-01-22,High,24,464.77000,0.01,Regular Air,29.42,18.97,9.54
7126,35812,712459,63210192,2010-01-22,Critical,19,851.52000,0.08,Regular Air,307.64,47.90,5.86
8056,44999,938591,69476484,2010-01-22,Medium,17,110.74000,0.09,Regular Air,-70.31,6.48,7.49
493,41472,259382,34697007,2010-01-23,Low,48,280.87000,0.01,Express Air,-214.15,5.38,7.57
1055,13958,72479,23784011,2010-01-23,Low,11,808.67300,0.06,Regular Air,-10.67,85.99,0.99
6136,44295,1037740,95652866,2010-01-23,Medium,47,4524.90700,0.07,Regular Air,1464.87,115.99,2.50
404,38048,397917,38984610,2010-01-24,High,42,2252.26200,0.10,Regular Air,478.11,65.99,5.63
2052,38048,176425,38984610,2010-01-24,High,47,279.01000,0.05,Regular Air,-136.84,5.77,5.92
5114,14661,545772,94666608,2010-01-24,Not Specified,38,1325.06000,0.06,Regular Air,-180.23,35.77,9.02
7831,40162,695399,55544129,2010-01-24,Critical,28,1581.23000,0.03,Regular Air,760.79,55.98,5.15
2393,1253,300581,88611817,2010-01-25,Critical,15,494.34000,0.05,Regular Air,-30.19,31.98,6.72
2645,2305,762722,93758371,2010-01-25,High,33,3116.47000,0.10,Delivery Truck,-1578.26,100.98,57.38
4072,14819,74067,73429118,2010-01-25,Not Specified,48,9062.73000,0.09,Regular Air,3122.78,207.48,0.99
4073,14819,724277,73429118,2010-01-25,Not Specified,27,1584.10000,0.07,Delivery Truck,-478.22,58.14,36.61
5117,2305,538416,18400683,2010-01-25,High,11,1382.80000,0.01,Regular Air,141.31,120.33,19.99
7469,2305,165314,93758371,2010-01-25,High,1,12.41000,0.01,Regular Air,-9.08,6.68,5.66
507,27680,681809,24223712,2010-01-26,Critical,32,324.40000,0.10,Regular Air,-46.98,10.89,4.50
4168,24961,724277,79533912,2010-01-26,Low,8,487.59000,0.04,Delivery Truck,-205.29,58.14,36.61
4712,27808,116401,55459419,2010-01-26,Low,9,196.12000,0.01,Express Air,4.41,20.89,1.99
5869,611,823075,39400605,2010-01-26,Critical,47,840.04000,0.04,Regular Air,-131.27,17.70,9.47
7108,27680,160229,24223712,2010-01-26,Critical,19,137.02000,0.01,Regular Air,-46.89,6.48,6.60
6864,44098,701718,86443655,2010-01-27,Low,1,5.06000,0.01,Regular Air,-2.64,3.14,1.92
152,5381,417731,90514203,2010-01-28,Low,27,63.87000,0.09,Regular Air,-149.93,2.18,7.09
486,27810,428893,6767935,2010-01-28,High,32,216.51000,0.02,Express Air,109.29,6.30,0.50
1576,97,155970,11551378,2010-01-28,Medium,26,75.57000,0.03,Regular Air,28.24,2.89,0.50
5314,5381,612619,90514203,2010-01-28,Low,47,4888.14000,0.07,Regular Air,1545.09,107.53,5.81
1515,31780,778385,54579803,2010-01-29,Medium,17,734.25000,0.08,Express Air,160.58,42.98,4.62
2540,30336,226162,97850819,2010-01-29,Medium,28,5155.07000,0.06,Regular Air,368.79,193.17,19.99
3186,6279,442073,69504145,2010-01-29,Critical,49,3283.74000,0.01,Regular Air,723.33,67.28,19.99
6329,13413,766319,49129535,2010-01-29,Critical,29,150.28000,0.04,Regular Air,-50.86,4.98,4.70
687,52196,358060,50857062,2010-01-30,Not Specified,1,3.85000,0.08,Regular Air,-1.36,3.08,0.99
1046,3461,209111,81690820,2010-01-30,Critical,47,2053.37900,0.10,Regular Air,1040.40,55.99,1.25
5595,52196,664514,50857062,2010-01-30,Not Specified,10,547.00050,0.08,Regular Air,-97.20,65.99,3.90
5807,3461,1037740,81690820,2010-01-30,Critical,35,3206.39550,0.08,Regular Air,784.77,115.99,2.50
454,16166,302517,30521001,2010-01-31,Critical,36,78.51000,0.09,Regular Air,-10.06,2.18,1.38
618,50304,736726,58189342,2010-01-31,Critical,3,72.46000,0.05,Delivery Truck,-60.74,15.23,27.75
621,50304,459677,58189342,2010-01-31,Critical,22,887.98000,0.04,Regular Air,239.94,39.98,9.83
1371,14375,695818,40155039,2010-01-31,Medium,50,3872.38000,0.10,Regular Air,1110.35,83.93,19.99
3736,12449,868096,30521001,2010-01-31,Medium,36,1400.10000,0.03,Regular Air,88.68,39.98,4.00
5022,14338,266000,29843835,2010-01-31,Low,34,6580.16000,0.10,Delivery Truck,2786.35,200.97,15.59
8043,14375,971876,21958370,2010-01-31,Medium,7,44.05000,0.07,Regular Air,-21.77,5.78,5.67
194,8292,881139,3704525,2010-02-01,Not Specified,18,299.87000,0.02,Regular Air,130.04,15.74,1.39
1765,58788,145931,38030197,2010-02-01,Low,31,983.78000,0.04,Regular Air,43.72,30.98,6.50
4416,48642,1084658,45703891,2010-02-01,High,36,111.83000,0.00,Regular Air,19.36,2.94,0.70
5143,48642,1019643,59819667,2010-02-01,High,5,519.69000,0.02,Express Air,-122.09,100.98,7.18
6156,48642,908570,45703891,2010-02-01,High,50,4159.62800,0.05,Express Air,1332.91,95.99,4.90
6730,48642,945371,59819667,2010-02-01,High,4,37.73000,0.06,Regular Air,-13.72,8.67,3.50
7969,27524,620362,31215298,2010-02-01,Not Specified,50,343.94000,0.02,Regular Air,-157.40,6.48,7.37
935,52322,519606,28931462,2010-02-02,Low,1,5.70000,0.10,Regular Air,-2.34,3.95,2.00
1104,43781,639682,49488637,2010-02-02,Not Specified,21,917.39000,0.02,Express Air,393.41,40.98,2.99
1219,3687,638256,88926329,2010-02-02,Critical,25,79.37000,0.07,Regular Air,6.14,3.29,1.35
1616,55877,944147,29483524,2010-02-02,Not Specified,40,144.28000,0.01,Express Air,52.94,3.08,0.99
3876,32164,839366,65762504,2010-02-02,Not Specified,23,6552.90000,0.10,Delivery Truck,-461.45,296.18,54.12
3878,32164,695980,65762504,2010-02-02,Not Specified,34,111.83000,0.07,Regular Air,-92.16,3.28,3.97
6189,18307,942547,10691025,2010-02-02,Low,34,245.19000,0.03,Regular Air,37.99,7.08,2.35
6191,18307,410393,10691025,2010-02-02,Low,23,441.99000,0.08,Express Air,32.36,19.98,8.68
7193,32164,672421,65762504,2010-02-02,Not Specified,12,77.01000,0.02,Regular Air,-19.04,5.78,4.96
7351,43781,657298,49488637,2010-02-02,Not Specified,45,497.14000,0.05,Regular Air,240.41,10.94,1.39
7599,55877,414906,29483524,2010-02-02,Not Specified,19,126.53000,0.03,Regular Air,-73.38,5.98,7.50
1015,24197,586808,49413655,2010-02-03,Low,2,35.64050,0.05,Regular Air,-110.40,20.99,1.25
1411,56931,560855,28941888,2010-02-03,High,34,232.41550,0.05,Regular Air,-110.59,7.99,5.03
228,12067,730110,79755549,2010-02-04,Critical,45,271.06000,0.00,Regular Air,-76.60,5.74,5.01
264,27141,460438,4221093,2010-02-04,Not Specified,28,1645.51000,0.06,Regular Air,300.34,59.76,9.71
1971,12067,908791,79755549,2010-02-04,Critical,6,58.84000,0.05,Regular Air,4.29,9.48,3.72
1974,12067,700485,79755549,2010-02-04,Critical,12,1211.72000,0.04,Regular Air,587.84,99.23,8.99
1990,27141,1010112,4221093,2010-02-04,Not Specified,25,495.80000,0.03,Regular Air,107.82,19.04,6.38
3615,12067,918877,79755549,2010-02-04,Critical,7,407.11600,0.08,Regular Air,-289.81,65.99,19.99
4843,10630,724277,34037705,2010-02-04,Medium,44,2773.84000,0.00,Delivery Truck,-513.76,58.14,36.61
4993,18055,388781,12299029,2010-02-04,Critical,3,19.98000,0.02,Regular Air,-9.61,4.98,4.75
5350,12067,334736,79755549,2010-02-04,Critical,9,75.26000,0.01,Regular Air,-17.24,7.64,5.83
8046,1222,295902,97484951,2010-02-04,Medium,48,257.39000,0.08,Regular Air,-121.91,5.28,5.57
2389,42500,820841,16907084,2010-02-05,Not Specified,2,21.03000,0.03,Regular Air,-10.48,8.69,2.99
2390,42500,505095,16907084,2010-02-05,Not Specified,39,1836.06000,0.04,Regular Air,437.07,48.92,4.50
2901,39110,120431,69641516,2010-02-05,Medium,14,2595.07000,0.10,Regular Air,1217.19,194.30,11.54
254,15397,805629,12392564,2010-02-06,Critical,43,121.94000,0.01,Regular Air,-51.30,2.60,2.40
910,42561,988535,77040900,2010-02-06,Low,15,1062.95900,0.07,Express Air,298.48,85.99,2.50
1178,33703,416583,56979805,2010-02-06,Not Specified,25,802.19000,0.00,Regular Air,56.26,29.74,6.64
1984,15397,403305,12392564,2010-02-06,Critical,42,223.33000,0.00,Express Air,-111.89,4.98,4.32
4163,33703,219802,56979805,2010-02-06,Not Specified,4,242.36000,0.08,Regular Air,-131.48,60.98,1.99
5359,15397,760927,12392564,2010-02-06,Critical,29,1178.04000,0.07,Regular Air,-53.81,40.98,6.50
5454,10913,251563,97257760,2010-02-06,Low,27,5149.06000,0.03,Delivery Truck,605.44,180.98,30.00
5888,33703,217562,56979805,2010-02-06,Not Specified,4,63.52000,0.08,Express Air,-8.47,12.21,4.81
6711,54276,389962,100219185,2010-02-06,Not Specified,21,756.60000,0.00,Regular Air,299.59,35.44,4.92
1045,45542,491105,94808461,2010-02-07,High,40,4064.27200,0.01,Delivery Truck,-300.85,124.49,51.94
3621,7175,77414,74518551,2010-02-07,Critical,10,748.25000,0.05,Delivery Truck,-86.99,70.98,26.74
5804,45542,334736,94808461,2010-02-07,High,37,281.79000,0.04,Express Air,-50.96,7.64,5.83
7530,36292,1073132,43859307,2010-02-07,Critical,21,109.87000,0.05,Regular Air,-98.17,4.98,7.54
7531,36292,384417,43859307,2010-02-07,Critical,37,816.65000,0.09,Regular Air,-182.80,22.84,16.87
7978,34245,857575,23647299,2010-02-07,Medium,42,189.22000,0.05,Regular Air,-92.42,4.28,4.79
1683,10114,540260,58941026,2010-02-08,Critical,39,147.88000,0.00,Regular Air,-142.91,3.58,5.47
1987,7079,430772,103724988,2010-02-08,Medium,18,128.13000,0.03,Regular Air,-34.91,6.48,5.94
3312,30625,450925,34037705,2010-02-08,Critical,24,2429.09000,0.06,Express Air,-20.67,105.29,10.12
3313,30625,150664,34037705,2010-02-08,Critical,37,478.94000,0.04,Regular Air,10.56,12.53,7.17
3627,7079,661224,103724988,2010-02-08,Medium,44,12296.49000,0.01,Delivery Truck,-416.70,280.98,57.00
1924,44900,400240,33980383,2010-02-09,Medium,4,47.03000,0.08,Regular Air,-12.03,11.19,5.03
4244,20577,207098,45162841,2010-02-09,Critical,15,611.68000,0.05,Regular Air,134.75,39.06,10.55
5265,12704,472903,84795584,2010-02-09,Low,44,21506.77000,0.06,Regular Air,1260.51,499.99,24.49
5266,12704,947094,84795584,2010-02-09,Low,28,669.02000,0.02,Delivery Truck,-1274.02,20.98,53.03
512,7654,599985,96628821,2010-02-10,High,3,19.47000,0.06,Regular Air,-14.29,4.13,6.89
520,6311,490866,11286401,2010-02-10,Medium,18,1297.44850,0.04,Regular Air,4.21,85.99,10.78
1518,20704,358060,31848876,2010-02-10,Low,5,16.48000,0.06,Regular Air,-0.33,3.08,0.99
3527,15014,724277,79674261,2010-02-10,Medium,10,633.13000,0.05,Delivery Truck,-203.90,58.14,36.61
3575,47329,855099,38038963,2010-02-10,Low,2,26.64000,0.09,Express Air,-13.88,11.55,2.36
6140,20704,568048,31848876,2010-02-10,Low,1,5.63000,0.03,Regular Air,-3.55,4.71,0.70
6141,20704,98988,31848876,2010-02-10,Low,38,15655.24000,0.09,Regular Air,4818.29,419.19,19.99
6973,47329,195368,38038963,2010-02-10,Low,16,88.19000,0.03,Regular Air,-25.97,4.98,4.72
1029,6850,736799,40482968,2010-02-11,High,26,3753.72000,0.05,Delivery Truck,-556.25,138.75,52.42
1727,19555,704553,74751607,2010-02-11,Low,8,78.67000,0.00,Regular Air,14.10,9.11,2.15
1997,20103,203194,8230900,2010-02-11,Medium,30,314.93000,0.00,Regular Air,-17.50,9.99,6.24
1999,20103,719525,8230900,2010-02-11,Medium,25,726.82000,0.10,Express Air,-173.88,30.42,8.65
2430,6850,681369,40482968,2010-02-11,High,41,2088.50000,0.08,Regular Air,675.07,51.98,10.17
2431,6850,835973,40482968,2010-02-11,High,34,2126.72000,0.05,Regular Air,150.04,64.98,6.88
2637,14245,736479,94998229,2010-02-11,Critical,17,454.09000,0.10,Regular Air,29.70,28.15,6.17
3784,3078,116812,79235541,2010-02-11,High,12,33.86000,0.05,Regular Air,0.35,2.88,0.70
5041,3078,470743,6324861,2010-02-11,High,1,316.61000,0.10,Delivery Truck,-187.29,291.73,48.80
5802,6850,219708,40482968,2010-02-11,High,8,81.56000,0.08,Regular Air,-7.23,10.01,1.99
7658,19555,570116,74751607,2010-02-11,Low,36,246.24000,0.08,Regular Air,-118.90,6.68,7.30
2939,10080,279720,52863444,2010-02-12,Low,20,637.04000,0.00,Regular Air,-26.83,30.73,4.00
4990,57159,687346,75827252,2010-02-12,Critical,42,460.20000,0.01,Regular Air,-214.39,9.99,11.59
4991,57159,661224,75827252,2010-02-12,Critical,17,4621.10000,0.09,Delivery Truck,-635.65,280.98,57.00
5057,58502,367410,84184775,2010-02-12,Critical,23,5186.31000,0.03,Delivery Truck,1009.38,226.67,28.16
7110,26054,236787,96628821,2010-02-12,Critical,47,396.78000,0.09,Regular Air,-321.21,8.37,10.16
7669,59619,781408,83053562,2010-02-13,Not Specified,12,76.04000,0.04,Regular Air,-47.55,5.98,7.15
8053,59619,102789,73410196,2010-02-13,Not Specified,35,225.40000,0.08,Regular Air,-165.48,6.48,8.40
2746,12259,300581,29705839,2010-02-14,High,45,1379.62000,0.10,Regular Air,-66.07,31.98,6.72
3023,47778,556506,8807770,2010-02-14,Critical,12,174.11000,0.06,Regular Air,-24.52,13.73,6.85
6126,12259,1030475,29705839,2010-02-14,High,45,5007.69000,0.07,Delivery Truck,-899.34,114.98,51.42
6557,14791,1049864,92238400,2010-02-14,Medium,29,1576.22300,0.05,Regular Air,286.12,65.99,3.99
1528,32931,622603,37575390,2010-02-15,Low,31,86.10000,0.06,Regular Air,32.70,2.88,0.50
2770,32931,789960,37575390,2010-02-15,Low,25,298.11000,0.08,Regular Air,-60.79,12.44,6.27
4219,37349,206992,87691641,2010-02-15,Critical,8,631.73000,0.03,Express Air,122.43,78.69,19.99
6942,42820,99546,79674261,2010-02-16,Low,27,141.56000,0.10,Regular Air,-2.85,5.28,2.99
7057,57127,175765,47273840,2010-02-16,Low,13,735.54000,0.00,Regular Air,171.82,55.48,14.30
389,54304,196600,64043844,2010-02-17,High,11,558.62000,0.03,Regular Air,118.32,48.58,3.99
2689,36065,134974,28941888,2010-02-17,High,31,538.30000,0.03,Regular Air,-63.98,16.98,12.39
4710,39333,332190,55459419,2010-02-17,Critical,31,8955.34000,0.10,Regular Air,2081.48,320.98,24.49
6446,39333,766319,55459419,2010-02-17,Critical,18,95.22000,0.01,Regular Air,-33.40,4.98,4.70
1401,6980,69354,54160156,2010-02-18,Not Specified,18,136.29000,0.05,Regular Air,-77.28,7.30,7.72
573,33060,577552,36255546,2010-02-19,High,3,15.88000,0.05,Regular Air,-11.04,3.74,4.69
2669,22368,322672,20872558,2010-02-19,Medium,34,2788.04000,0.01,Regular Air,-849.18,80.98,35.00
2774,25091,749689,10356602,2010-02-19,Medium,4,156.97000,0.01,Regular Air,-25.43,34.54,14.72
4280,22368,1048806,20872558,2010-02-19,Medium,33,3917.61000,0.08,Delivery Truck,40.76,119.99,56.14
7492,22368,982190,20872558,2010-02-19,Medium,5,192.12000,0.04,Regular Air,-74.85,39.24,1.99
876,37157,175848,66982166,2010-02-20,High,39,213.00000,0.01,Regular Air,-71.09,5.28,5.06
1166,14023,258022,86395368,2010-02-20,Not Specified,36,711.10000,0.08,Regular Air,241.08,21.38,2.99
3285,56835,161487,35731448,2010-02-20,Not Specified,1,10.94000,0.10,Regular Air,-5.16,9.11,2.25
3535,4739,1084658,104239922,2010-02-20,Low,16,48.57000,0.04,Regular Air,4.21,2.94,0.70
4315,57538,860962,61907970,2010-02-20,Critical,40,1370.49000,0.08,Regular Air,-244.63,33.98,19.99
5660,59780,79748,83020097,2010-02-20,Critical,21,6776.92000,0.00,Delivery Truck,1395.02,306.14,26.53
7032,38496,195368,56352213,2010-02-20,Critical,23,116.57000,0.07,Regular Air,-43.18,4.98,4.72
7384,14023,177660,86395368,2010-02-20,Not Specified,48,498.16000,0.03,Regular Air,40.61,9.99,5.12
7905,1060,604095,85580048,2010-02-20,Medium,30,1187.55000,0.00,Regular Air,532.61,37.70,2.99
367,43940,196617,75322156,2010-02-21,Critical,12,1940.21000,0.09,Regular Air,-215.34,200.99,4.20
484,26499,607679,103235308,2010-02-21,Medium,11,32.40000,0.05,Regular Air,8.78,2.88,0.50
2035,41122,448604,82445538,2010-02-21,Not Specified,29,61.22000,0.06,Express Air,-76.88,1.74,4.08
2531,17632,649343,44235784,2010-02-21,Medium,38,71.12000,0.10,Regular Air,-21.89,1.98,0.70
5422,43940,930243,75322156,2010-02-21,Critical,44,1717.21000,0.08,Regular Air,176.13,40.97,8.99
361,2279,847898,65181272,2010-02-22,Medium,39,845.90000,0.04,Regular Air,52.53,20.98,5.42
392,39872,774939,76162149,2010-02-22,Critical,5,16.24000,0.01,Regular Air,0.35,2.88,0.99
1639,37606,737723,73221313,2010-02-22,Critical,41,148.99000,0.03,Regular Air,-115.48,3.57,4.17
4496,37606,793720,73221313,2010-02-22,Critical,21,70.66000,0.06,Regular Air,-57.84,3.28,3.97
5131,51362,630917,53132484,2010-02-22,Medium,47,1501.80000,0.02,Regular Air,112.78,30.97,4.00
5416,2279,798350,65181272,2010-02-22,Medium,49,4577.18000,0.00,Delivery Truck,205.83,90.98,30.00
5735,29475,751161,10766748,2010-02-22,High,2,1814.82000,0.00,Delivery Truck,-1128.66,880.98,44.55
7277,29475,84722,10766748,2010-02-22,High,49,235.12000,0.09,Regular Air,-29.62,4.91,3.05
7610,37606,994750,73221313,2010-02-22,Critical,1,19.96000,0.05,Express Air,3.25,4.98,4.86
8018,4487,655557,40066662,2010-02-22,Medium,50,325.24000,0.05,Regular Air,-79.42,6.54,5.27
4142,42528,1005967,79845128,2010-02-23,Medium,31,313.05000,0.02,Express Air,81.87,9.78,1.99
4549,27426,238464,54239905,2010-02-23,Low,32,416.99000,0.02,Express Air,-93.62,12.88,4.59
5876,42528,823075,79845128,2010-02-23,Medium,13,250.75000,0.02,Regular Air,-43.52,17.70,9.47
6782,42528,1040869,45759427,2010-02-23,Medium,46,161.28000,0.01,Regular Air,56.73,3.49,0.76
7148,42528,1039422,54579533,2010-02-23,Medium,29,200.70000,0.02,Regular Air,-147.72,6.48,9.17
7370,42528,574567,79845128,2010-02-23,Medium,37,1356.45000,0.02,Regular Air,47.65,35.44,19.99
7646,27426,87058,54239905,2010-02-23,Low,41,438.66000,0.01,Regular Air,58.86,9.99,4.78
1330,11878,656848,68418756,2010-02-24,Not Specified,18,102.06000,0.10,Regular Air,36.23,6.30,0.50
4414,10627,669077,45703891,2010-02-24,Low,4,40.23000,0.05,Regular Air,-30.26,7.77,9.23
6566,48609,798361,34037705,2010-02-24,High,5,186.50000,0.04,Express Air,4.16,37.44,4.27
7458,11878,621412,68418756,2010-02-24,Not Specified,15,101.82000,0.08,Regular Air,-52.55,6.48,7.03
7484,53344,582737,76281881,2010-02-24,High,36,181.95000,0.03,Regular Air,-132.26,4.89,6.07
7821,48609,563334,34037705,2010-02-24,High,26,176.34000,0.00,Regular Air,-103.32,6.48,7.86
1460,11747,930660,97151439,2010-02-25,Medium,3,315.28000,0.08,Regular Air,-261.55,99.99,19.99
5105,8807,952312,62925640,2010-02-25,Low,14,1379.33750,0.08,Regular Air,-78.54,125.99,4.20
5662,12803,217562,79423257,2010-02-25,Not Specified,32,383.81000,0.03,Regular Air,-21.15,12.21,4.81
8042,8807,209703,96261360,2010-02-25,Low,19,428.14000,0.04,Regular Air,-6.04,22.84,11.54
167,27461,607679,20071951,2010-02-26,Critical,40,121.92000,0.09,Express Air,51.23,2.88,0.50
197,27879,881139,20705818,2010-02-26,Medium,44,669.01000,0.08,Regular Air,299.35,15.74,1.39
1392,55394,736726,20427219,2010-02-26,Critical,21,340.70000,0.05,Delivery Truck,11.65,15.23,27.75
1665,38979,819688,91042485,2010-02-26,Low,31,65.61000,0.02,Regular Air,-16.63,1.95,1.63
1950,27879,134249,20705818,2010-02-26,Medium,30,301.60000,0.01,Express Air,-24.93,9.65,6.22
2155,20038,924265,39916227,2010-02-26,Low,42,173.44000,0.05,Regular Air,-172.40,4.14,6.60
2475,37541,224170,49488637,2010-02-26,Medium,18,1373.11000,0.10,Regular Air,-599.54,80.98,35.00
3127,36836,616694,60814472,2010-02-26,Medium,43,16116.33000,0.08,Regular Air,6919.87,387.99,19.99
6256,38979,751465,91042485,2010-02-26,Low,48,3355.10000,0.07,Delivery Truck,-1701.96,70.98,59.81
6979,27461,267787,20071951,2010-02-26,Critical,26,1096.17000,0.01,Regular Air,110.78,40.99,19.99
7352,37541,196575,49488637,2010-02-26,Medium,10,550.61000,0.08,Express Air,98.32,55.98,13.88
8044,678,1014815,99713016,2010-02-26,Low,44,228.41000,0.07,Regular Air,-226.36,4.98,8.33
1008,6272,904387,65395856,2010-02-27,High,8,358.41950,0.09,Express Air,-275.06,55.99,2.50
1009,6272,491105,65395856,2010-02-27,High,48,4965.38400,0.00,Delivery Truck,-175.46,124.49,51.94
1319,47942,400232,98550273,2010-02-27,Medium,3,22.60000,0.04,Express Air,-4.63,5.88,3.04
1355,58820,318979,27626796,2010-02-27,Low,24,307.49000,0.01,Regular Air,61.51,12.20,6.02
1433,20386,154089,75843176,2010-02-27,Critical,35,41.23000,0.09,Regular Air,-21.51,1.26,0.70
1870,16230,483546,17033987,2010-02-27,Low,40,4538.66000,0.00,Regular Air,506.86,111.03,8.64
2418,6272,548833,65395856,2010-02-27,High,33,497.40000,0.05,Regular Air,37.90,14.98,8.99
2574,33922,302796,102100618,2010-02-27,Not Specified,31,15251.50000,0.06,Delivery Truck,5353.19,500.97,69.30
3540,16230,34354,17033987,2010-02-27,Low,27,3379.01000,0.06,Delivery Truck,-801.09,130.98,54.74
4235,47942,1005949,98550273,2010-02-27,Medium,30,17034.92000,0.09,Regular Air,5916.34,599.99,24.49
4357,9701,290269,63204716,2010-02-27,Low,8,103.75000,0.01,Regular Air,25.13,12.97,1.49
5263,16230,459865,17033987,2010-02-27,Low,2,13.30000,0.09,Regular Air,-7.86,7.31,0.49
5782,6272,485887,65395856,2010-02-27,High,31,3232.68000,0.03,Regular Air,875.45,105.98,13.99
6104,9701,609559,63204716,2010-02-27,Low,9,855.86500,0.04,Regular Air,-153.92,110.99,2.50
6949,16230,905789,17033987,2010-02-27,Low,15,687.52000,0.08,Regular Air,223.76,48.91,5.81
7019,4166,523991,4221093,2010-02-27,Low,19,138.85000,0.08,Regular Air,-49.35,7.10,6.05
476,17506,738036,101822304,2010-02-28,Low,33,9473.31000,0.03,Delivery Truck,1939.11,294.62,42.52
3052,34787,403494,15239298,2010-02-28,Low,14,453.99000,0.05,Regular Air,14.61,30.98,8.99
1182,738,352439,97850819,2010-03-01,Not Specified,7,560.51000,0.04,Regular Air,32.60,80.98,4.50
1779,36517,196600,93242448,2010-03-01,Not Specified,18,877.64000,0.03,Regular Air,218.97,48.58,3.99
7389,738,299508,97850819,2010-03-01,Not Specified,31,189.95000,0.08,Regular Air,-56.68,6.48,5.14
7628,24577,253064,91042485,2010-03-01,Medium,8,180.79000,0.05,Regular Air,20.09,22.84,5.47
62,35300,484597,44905147,2010-03-02,Medium,10,28.81000,0.02,Regular Air,7.15,2.89,0.49
1869,35300,135665,44905147,2010-03-02,Medium,35,1445.60000,0.08,Regular Air,126.03,41.32,8.66
2203,4359,328938,86967557,2010-03-02,Critical,21,215.76000,0.09,Regular Air,-97.75,10.90,7.46
2720,1600,134249,37146022,2010-03-02,Medium,32,303.59000,0.10,Regular Air,-45.99,9.65,6.22
5260,35300,836171,44905147,2010-03-02,Medium,13,119.03000,0.06,Regular Air,29.62,8.95,2.01
5678,19813,886808,30491084,2010-03-02,Critical,29,1098.50600,0.05,Regular Air,218.73,45.99,2.50
5826,55424,786593,81380802,2010-03-02,Medium,6,25.84000,0.04,Express Air,-4.13,1.76,4.86
7491,2914,473902,20002172,2010-03-02,Medium,3,62.88000,0.09,Regular Air,-24.74,18.97,9.54
7527,1600,584472,37146022,2010-03-02,Medium,36,191.60000,0.04,Regular Air,-150.74,4.98,7.44
7654,27236,329142,7178696,2010-03-02,High,20,393.31000,0.04,Regular Air,84.30,19.98,5.86
257,43271,805629,103724988,2010-03-03,Medium,2,7.75000,0.03,Regular Air,-5.27,2.60,2.40
862,47169,767830,76055280,2010-03-03,Medium,15,803.26700,0.06,Regular Air,-19.97,65.99,5.26
3003,44064,152427,29012034,2010-03-03,Medium,23,284.14000,0.05,Regular Air,-104.18,11.66,8.99
3016,11429,990993,70121056,2010-03-03,Low,39,446.04000,0.01,Regular Air,59.04,10.98,5.14
3277,34599,243623,95177343,2010-03-03,Low,26,191.55000,0.08,Regular Air,7.17,7.70,3.68
6402,44064,844963,29012034,2010-03-03,Medium,43,468.48000,0.07,Express Air,-213.49,11.34,11.25
7812,34599,1021964,95177343,2010-03-03,Low,29,938.86000,0.05,Regular Air,22.21,30.98,17.08
1373,8101,682640,20002172,2010-03-04,Medium,35,3491.71000,0.04,Delivery Truck,-1216.64,95.95,74.35
6020,8101,573539,20002172,2010-03-04,Medium,15,485.16000,0.10,Regular Air,-9.32,34.58,8.99
7744,27712,140003,89722082,2010-03-04,Low,20,246.63000,0.08,Regular Air,31.54,12.28,4.86
665,54692,251489,34288922,2010-03-05,Medium,27,2478.48100,0.09,Regular Air,249.10,115.99,8.99
1550,52193,640880,29419859,2010-03-05,Not Specified,1,17.89000,0.04,Express Air,10.51,2.88,0.50
3856,54692,529422,34288922,2010-03-05,Medium,16,43.65000,0.05,Regular Air,-3.67,2.78,0.97
4419,52193,933643,29419859,2010-03-05,Not Specified,47,137.18000,0.07,Regular Air,6.04,2.94,0.96
5683,46855,381085,31290794,2010-03-05,High,32,53.34000,0.04,Regular Air,-4.68,1.68,0.70
7003,8870,886377,17767864,2010-03-05,Not Specified,15,441.58000,0.07,Regular Air,117.39,30.98,5.09
7204,26852,239066,4569162,2010-03-06,Critical,2,15.81000,0.06,Regular Air,-9.88,4.98,6.07
1246,43329,299230,39140094,2010-03-07,Medium,42,2475.83000,0.09,Regular Air,752.37,59.98,3.99
1708,14147,686443,37451272,2010-03-07,Not Specified,8,351.49000,0.03,Regular Air,107.32,41.94,2.99
4091,9568,317279,18517094,2010-03-07,Not Specified,46,3725.53000,0.00,Regular Air,748.67,76.72,19.95
4202,58720,672681,48810863,2010-03-07,Not Specified,43,2378.82000,0.02,Regular Air,597.16,52.40,16.11
4423,19329,878513,91212453,2010-03-07,Not Specified,6,231.75250,0.03,Regular Air,-155.95,45.99,4.99
4739,46949,905400,65592088,2010-03-07,High,37,319.39000,0.03,Regular Air,-39.33,8.46,3.62
5269,13121,314388,63582475,2010-03-07,High,28,4924.13500,0.07,Regular Air,1049.54,205.99,8.99
6168,19329,1057069,91212453,2010-03-07,Not Specified,37,281.59000,0.07,Regular Air,-6.39,7.96,4.95
7423,58720,538069,48810863,2010-03-07,Not Specified,6,202.62000,0.02,Express Air,13.87,30.98,8.74
7507,55269,1021964,11233852,2010-03-07,Medium,1,49.61000,0.00,Regular Air,-41.82,30.98,17.08
7648,14147,317100,37451272,2010-03-07,Not Specified,16,74.13000,0.08,Regular Air,-69.34,4.28,6.72
7649,14147,762620,37451272,2010-03-07,Not Specified,45,195.03000,0.09,Regular Air,-148.87,4.28,5.74
288,3908,738011,36349541,2010-03-08,Medium,8,820.28400,0.00,Regular Air,-180.20,115.99,2.50
1112,14406,529796,7191557,2010-03-08,Medium,35,2329.64600,0.10,Express Air,-310.24,85.99,0.99
1920,896,642280,90514203,2010-03-08,Critical,50,1246.52000,0.01,Regular Air,52.48,24.92,12.98
2480,12736,134249,93263069,2010-03-08,Low,2,25.52000,0.01,Regular Air,21.77,9.65,6.22
2481,14406,56287,7191557,2010-03-08,Medium,37,5610.84000,0.07,Regular Air,2366.51,150.98,13.99
5006,28482,912860,7452837,2010-03-08,Critical,22,119.63000,0.03,Regular Air,-27.39,5.08,3.63
5861,14406,947094,7191557,2010-03-08,Medium,20,455.34000,0.06,Delivery Truck,-932.55,20.98,53.03
7898,28482,317100,7452837,2010-03-08,Critical,40,177.92000,0.00,Regular Air,-167.92,4.28,6.72
378,43367,858912,76519514,2010-03-09,Critical,16,139.37000,0.04,Express Air,1.72,8.34,2.64
548,44897,494051,16060471,2010-03-09,High,11,85.62000,0.07,Regular Air,-81.22,7.28,11.15
960,47909,394140,11137069,2010-03-09,Medium,48,843.03000,0.08,Regular Air,419.90,20.99,0.99
961,47909,1038283,11137069,2010-03-09,Medium,22,220.26000,0.07,Regular Air,-35.95,10.23,4.68
1318,48263,210183,42801539,2010-03-09,Medium,25,135.91000,0.07,Regular Air,37.50,5.68,1.21
2965,21735,525720,52197137,2010-03-09,Not Specified,23,239.49000,0.04,Regular Air,-159.35,9.98,12.52
4141,31682,317279,25562063,2010-03-09,Low,42,3186.77000,0.09,Regular Air,455.42,76.72,19.95
4605,21735,871061,52197137,2010-03-09,Not Specified,14,1819.15300,0.02,Regular Air,-35.50,155.99,8.99
5429,43367,462054,76519514,2010-03-09,Critical,18,1221.62000,0.01,Regular Air,-468.64,64.65,35.00
7060,43367,299508,76519514,2010-03-09,Critical,3,23.38000,0.08,Regular Air,-12.19,6.48,5.14
7292,47909,584472,11137069,2010-03-09,Medium,38,185.19000,0.07,Regular Air,-175.62,4.98,7.44
7371,48263,414906,79845128,2010-03-09,Medium,28,164.22000,0.10,Regular Air,-124.72,5.98,7.50
1320,4737,400232,35080446,2010-03-10,Not Specified,49,314.21000,0.00,Regular Air,49.77,5.88,3.04
5682,52098,1045401,31290794,2010-03-10,Medium,19,812.06000,0.00,Regular Air,220.07,39.06,10.55
203,24993,904387,43018738,2010-03-11,High,36,1561.22050,0.09,Regular Air,-226.82,55.99,2.50
1621,1412,1015676,26983125,2010-03-12,Not Specified,13,59.03000,0.10,Express Air,26.92,3.69,0.50
2557,2149,660527,53947199,2010-03-12,Low,4,43.56000,0.01,Regular Air,21.21,9.38,4.93
3501,40804,381761,50882136,2010-03-12,Medium,36,4273.80000,0.06,Delivery Truck,-1775.83,122.99,70.20
5183,15234,924819,94359543,2010-03-12,Not Specified,12,1323.54350,0.00,Express Air,-34.73,125.99,8.08
6228,1412,568048,26983125,2010-03-12,Not Specified,21,97.48000,0.05,Regular Air,-5.77,4.71,0.70
6745,15234,161867,94359543,2010-03-12,Not Specified,21,2185.95350,0.10,Regular Air,268.01,125.99,8.99
279,43936,751450,27242353,2010-03-13,Critical,42,670.65000,0.08,Regular Air,41.66,15.94,5.45
662,33632,414885,39086044,2010-03-13,Critical,8,763.64850,0.06,Regular Air,-277.78,115.99,5.26
2848,7938,345256,101248528,2010-03-13,Medium,16,2026.05000,0.10,Delivery Truck,-357.65,135.99,28.63
3019,47554,629210,57458136,2010-03-13,Low,9,436.30000,0.08,Delivery Truck,-50.31,50.98,14.19
3494,29957,241264,10820132,2010-03-13,Critical,28,2555.37000,0.08,Delivery Truck,-824.91,95.98,58.20
4658,47554,725611,57458136,2010-03-13,Low,47,364.23000,0.01,Regular Air,41.58,7.59,4.00
6763,7938,717095,58381259,2010-03-13,Medium,34,334.66000,0.05,Regular Air,132.56,9.93,1.09
7335,7938,781408,80187376,2010-03-13,Medium,23,139.19000,0.04,Regular Air,-86.73,5.98,7.15
7473,29957,433913,21729136,2010-03-13,Critical,31,1447.62000,0.07,Regular Air,576.39,48.04,7.23
924,51524,328029,31467554,2010-03-14,Medium,20,347.26750,0.06,Express Air,-71.09,20.99,0.99
5574,19744,607882,83693488,2010-03-14,Medium,41,478.38000,0.09,Regular Air,-34.39,11.97,4.98
5739,51524,242881,31467554,2010-03-14,Medium,16,2723.10000,0.07,Regular Air,-446.31,167.27,35.00
3132,27077,482713,10756558,2010-03-15,Critical,11,1612.93000,0.00,Regular Air,321.25,140.99,13.99
5104,36737,930353,70826606,2010-03-15,Not Specified,26,1462.16150,0.03,Regular Air,215.43,65.99,5.99
5163,36737,448778,81685115,2010-03-15,Not Specified,10,35.69000,0.04,Regular Air,-31.24,3.28,4.20
6621,43877,203328,40300751,2010-03-15,Low,36,580.04000,0.09,Express Air,-31.86,16.91,6.25
7939,36737,690859,81685115,2010-03-15,Not Specified,10,999.89000,0.02,Regular Air,-119.92,99.99,19.99
834,43972,892166,20066882,2010-03-16,Low,12,714.39100,0.00,Regular Air,-62.33,65.99,8.99
3374,47749,886452,52914743,2010-03-16,Medium,46,399.58000,0.04,Regular Air,-188.53,8.45,7.77
8026,2084,709916,52110240,2010-03-16,High,16,692.73000,0.01,Regular Air,94.97,40.99,17.48
2354,10754,430772,64928711,2010-03-17,Low,7,48.04000,0.09,Regular Air,-23.28,6.48,5.94
7063,53025,414906,64043844,2010-03-17,Critical,32,195.57000,0.09,Regular Air,-132.93,5.98,7.50
7084,49538,752280,12671287,2010-03-17,Low,29,730.51000,0.08,Regular Air,217.57,26.38,5.58
1096,50118,736726,69306501,2010-03-18,Not Specified,19,337.38000,0.00,Delivery Truck,-409.79,15.23,27.75
2269,44162,567128,15879065,2010-03-19,High,46,507.64000,0.04,Regular Air,42.76,10.98,3.37
6906,50759,623868,105296499,2010-03-19,Low,46,2422.72100,0.10,Regular Air,366.18,65.99,8.99
8008,12643,5889,38377074,2010-03-19,Low,22,345.69000,0.02,Regular Air,143.23,15.04,1.97
2916,8387,945043,37999431,2010-03-20,Not Specified,35,1133.96000,0.02,Regular Air,185.09,31.74,12.62
916,30374,299230,56549626,2010-03-21,Critical,12,709.54000,0.07,Regular Air,131.44,59.98,3.99
2493,32641,231361,57533478,2010-03-21,High,18,167.53000,0.05,Regular Air,-9.57,8.85,5.60
2855,15744,559984,18361125,2010-03-21,Critical,16,838.81000,0.09,Regular Air,290.77,55.48,6.79
2974,44290,286374,30238656,2010-03-21,Medium,49,508.38000,0.06,Regular Air,4.68,10.40,5.40
4008,30374,677142,56549626,2010-03-21,Critical,42,1220.08000,0.00,Regular Air,515.64,28.48,1.99
6375,44290,999980,30238656,2010-03-21,Medium,28,281.09000,0.01,Regular Air,-114.58,9.06,9.86
7039,30308,468575,65938413,2010-03-21,Medium,15,30.38000,0.08,Regular Air,-59.18,1.80,4.79
7690,44290,877412,30238656,2010-03-21,Medium,41,276.65000,0.02,Regular Air,-75.28,6.48,5.87
1834,53060,704553,68005331,2010-03-22,Critical,4,38.58000,0.02,Regular Air,-2.82,9.11,2.15
4470,29671,1006899,104393625,2010-03-22,Critical,43,1511.70000,0.02,Regular Air,221.63,34.99,7.73
7573,4037,563334,6982655,2010-03-23,High,27,188.07000,0.00,Regular Air,-101.85,6.48,7.86
427,36866,754090,75768983,2010-03-24,Low,32,6245.76000,0.10,Regular Air,1462.42,210.55,9.99
997,5414,847898,93537500,2010-03-24,Not Specified,14,284.62000,0.10,Express Air,-27.08,20.98,5.42
3232,5830,593564,40880095,2010-03-24,Medium,49,2012.14000,0.07,Regular Air,241.74,40.97,14.45
6462,44546,154899,97049232,2010-03-24,Critical,15,55.20000,0.05,Regular Air,4.26,3.58,1.63
6669,52135,287133,53512689,2010-03-24,Low,38,3922.96000,0.04,Regular Air,863.57,99.99,19.99
643,35430,986755,27976227,2010-03-25,Low,31,1655.36650,0.08,Regular Air,173.93,65.99,8.99
1855,42597,403305,58046234,2010-03-25,Medium,5,29.66000,0.04,Regular Air,-32.78,4.98,4.32
4957,18017,839366,71428407,2010-03-25,Critical,22,5202.89600,0.02,Delivery Truck,-715.78,296.18,54.12
5569,35430,221286,27976227,2010-03-25,Low,16,1835.84000,0.05,Regular Air,608.74,110.98,13.99
5570,35430,853927,27976227,2010-03-25,Low,48,133.43000,0.10,Regular Air,9.50,2.84,0.93
7959,19815,239066,69572908,2010-03-25,Not Specified,33,167.07000,0.03,Regular Air,-102.36,4.98,6.07
2523,7169,643318,91785983,2010-03-26,Medium,22,446.72000,0.05,Regular Air,-39.00,20.28,14.39
4374,27875,695417,29705839,2010-03-26,Low,5,64.97000,0.10,Regular Air,-190.30,3.48,49.00
7381,7169,606403,91785983,2010-03-26,Medium,30,1580.60050,0.07,Regular Air,303.53,65.99,2.79
4145,58657,318385,89677213,2010-03-27,Critical,43,1338.12000,0.04,Regular Air,519.70,31.78,1.99
6671,10919,845612,53855677,2010-03-27,High,42,2040.95000,0.07,Regular Air,-1231.87,48.91,35.00
7791,37923,694962,87531847,2010-03-27,Not Specified,29,198.43000,0.01,Regular Air,-79.67,6.48,6.81
1194,35425,947521,6954303,2010-03-28,Not Specified,45,75.68000,0.08,Regular Air,-4.04,1.81,0.75
1195,35425,540260,6954303,2010-03-28,Not Specified,25,100.34000,0.00,Regular Air,-88.19,3.58,5.47
4410,6050,884845,39501159,2010-03-28,Low,47,9574.82000,0.08,Regular Air,-505.98,209.37,69.00
4412,6050,102341,39501159,2010-03-28,Low,3,261.94000,0.06,Delivery Truck,-219.78,80.97,33.60
6845,5094,798361,44799824,2010-03-28,Not Specified,2,79.58000,0.06,Regular Air,-38.28,37.44,4.27
6846,21988,967842,75286027,2010-03-28,Medium,4,1337.19000,0.06,Delivery Truck,-431.45,328.14,91.05
1732,51558,401585,22754409,2010-03-29,Not Specified,47,4177.66000,0.04,Delivery Truck,85.29,85.29,60.00
1941,42209,376545,30354681,2010-03-29,High,5,324.55000,0.08,Regular Air,-12.82,67.84,0.99
2983,40832,246243,34136970,2010-03-29,High,22,447.23000,0.03,Regular Air,122.78,20.24,6.67
5327,42209,165300,30354681,2010-03-29,High,31,8901.78000,0.04,Regular Air,2795.36,276.20,24.49
7660,51558,904715,22754409,2010-03-29,Not Specified,34,245.40000,0.00,Regular Air,-87.27,6.68,6.92
148,44706,746518,91811409,2010-03-30,Low,33,47.48000,0.07,Regular Air,3.35,1.48,0.70
620,38659,491105,58189342,2010-03-30,Low,32,4025.66000,0.05,Delivery Truck,-395.12,124.49,51.94
1911,44706,594189,91811409,2010-03-30,Low,18,7556.61000,0.08,Delivery Truck,-352.24,424.21,110.20
2369,19206,1036156,56549626,2010-03-30,Low,40,88.02000,0.00,Regular Air,-6.54,2.08,1.49
3340,33921,629210,97606910,2010-03-30,Low,35,1794.03000,0.05,Delivery Truck,196.21,50.98,14.19
3999,4743,326842,10766748,2010-03-30,Low,32,719.64000,0.01,Regular Air,-245.62,20.89,11.52
4000,4743,290269,10766748,2010-03-30,Low,29,352.55000,0.09,Regular Air,128.99,12.97,1.49
4006,19206,870163,56549626,2010-03-30,Low,32,800.00000,0.10,Delivery Truck,-210.30,25.98,14.36
569,52964,217285,17332515,2010-03-31,Critical,44,5735.79000,0.08,Regular Air,828.27,136.98,24.49
3417,53668,567128,40300751,2010-03-31,Not Specified,9,98.24000,0.04,Regular Air,-10.38,10.98,3.37
4778,23238,250765,87126998,2010-03-31,Not Specified,25,2976.19000,0.05,Delivery Truck,-44.52,115.99,56.14
4602,21889,199159,81884459,2010-04-01,Low,21,1049.79000,0.08,Regular Air,135.79,51.75,19.99
4678,46434,444448,92552035,2010-04-01,Critical,34,800.39000,0.06,Regular Air,270.29,24.95,2.99
5068,44358,530121,67448304,2010-04-01,High,22,5288.89000,0.00,Delivery Truck,547.04,227.55,32.48
6351,34371,539131,48318195,2010-04-01,Medium,18,8334.03000,0.05,Delivery Truck,1886.66,510.14,14.70
6359,21889,525375,81884459,2010-04-01,Low,16,817.18000,0.10,Regular Air,103.38,55.29,5.08
2758,19812,826113,95652866,2010-04-02,Low,3,1358.77600,0.01,Delivery Truck,-163.20,550.98,45.70
4012,38596,397638,12373493,2010-04-02,Medium,20,193.70000,0.06,Regular Air,-14.99,9.85,4.82
369,5318,196617,45168399,2010-04-03,High,29,5010.74150,0.03,Express Air,1196.37,200.99,4.20
2048,12999,271693,19984778,2010-04-03,High,31,2712.07000,0.09,Regular Air,-435.56,95.43,19.99
3008,22627,331372,73091440,2010-04-03,Low,46,6803.00000,0.03,Delivery Truck,-1061.68,150.98,66.27
3274,22022,425256,69136105,2010-04-03,Critical,1,1409.86000,0.07,Delivery Truck,-3461.12,1500.97,29.70
3689,5318,301579,45168399,2010-04-03,High,8,1042.25000,0.08,Regular Air,195.16,131.12,0.99
4874,22627,924921,22237665,2010-04-03,Low,33,1934.60000,0.09,Regular Air,614.03,63.94,14.48
1159,39847,399791,40247213,2010-04-04,Not Specified,29,125.41000,0.08,Regular Air,-127.01,4.38,6.21
2511,39847,677137,40247213,2010-04-04,Not Specified,20,2488.47700,0.08,Regular Air,142.55,155.99,8.99
2515,39847,835973,40247213,2010-04-04,Not Specified,49,3170.52000,0.08,Regular Air,379.11,64.98,6.88
6890,21600,245758,9194738,2010-04-04,Low,17,169.48000,0.03,Regular Air,48.55,10.14,2.27
3355,7936,789960,58302349,2010-04-05,Low,15,183.43000,0.06,Regular Air,-41.86,12.44,6.27
4865,7936,724277,58302349,2010-04-05,Low,50,2851.17000,0.06,Delivery Truck,-868.88,58.14,36.61
1519,29700,358060,74011642,2010-04-06,Medium,9,30.35000,0.01,Regular Air,5.02,3.08,0.99
5731,22881,492902,33272196,2010-04-06,Medium,33,476.06000,0.04,Regular Air,-120.48,14.03,9.37
294,11943,463033,19890992,2010-04-07,Low,49,657.94000,0.09,Regular Air,7.35,14.45,7.17
998,57889,106849,2378178,2010-04-07,Low,39,723.30750,0.01,Regular Air,216.70,20.99,0.99
3646,11943,830831,19890992,2010-04-07,Low,19,1270.73000,0.08,Delivery Truck,-425.72,70.98,30.00
6678,26786,864079,50465044,2010-04-07,Medium,29,296.94000,0.08,Regular Air,-25.41,10.98,3.99
6952,9664,102789,69563791,2010-04-07,High,13,88.38000,0.06,Regular Air,-64.95,6.48,8.40
7956,5990,202436,88877641,2010-04-07,Critical,9,63.91000,0.06,Regular Air,-27.78,6.48,6.35
1261,28007,865125,98310844,2010-04-08,Not Specified,20,257.34000,0.04,Regular Air,12.82,12.98,3.14
2988,26951,56287,23920877,2010-04-08,Not Specified,3,451.81000,0.05,Regular Air,-318.59,150.98,13.99
4206,28007,695417,98310844,2010-04-08,Not Specified,23,128.97000,0.03,Regular Air,-1045.25,3.48,49.00
4207,28007,730958,98310844,2010-04-08,Not Specified,20,238.77000,0.02,Regular Air,-78.81,11.66,7.95
999,29478,106849,12841867,2010-04-09,High,15,272.89250,0.01,Regular Air,19.61,20.99,0.99
5462,54917,472903,30521001,2010-04-09,High,12,6034.68000,0.06,Regular Air,-517.08,499.99,24.49
5604,24581,249175,83750888,2010-04-09,High,8,38.56000,0.03,Regular Air,4.08,4.55,1.49
882,5472,238390,9569456,2010-04-10,Low,12,1098.14900,0.09,Regular Air,-182.97,115.99,5.92
1376,12613,680802,93331830,2010-04-10,Medium,18,225.37000,0.04,Express Air,77.53,12.22,2.85
2671,12613,821997,93331830,2010-04-10,Medium,3,15.64000,0.08,Regular Air,-16.01,3.36,6.27
2672,12613,240412,93331830,2010-04-10,Medium,28,1751.08000,0.00,Regular Air,587.01,59.78,10.29
4517,53349,188964,38075002,2010-04-10,Low,46,11002.66000,0.07,Delivery Truck,2349.29,243.98,43.32
5216,19296,744609,88877641,2010-04-10,High,43,75.73000,0.04,Express Air,-37.76,1.68,1.57
5303,45158,200320,39049481,2010-04-10,Low,15,63.84000,0.03,Express Air,23.52,3.78,0.71
5726,5472,747572,9569456,2010-04-10,Low,27,339.03000,0.09,Regular Air,-24.44,13.48,4.51
6684,40164,805551,97004664,2010-04-10,Not Specified,8,184.07000,0.04,Regular Air,75.63,22.98,7.58
6972,45158,949585,39049481,2010-04-10,Low,40,375.52000,0.09,Regular Air,131.70,9.68,2.03
7265,5472,1017681,9569456,2010-04-10,Low,32,216.08000,0.00,Regular Air,-84.33,6.48,6.65
671,55203,246671,32156526,2010-04-11,Low,18,994.47450,0.05,Regular Air,0.71,65.99,7.69
1010,52839,904387,25362542,2010-04-11,High,25,1158.60100,0.10,Regular Air,-155.30,55.99,2.50
2293,7078,821997,34201014,2010-04-11,High,11,49.58000,0.10,Express Air,-47.02,3.36,6.27
2294,7078,548833,34201014,2010-04-11,High,29,465.52000,0.02,Express Air,65.35,14.98,8.99
2295,7078,381761,34201014,2010-04-11,High,16,1939.65000,0.05,Delivery Truck,-885.73,122.99,70.20
3932,7078,1012577,34201014,2010-04-11,High,9,112.12000,0.01,Regular Air,-8.45,11.33,6.12
4057,52839,695980,25362542,2010-04-11,High,8,30.17000,0.04,Regular Air,-22.84,3.28,3.97
6312,16643,468265,33411187,2010-04-11,Low,46,441.40000,0.06,Regular Air,146.04,10.06,2.06
6313,16643,459865,33411187,2010-04-11,Low,40,312.63000,0.01,Regular Air,167.30,7.31,0.49
7687,3040,160229,12055977,2010-04-11,Medium,13,98.39000,0.01,Express Air,-31.54,6.48,6.60
1016,45409,586808,4067436,2010-04-12,Critical,50,893.13750,0.00,Regular Air,11.00,20.99,1.25
2579,11456,728557,39140094,2010-04-12,Low,15,1519.90000,0.09,Regular Air,399.37,105.34,24.49
4061,45409,318701,4067436,2010-04-12,Critical,11,3427.31000,0.10,Delivery Truck,124.36,320.98,58.95
4062,45409,695980,4067436,2010-04-12,Critical,10,36.26000,0.08,Regular Air,-28.37,3.28,3.97
7182,56001,620362,39086044,2010-04-12,Low,17,118.36000,0.08,Express Air,-60.65,6.48,7.37
7363,20899,385812,39400605,2010-04-12,Low,9,495.10000,0.04,Regular Air,110.36,54.96,10.75
80,19559,72479,69563791,2010-04-15,High,14,1032.02750,0.07,Express Air,97.40,85.99,0.99
732,37443,738011,11826026,2010-04-15,Not Specified,21,2172.70200,0.01,Regular Air,481.74,115.99,2.50
1759,37443,299230,101710424,2010-04-15,Not Specified,50,2869.44000,0.08,Regular Air,840.55,59.98,3.99
1879,19559,677137,69563791,2010-04-15,High,18,2445.21200,0.02,Express Air,275.77,155.99,8.99
2791,54336,699709,71078600,2010-04-15,Medium,50,952.21000,0.05,Regular Air,403.83,18.84,3.62
3790,37318,860962,93726727,2010-04-15,Medium,32,1031.23000,0.07,Regular Air,-138.54,33.98,19.99
5116,47524,545772,89313737,2010-04-15,Medium,8,269.14000,0.10,Regular Air,-160.72,35.77,9.02
5272,19559,674000,69563791,2010-04-15,High,31,260.77000,0.01,Regular Air,-8.75,8.34,4.82
6066,18465,462054,77123402,2010-04-15,High,12,816.23000,0.05,Regular Air,-353.71,64.65,35.00
6655,16932,523179,19237970,2010-04-15,Critical,20,127.16000,0.09,Regular Air,12.88,6.70,1.56
7568,47524,812196,94347685,2010-04-15,Medium,40,245.82000,0.08,Regular Air,86.44,6.45,1.34
7884,16932,394308,19237970,2010-04-15,Critical,25,144.84000,0.09,Regular Air,-120.99,5.78,8.09
206,772,321823,108626146,2010-04-16,High,25,233.05000,0.10,Regular Air,86.93,9.90,1.39
208,772,899702,108626146,2010-04-16,High,35,589.24000,0.08,Regular Air,-38.35,17.52,8.17
1264,23232,1000550,18837338,2010-04-16,High,31,154.24000,0.03,Regular Air,68.88,4.98,0.49
2520,6661,1050983,57991979,2010-04-16,Low,39,778.62000,0.00,Regular Air,247.24,19.23,6.15
4211,23232,326421,18837338,2010-04-16,High,15,614.15000,0.03,Express Air,-54.37,39.98,7.12
7428,23232,345717,18837338,2010-04-16,High,20,140.31000,0.06,Regular Air,-94.11,6.48,8.74
8009,56321,630857,86883556,2010-04-16,Critical,24,135.88000,0.10,Regular Air,-75.39,5.80,5.59
6463,38630,671330,97049232,2010-04-17,Medium,13,2175.21800,0.07,Regular Air,44.55,195.99,3.99
7207,56992,1021964,86285514,2010-04-18,Not Specified,10,315.42000,0.10,Regular Air,-41.26,30.98,17.08
532,47078,159149,25540872,2010-04-19,Medium,43,279.83000,0.01,Regular Air,77.04,6.04,2.14
533,47078,175474,25540872,2010-04-19,Medium,18,84.74000,0.06,Regular Air,34.10,4.91,0.50
1998,12451,131291,8230900,2010-04-19,Low,21,329.37000,0.04,Express Air,-53.57,15.14,4.53
3643,12451,34354,8230900,2010-04-19,Low,26,3662.16000,0.01,Delivery Truck,-372.82,130.98,54.74
5852,4774,220034,60402655,2010-04-19,Medium,4,126.87000,0.08,Regular Air,-125.99,32.98,5.50
7117,47078,371815,25540872,2010-04-19,Medium,20,98.57000,0.07,Regular Air,-49.64,4.98,5.02
419,11846,774393,74757853,2010-04-20,Low,28,707.44000,0.01,Express Air,-50.27,24.98,8.79
1646,57281,877669,61807764,2010-04-20,High,26,561.66000,0.07,Regular Air,-111.33,22.38,15.10
2516,40068,835973,40247213,2010-04-20,Low,2,128.52000,0.10,Regular Air,-110.07,64.98,6.88
2662,9895,896019,22050539,2010-04-20,Low,9,54.79000,0.05,Regular Air,-6.82,5.85,2.27
2864,57281,160678,61807764,2010-04-20,High,19,1851.62000,0.09,Delivery Truck,-220.84,100.98,35.84
4109,38944,528974,70928312,2010-04-20,Medium,46,24639.80000,0.01,Delivery Truck,8614.79,500.98,26.00
4111,38944,924819,70928312,2010-04-20,Medium,17,1873.34900,0.02,Regular Air,194.21,125.99,8.08
4604,18758,854211,52197137,2010-04-20,Not Specified,20,2022.18000,0.09,Express Air,594.44,102.30,21.26
4805,38117,680591,9175306,2010-04-20,Low,28,481.27000,0.01,Regular Air,-128.89,15.70,11.25
5732,11841,361692,33272196,2010-04-20,Medium,46,533.25000,0.07,Regular Air,-88.32,11.97,5.81
5845,38944,701926,70928312,2010-04-20,Medium,32,921.30000,0.09,Regular Air,353.16,29.14,4.86
5883,40068,953470,40247213,2010-04-20,Low,1,200.38000,0.02,Delivery Truck,-90.41,160.98,30.00
6744,7910,381085,98550002,2010-04-20,Critical,41,1871.13000,0.01,Regular Air,346.43,45.98,4.80
7276,11841,385812,33272196,2010-04-20,Medium,44,2339.52000,0.10,Regular Air,886.03,54.96,10.75
7946,7910,940550,98550002,2010-04-20,Critical,22,729.57000,0.08,Regular Air,250.43,35.44,5.09
439,45412,332331,15571411,2010-04-22,Medium,20,586.61900,0.06,Regular Air,83.07,35.99,1.10
2499,13088,50693,83349693,2010-04-22,Not Specified,46,187.92000,0.08,Regular Air,-2149.80,3.25,49.00
3234,35142,246243,84599405,2010-04-22,Low,11,231.27000,0.03,Regular Air,89.29,20.24,6.67
7200,27687,523991,25750022,2010-04-22,Medium,38,251.30000,0.10,Regular Air,-112.72,7.10,6.05
2903,13347,49841,23544783,2010-04-23,Not Specified,24,104.89000,0.07,Express Air,22.84,3.80,1.49
318,58854,518917,90365410,2010-04-24,Critical,10,193.20500,0.00,Regular Air,-52.24,20.99,4.81
5395,58854,288283,90365410,2010-04-24,Critical,35,6130.90000,0.03,Delivery Truck,583.15,170.98,35.89
2776,47175,412528,94347685,2010-04-25,Not Specified,40,70.45000,0.10,Regular Air,-2.31,1.82,1.00
2873,47461,820841,10575811,2010-04-25,High,34,289.53000,0.08,Express Air,46.97,8.69,2.99
5291,1058,538394,56764115,2010-04-25,Medium,3,469.43800,0.07,Regular Air,-888.16,195.99,8.99
6250,47461,942547,10575811,2010-04-25,High,45,322.80000,0.06,Regular Air,53.15,7.08,2.35
7620,47461,363937,10575811,2010-04-25,High,39,318.28000,0.08,Regular Air,114.95,8.17,1.69
574,46624,480920,36255546,2010-04-26,Not Specified,28,110.20000,0.07,Regular Air,42.84,4.13,0.50
2118,1383,674664,102008024,2010-04-26,High,43,17129.97000,0.07,Regular Air,5616.08,415.88,11.37
4988,49989,888848,10540824,2010-04-26,Not Specified,6,1854.94000,0.04,Regular Air,-559.78,300.97,7.18
7137,46624,317100,36255546,2010-04-26,Not Specified,12,54.86000,0.09,Regular Air,-50.60,4.28,6.72
1586,28643,686443,46716126,2010-04-27,Not Specified,16,659.50000,0.09,Regular Air,248.98,41.94,2.99
2920,28512,279720,83023492,2010-04-27,Medium,11,323.91000,0.09,Regular Air,-96.53,30.73,4.00
6317,28512,98988,83023492,2010-04-27,Medium,18,7168.15000,0.05,Regular Air,1593.61,419.19,19.99
7656,28512,153113,83023492,2010-04-27,Medium,10,185.59000,0.10,Regular Air,12.01,19.98,5.77
2564,17090,381761,105870693,2010-04-28,Low,26,3351.08000,0.05,Delivery Truck,-1086.43,122.99,70.20
2685,40678,442073,61100400,2010-04-28,Low,42,2753.07000,0.07,Regular Air,551.34,67.28,19.99
5806,14854,203328,94808461,2010-04-28,Low,24,391.23000,0.07,Regular Air,-27.98,16.91,6.25
5912,17090,698263,105870693,2010-04-28,Low,30,4177.52000,0.04,Delivery Truck,-443.78,140.98,36.09
3331,5569,134249,45730635,2010-04-29,Not Specified,12,118.97000,0.09,Regular Air,-0.06,9.65,6.22
5722,23394,914855,36996940,2010-04-29,High,45,101.57000,0.01,Regular Air,-5.99,2.08,1.49
6090,21319,382748,81466627,2010-04-29,Medium,11,167.53000,0.03,Regular Air,-40.94,14.98,7.69
7526,21319,752280,81466627,2010-04-29,Medium,42,1060.34000,0.04,Delivery Truck,-174.94,23.99,15.68
7672,33857,598953,53838315,2010-04-29,Critical,18,130.16000,0.00,Regular Air,28.87,7.04,2.17
937,28928,858029,14751244,2010-04-30,Low,46,1397.38300,0.01,Regular Air,-135.86,35.99,5.00
938,28928,299230,14751244,2010-04-30,Low,3,185.16000,0.02,Regular Air,-49.34,59.98,3.99
978,57766,961470,67516943,2010-04-30,High,17,517.98000,0.05,Regular Air,-85.32,30.53,19.99
1684,14855,540260,20484349,2010-04-30,Not Specified,44,174.90000,0.06,Express Air,-150.90,3.58,5.47
1685,14855,491105,20484349,2010-04-30,Not Specified,19,2557.51000,0.01,Delivery Truck,-168.48,124.49,51.94
2895,14855,335488,20484349,2010-04-30,Not Specified,48,103.80000,0.10,Regular Air,-150.53,2.23,4.57
4014,28928,945646,14751244,2010-04-30,Low,22,5144.94000,0.09,Regular Air,729.06,256.99,11.25
453,57857,236065,30521001,2010-05-01,High,18,314.96000,0.10,Regular Air,153.48,18.65,3.77
4679,57092,64446,92552035,2010-05-01,Critical,29,2820.69950,0.03,Regular Air,601.34,110.99,8.99
5956,43904,219708,81921479,2010-05-01,Not Specified,43,413.83000,0.08,Regular Air,111.74,10.01,1.99
1094,34402,189993,58915465,2010-05-02,High,11,48.50000,0.07,Express Air,23.88,3.15,0.50
2470,34402,224170,58915465,2010-05-02,High,38,3016.85000,0.05,Regular Air,-967.67,80.98,35.00
3242,51488,199819,107565533,2010-05-02,High,31,1561.96000,0.03,Regular Air,119.92,50.98,13.66
5010,29408,1048806,101365911,2010-05-02,Not Specified,44,4260.73000,0.07,Delivery Truck,251.58,119.99,56.14
913,2656,444231,99590471,2010-05-03,Critical,29,913.41000,0.01,Regular Air,237.14,35.99,1.25
3777,12900,489031,9725401,2010-05-03,High,50,627.12000,0.08,Regular Air,100.04,12.64,4.98
4004,2656,948291,99590471,2010-05-03,Critical,3,523.11000,0.05,Delivery Truck,-214.53,159.31,60.00
5517,12900,79748,9725401,2010-05-03,High,18,4096.21000,0.08,Delivery Truck,308.22,306.14,26.53
7537,8131,247078,14291205,2010-05-03,Critical,24,717.29000,0.01,Regular Air,191.29,29.89,1.99
6217,42912,674377,34013170,2010-05-04,Not Specified,4,52.59000,0.05,Regular Air,-30.39,11.35,8.60
6984,3012,601310,28130934,2010-05-04,Critical,41,120.03000,0.00,Regular Air,10.50,2.78,1.49
7167,18946,653263,86967557,2010-05-04,Critical,32,202.89000,0.07,Regular Air,-201.91,6.48,10.05
8032,27776,731168,8636979,2010-05-04,Low,41,226.68000,0.04,Express Air,-159.35,4.98,7.28
1864,30243,1039462,23051437,2010-05-05,Critical,21,4242.76000,0.07,Regular Air,340.88,199.99,24.49
1867,30243,338935,23051437,2010-05-05,Critical,44,2435.32000,0.09,Regular Air,650.56,60.22,3.50
5252,34657,888317,14649835,2010-05-05,Low,46,1396.75000,0.04,Express Air,-75.70,30.98,19.51
6033,8384,698263,85418259,2010-05-05,High,37,4935.72000,0.07,Delivery Truck,-698.09,140.98,36.09
6293,48832,798350,84941883,2010-05-05,High,48,4480.89000,0.02,Delivery Truck,195.04,90.98,30.00
6883,3621,497806,66524971,2010-05-05,Medium,14,83.87000,0.06,Regular Air,-28.83,5.58,5.30
8021,32099,50374,73495450,2010-05-05,Not Specified,41,506.73000,0.08,Regular Air,25.58,12.28,6.47
28,4004,293693,75726086,2010-05-06,Medium,14,63.52000,0.10,Regular Air,8.66,4.84,0.71
3385,25830,392324,56693633,2010-05-06,Low,5,25.34000,0.10,Regular Air,-21.29,4.06,6.89
3508,15778,1067744,38512011,2010-05-06,High,9,43.23000,0.00,Regular Air,-29.53,3.98,5.26
4665,13351,98806,27185389,2010-05-06,Medium,20,3331.81000,0.08,Regular Air,484.15,179.99,19.99
4952,24515,102341,81882214,2010-05-06,Critical,41,3051.27000,0.10,Delivery Truck,121.48,80.97,33.60
5245,4004,573539,75726086,2010-05-06,Medium,44,1512.25000,0.05,Regular Air,195.48,34.58,8.99
6598,25830,1041463,56693633,2010-05-06,Low,11,178.57000,0.05,Regular Air,-37.39,15.28,10.91
6876,31392,632743,22439533,2010-05-06,Low,44,3249.09000,0.10,Regular Air,-1326.29,78.80,35.00
7714,31392,780990,98456564,2010-05-06,Low,21,128.86000,0.10,Regular Air,-42.81,6.48,5.16
83,53572,939925,87034117,2010-05-07,Medium,17,184.09000,0.07,Regular Air,4.79,11.09,5.25
2357,22529,499554,85555346,2010-05-07,Medium,28,1623.09000,0.02,Regular Air,245.88,56.96,13.22
2879,7553,1007032,60937343,2010-05-07,Medium,12,1079.19000,0.07,Regular Air,46.80,92.23,39.61
3133,45766,482713,51305287,2010-05-07,High,28,4181.82000,0.01,Regular Air,1765.48,140.99,13.99
4720,32743,945326,103116846,2010-05-07,Critical,19,3548.67000,0.01,Regular Air,1280.19,177.98,0.99
4751,45766,924921,51305287,2010-05-07,High,37,2522.21000,0.00,Regular Air,1026.07,63.94,14.48
5221,39265,269026,11408122,2010-05-07,Critical,47,198.08000,0.02,Regular Air,32.69,4.28,0.94
6802,58150,1029916,54976397,2010-05-07,Critical,24,60.36000,0.03,Regular Air,-119.62,2.16,6.05
7632,7553,317100,60937343,2010-05-07,Medium,3,19.05000,0.04,Regular Air,-14.81,4.28,6.72
5502,41350,98988,35183561,2010-05-08,Medium,1,423.30000,0.01,Regular Air,-259.01,419.19,19.99
6491,55107,209997,55460332,2010-05-08,Low,32,171.52000,0.10,Regular Air,46.61,5.68,1.39
69,16545,114426,84795584,2010-05-09,Not Specified,1,4.99000,0.04,Regular Air,-3.06,3.68,1.32
1873,16545,617337,84795584,2010-05-09,Not Specified,10,50.97000,0.09,Regular Air,4.45,5.16,0.73
5324,44615,357719,66378277,2010-05-09,Medium,19,36.37000,0.07,Regular Air,-10.26,1.88,1.49
6055,13731,841268,71683306,2010-05-09,Not Specified,10,44.08000,0.08,Regular Air,6.79,4.48,1.22
4,16326,657768,68464052,2010-05-10,High,39,147.46000,0.06,Regular Air,14.13,3.71,1.93
8,16326,851117,68464052,2010-05-10,High,39,1538.33000,0.03,Regular Air,471.35,39.48,1.99
227,24352,381880,79755549,2010-05-10,Critical,32,103.48000,0.03,Regular Air,20.53,3.14,1.14
3293,45632,68351,64312175,2010-05-10,Not Specified,50,442.31000,0.02,Regular Air,231.68,8.34,0.96
4048,16641,603630,7838724,2010-05-10,High,33,1209.16800,0.03,Delivery Truck,-1052.79,44.43,46.59
4684,2241,444448,43389672,2010-05-10,Critical,38,967.78000,0.04,Regular Air,369.33,24.95,2.99
519,56710,145931,56266301,2010-05-11,Not Specified,6,182.64000,0.08,Regular Air,-99.24,30.98,6.50
888,9857,539744,29592089,2010-05-11,High,49,675.71000,0.06,Regular Air,-17.49,13.79,8.78
889,9857,933326,29592089,2010-05-11,High,16,292.97800,0.05,Regular Air,-93.61,20.99,3.30
947,9857,877175,54172200,2010-05-11,High,50,3615.84050,0.03,Regular Air,1861.35,85.99,3.30
2131,56710,657927,56266301,2010-05-11,Not Specified,34,479.84000,0.02,Regular Air,5.71,13.43,5.50
2317,58913,430772,84895139,2010-05-11,Medium,23,144.55000,0.07,Regular Air,-60.17,6.48,5.94
3288,58371,686278,91967987,2010-05-11,Medium,48,1661.80000,0.07,Regular Air,202.68,36.55,13.89
3289,58371,648476,91967987,2010-05-11,Medium,5,2168.05000,0.00,Regular Air,416.02,420.98,19.99
3770,56710,118378,56266301,2010-05-11,Not Specified,21,736.17000,0.01,Regular Air,232.99,35.41,1.99
3994,9857,685823,29592089,2010-05-11,High,16,2366.18000,0.10,Regular Air,703.80,162.93,19.99
4050,24356,884090,9969848,2010-05-11,Medium,37,12612.66000,0.06,Delivery Truck,3325.03,350.99,39.00
5511,56710,967595,56266301,2010-05-11,Not Specified,16,833.92650,0.08,Regular Air,-39.22,65.99,3.99
7817,58371,981266,91967987,2010-05-11,Medium,44,303.07000,0.02,Regular Air,-238.45,6.48,9.68
170,41383,686443,61616872,2010-05-12,Low,36,1449.45000,0.04,Regular Air,620.07,41.94,2.99
3531,28995,940865,23051437,2010-05-12,High,9,298.52000,0.00,Regular Air,73.19,30.98,5.76
4398,29120,77414,74510177,2010-05-12,Low,21,1556.08000,0.05,Delivery Truck,-41.77,70.98,26.74
5256,28995,410393,23051437,2010-05-12,High,34,667.35000,0.04,Regular Air,80.92,19.98,8.68
5908,41383,751465,39390141,2010-05-12,Low,38,2702.30000,0.03,Delivery Truck,-1330.78,70.98,59.81
7559,29120,450484,74510177,2010-05-12,Low,43,1677.27000,0.08,Regular Air,528.79,40.98,7.47
7758,44480,385812,97049232,2010-05-12,Medium,25,1321.55000,0.10,Regular Air,448.24,54.96,10.75
7974,47842,762620,31282636,2010-05-12,Medium,50,230.23000,0.06,Express Air,-150.93,4.28,5.74
948,1286,877175,88555704,2010-05-13,Not Specified,14,1000.35650,0.06,Regular Air,229.78,85.99,3.30
1789,47012,400178,9576347,2010-05-13,Low,35,584.42000,0.08,Express Air,-97.21,16.99,8.99
5108,12515,393245,40982916,2010-05-13,Medium,16,1702.49900,0.08,Regular Air,133.45,125.99,5.99
5932,43170,79748,25715035,2010-05-13,Low,25,7667.78000,0.04,Delivery Truck,1494.01,306.14,26.53
7291,1286,352478,88555704,2010-05-13,Not Specified,46,234.37000,0.05,Regular Air,-144.68,5.18,5.74
7421,43170,1021964,25715035,2010-05-13,Low,40,1305.85000,0.00,Regular Air,65.01,30.98,17.08
31,44229,293693,94530777,2010-05-14,Medium,39,185.69000,0.02,Regular Air,50.16,4.84,0.71
332,51073,217285,88815489,2010-05-14,Not Specified,17,2475.08000,0.00,Express Air,958.80,136.98,24.49
334,51073,213268,88815489,2010-05-14,Not Specified,49,1610.42000,0.00,Regular Air,813.35,30.93,3.92
1061,9254,188015,75858772,2010-05-14,Medium,24,131.65000,0.01,Express Air,67.41,4.91,0.50
1454,22338,175848,10045148,2010-05-14,Medium,36,200.08000,0.05,Regular Air,-62.97,5.28,5.06
2139,10502,980324,25540872,2010-05-14,Not Specified,36,912.44000,0.04,Regular Air,182.72,25.38,8.99
2245,34337,700485,77243589,2010-05-14,Medium,36,3610.85000,0.04,Express Air,2235.37,99.23,8.99
3774,10502,188964,25540872,2010-05-14,Not Specified,33,7869.22000,0.10,Delivery Truck,1523.46,243.98,43.32
5032,22338,545772,77037253,2010-05-14,Medium,24,790.24000,0.09,Regular Air,-213.18,35.77,9.02
6271,10981,161867,81859317,2010-05-14,High,33,3630.14600,0.04,Regular Air,951.68,125.99,8.99
6272,10981,704958,81859317,2010-05-14,High,41,73.36000,0.09,Regular Air,-94.95,1.86,2.58
263,50087,638256,4221093,2010-05-15,Not Specified,17,58.86000,0.03,Regular Air,6.96,3.29,1.35
521,38372,450797,100022088,2010-05-15,High,46,1053.84000,0.00,Regular Air,-632.16,20.98,21.20
1493,36772,147972,34851166,2010-05-15,Medium,8,22.85000,0.07,Regular Air,0.88,2.88,0.99
4368,36772,49746,34851166,2010-05-15,Medium,16,12007.05000,0.09,Delivery Truck,2713.95,808.49,55.30
7285,5703,50374,28931462,2010-05-15,Medium,29,357.96000,0.06,Regular Air,10.44,12.28,6.47
7541,36772,202436,34851166,2010-05-15,Medium,47,280.45000,0.10,Regular Air,-143.65,6.48,6.35
8019,38372,949585,18467123,2010-05-15,High,33,310.99000,0.07,Regular Air,106.45,9.68,2.03
3250,6438,532104,42995013,2010-05-16,Not Specified,7,75.72000,0.02,Regular Air,20.29,9.77,6.02
7804,6438,988897,42995013,2010-05-16,Not Specified,38,225.21000,0.06,Regular Air,-66.16,5.98,5.20
142,14048,209111,10374472,2010-05-17,Not Specified,40,2035.39300,0.01,Regular Air,1152.69,55.99,1.25
719,50594,275481,64626802,2010-05-17,Low,48,2832.88000,0.01,Regular Air,668.96,65.99,8.80
722,50594,878329,64626802,2010-05-17,Low,39,173.47000,0.05,Regular Air,-4.96,4.63,1.93
2533,20132,852926,35330575,2010-05-17,Low,30,8719.69000,0.01,Delivery Truck,2241.71,270.97,28.06
5306,14048,930243,10374472,2010-05-17,Not Specified,47,1837.15000,0.06,Regular Air,196.58,40.97,8.99
5308,14048,795486,10374472,2010-05-17,Not Specified,5,540.22000,0.06,Regular Air,-253.38,101.41,35.00
6912,22020,747572,63230005,2010-05-17,Critical,37,498.28000,0.01,Regular Air,10.18,13.48,4.51
181,22501,547380,30354681,2010-05-18,High,2,30.83000,0.04,Express Air,7.27,7.64,1.39
4394,31907,905400,25911898,2010-05-18,Low,38,331.53000,0.00,Regular Air,-35.97,8.46,3.62
433,9249,737723,97257760,2010-05-19,High,46,176.50000,0.01,Regular Air,-119.35,3.57,4.17
434,9249,491105,97257760,2010-05-19,High,35,3457.56000,0.02,Delivery Truck,-365.44,124.49,51.94
2073,9249,386136,97257760,2010-05-19,High,42,1546.80000,0.07,Regular Air,25.51,37.76,12.90
3890,56646,585386,73939563,2010-05-19,Critical,41,4257.27600,0.04,Regular Air,1059.08,125.99,2.50
4104,44519,386038,67912275,2010-05-19,High,48,224.58000,0.03,Regular Air,-144.76,4.57,5.42
5836,44519,105743,67912275,2010-05-19,High,34,16073.03000,0.01,Delivery Truck,5386.32,442.14,14.70
140,58725,789601,39306812,2010-05-20,Not Specified,39,335.35000,0.05,Regular Air,-134.97,8.74,8.29
234,59906,704553,73316576,2010-05-20,High,32,284.92000,0.03,Regular Air,81.29,9.11,2.15
1597,3331,659453,55920460,2010-05-20,High,31,153.28000,0.05,Regular Air,73.16,4.91,0.50
2665,36102,754038,93290663,2010-05-20,Not Specified,36,461.40000,0.03,Regular Air,36.39,12.07,6.20
3343,59651,335488,31234599,2010-05-20,Critical,18,45.80000,0.04,Regular Air,-52.92,2.23,4.57
3344,59651,515586,31234599,2010-05-20,Critical,36,283.21000,0.08,Regular Air,-196.06,8.04,8.94
7056,3877,433913,66496454,2010-05-20,Low,14,700.46000,0.02,Express Air,254.31,48.04,7.23
7609,46948,655557,76319822,2010-05-20,Low,10,64.13000,0.10,Regular Air,-28.97,6.54,5.27
7799,58725,598953,84599405,2010-05-20,Not Specified,20,148.31000,0.03,Regular Air,37.33,7.04,2.17
1402,28357,69354,61100400,2010-05-21,Not Specified,50,390.46000,0.02,Regular Air,-171.17,7.30,7.72
1472,11169,605916,43859307,2010-05-21,Medium,44,109.18000,0.09,Regular Air,37.17,2.61,0.50
2212,58308,410461,101792006,2010-05-21,Not Specified,2,40.34000,0.03,Regular Air,-23.62,16.16,7.74
2724,11169,231361,43859307,2010-05-21,Medium,46,398.86000,0.08,Regular Air,-26.45,8.85,5.60
3852,58308,875716,101792006,2010-05-21,Not Specified,20,623.29000,0.00,Regular Air,57.44,29.99,5.50
3853,58308,724277,101792006,2010-05-21,Not Specified,35,2173.26000,0.00,Delivery Truck,-465.66,58.14,36.61
4809,27205,991205,31353881,2010-05-21,Not Specified,12,87.11000,0.08,Regular Air,-43.65,7.28,3.52
5716,20033,472903,64790573,2010-05-21,Critical,5,2543.95000,0.04,Regular Air,-1011.32,499.99,24.49
6043,28357,1031140,61100400,2010-05-21,Not Specified,43,113.43000,0.02,Regular Air,24.27,2.47,1.02
6094,11169,766319,43859307,2010-05-21,Medium,5,28.59000,0.05,Regular Air,-14.33,4.98,4.70
1179,54119,416583,96413817,2010-05-22,Medium,4,127.56000,0.05,Regular Air,-41.75,29.74,6.64
1180,54119,375694,96413817,2010-05-22,Medium,45,261.00000,0.04,Express Air,-43.45,5.81,3.37
1461,11877,686443,97151439,2010-05-23,Not Specified,19,796.14000,0.03,Regular Air,320.07,41.94,2.99
1611,13540,816179,42895043,2010-05-23,High,33,121.00000,0.09,Regular Air,51.21,3.75,0.50
3065,10212,559984,56692640,2010-05-23,Low,22,1276.17000,0.00,Regular Air,564.22,55.48,6.79
4638,13540,93844,29012034,2010-05-23,High,31,259.59000,0.06,Regular Air,34.79,8.50,1.99
4700,10212,912860,56692640,2010-05-23,Low,14,74.02000,0.02,Regular Air,-2.91,5.08,3.63
5071,40866,1070903,33950005,2010-05-23,High,3,907.18000,0.06,Regular Air,-236.60,300.65,24.49
6222,13540,784832,42895043,2010-05-23,High,27,1484.18500,0.02,Regular Air,239.25,65.99,4.99
6401,13540,797793,29012034,2010-05-23,High,33,431.06000,0.02,Regular Air,-26.78,12.28,6.13
6403,13540,593359,29012034,2010-05-23,High,16,34.93000,0.04,Regular Air,-0.05,2.18,0.78
6518,9089,746290,27064579,2010-05-23,Critical,8,822.34950,0.10,Express Air,-360.31,125.99,8.80
7521,11877,279111,97151439,2010-05-23,Not Specified,31,142.96000,0.09,Regular Air,33.59,4.73,1.52
71,4935,114426,63582475,2010-05-24,Not Specified,30,106.64000,0.10,Regular Air,-31.95,3.68,1.32
3438,42691,711463,13856521,2010-05-24,Low,7,1069.64000,0.09,Regular Air,-139.75,161.55,19.99
4117,19840,366386,69306501,2010-05-24,Critical,25,8270.57000,0.08,Delivery Truck,2851.46,400.97,48.26
4918,42691,633903,13856521,2010-05-24,Low,50,2447.65000,0.00,Regular Air,1170.35,46.94,6.77
6486,50183,497806,12756390,2010-05-24,High,20,116.55000,0.09,Express Air,-39.67,5.58,5.30
6751,2535,131747,70286456,2010-05-24,Low,6,82.72000,0.08,Regular Air,-29.71,14.48,1.99
625,3778,344239,92103421,2010-05-25,Critical,34,5133.92350,0.02,Regular Air,1313.95,175.99,4.99
1424,50278,954252,11928127,2010-05-25,High,20,2195.55000,0.01,Delivery Truck,-355.94,100.80,60.00
2867,31522,211351,58852314,2010-05-25,Medium,14,302.40000,0.04,Regular Air,134.21,22.23,3.63
3829,3778,500073,92103421,2010-05-25,Critical,34,268.09000,0.07,Regular Air,-63.76,8.32,2.38
4461,11908,661224,97936435,2010-05-25,Not Specified,5,1386.60000,0.09,Delivery Truck,-556.18,280.98,57.00
4502,31522,870163,58852314,2010-05-25,Medium,42,1083.37000,0.03,Delivery Truck,-226.41,25.98,14.36
5213,25157,757246,21091134,2010-05-25,Not Specified,47,271.78000,0.07,Regular Air,52.74,5.84,1.20
6056,50278,942944,11928127,2010-05-25,High,2,51.21000,0.00,Regular Air,-27.53,20.98,8.83
7158,3778,403940,92103421,2010-05-25,Critical,12,557.03000,0.04,Regular Air,8.95,45.19,1.99
7159,3778,904715,92103421,2010-05-25,Critical,3,26.53000,0.05,Regular Air,-15.00,6.68,6.92
7209,35877,721136,103048242,2010-05-25,High,30,129.71000,0.08,Regular Air,-100.61,4.28,5.68
7895,25157,621870,91159117,2010-05-25,Not Specified,24,545.38000,0.02,Regular Air,89.60,22.84,8.18
1252,24902,954944,13788018,2010-05-26,High,43,224.58000,0.03,Regular Air,46.31,5.18,2.04
1437,17859,428422,79197180,2010-05-26,Critical,7,182.89000,0.07,Regular Air,-99.30,27.48,4.00
2416,43526,887573,9969848,2010-05-26,High,19,320.03000,0.00,Regular Air,-43.22,15.31,8.78
2604,7429,766415,65628978,2010-05-26,Not Specified,6,168.25000,0.09,Express Air,101.78,26.48,6.93
3524,48294,330853,30578487,2010-05-26,High,43,4072.01000,0.01,Regular Air,1675.98,90.24,0.99
4225,7429,375957,65628978,2010-05-26,Not Specified,33,1379.34000,0.04,Regular Air,-470.85,40.48,19.99
5779,43526,957636,9969848,2010-05-26,High,49,561.06000,0.07,Regular Air,-2.23,11.58,6.97
879,7904,428893,90386354,2010-05-27,Low,47,298.30000,0.08,Express Air,146.72,6.30,0.50
1527,35940,287242,74510177,2010-05-27,Critical,47,136.63000,0.03,Regular Air,-162.61,2.88,5.33
6831,14978,751161,91504189,2010-05-27,Critical,14,12043.88000,0.07,Delivery Truck,2011.31,880.98,44.55
6832,14978,747572,91504189,2010-05-27,Critical,14,195.12000,0.00,Regular Air,-6.32,13.48,4.51
1455,57190,454732,75446618,2010-05-28,Medium,48,2052.83000,0.02,Regular Air,395.85,40.99,8.97
3115,59584,160678,90958961,2010-05-28,Medium,3,336.84000,0.08,Delivery Truck,-160.46,100.98,35.84
3116,59584,56287,90958961,2010-05-28,Medium,7,1120.27000,0.00,Regular Air,16.81,150.98,13.99
4126,4195,93844,53790877,2010-05-28,Not Specified,30,255.74000,0.07,Regular Air,37.09,8.50,1.99
4341,57190,851560,75446618,2010-05-28,Medium,36,620.45000,0.09,Regular Air,171.94,17.48,1.99
4652,38657,318385,74751086,2010-05-28,Not Specified,38,1279.25000,0.01,Regular Air,569.30,31.78,1.99
1056,35840,72479,24098604,2010-05-29,High,49,3492.65850,0.08,Regular Air,1181.81,85.99,0.99
1057,35840,659453,24098604,2010-05-29,High,36,173.08000,0.04,Regular Air,81.63,4.91,0.50
5456,12707,485887,97257760,2010-05-29,High,20,2213.92000,0.03,Regular Air,768.34,105.98,13.99
6905,7335,908570,50888944,2010-05-29,Low,43,3681.74950,0.01,Regular Air,1196.44,95.99,4.90
7818,2341,672421,47505924,2010-05-29,Low,29,157.49000,0.09,Regular Air,-58.25,5.78,4.96
1370,22880,841964,79648189,2010-05-30,Medium,13,24.96000,0.01,Regular Air,-20.68,1.70,1.99
3715,28455,116401,61555104,2010-05-30,Medium,37,767.04000,0.02,Regular Air,238.84,20.89,1.99
4025,13537,48396,88555704,2010-05-30,Low,41,316.61000,0.03,Regular Air,110.34,7.40,1.71
4647,15332,672681,103383612,2010-05-30,Not Specified,6,321.71000,0.10,Regular Air,-2.73,52.40,16.11
255,14119,925732,12392564,2010-05-31,Low,35,1599.07100,0.04,Regular Air,296.66,55.99,3.30
256,14119,753117,12392564,2010-05-31,Low,31,968.23500,0.05,Regular Air,-158.61,35.99,5.00
1985,14119,594094,12392564,2010-05-31,Low,24,103.11000,0.06,Regular Air,-95.41,4.18,6.92
5840,41476,704958,61503030,2010-05-31,High,48,92.25000,0.07,Regular Air,-104.80,1.86,2.58
2711,4033,174009,10045148,2010-06-01,Low,38,19269.05000,0.00,Delivery Truck,4127.79,500.98,41.44
3197,31330,675127,87531847,2010-06-01,High,2,13.50000,0.04,Regular Air,-7.90,5.98,1.67
3198,31330,657927,87531847,2010-06-01,High,38,540.64000,0.02,Regular Air,13.89,13.43,5.50
4070,769,250765,97155515,2010-06-01,Medium,37,4261.94000,0.02,Delivery Truck,4.15,115.99,56.14
5031,4033,1067150,77037253,2010-06-01,Low,21,763.12000,0.03,Regular Air,140.33,34.76,5.49
2972,12196,445991,12055977,2010-06-02,Not Specified,32,599.52000,0.04,Regular Air,25.14,17.98,8.51
4392,898,839366,25911898,2010-06-02,High,26,7668.55000,0.04,Delivery Truck,-715.78,296.18,54.12
6372,12196,98988,12055977,2010-06-02,Not Specified,25,10330.94000,0.07,Regular Air,2914.56,419.19,19.99
1215,57125,741640,38079848,2010-06-03,Medium,19,61.02000,0.00,Regular Air,-71.04,2.84,5.44
2808,53863,711463,11321197,2010-06-03,High,46,7807.45000,0.02,Express Air,1660.15,161.55,19.99
2918,21447,567128,36470311,2010-06-03,Not Specified,15,176.24000,0.02,Express Air,9.85,10.98,3.37
4183,57125,209835,38079848,2010-06-03,Medium,31,878.77000,0.08,Regular Air,373.52,28.53,1.49
1730,26947,954252,55788434,2010-06-04,High,4,467.15000,0.01,Delivery Truck,-212.34,100.80,60.00
3226,6916,328938,34481830,2010-06-04,Low,40,436.17000,0.08,Express Air,-141.27,10.90,7.46
3825,49218,1067744,61795149,2010-06-04,Low,21,86.64000,0.09,Regular Air,-73.07,3.98,5.26
5201,35201,124828,38345574,2010-06-04,Low,18,211.44000,0.03,Regular Air,-75.81,10.97,6.50
559,8960,990658,91844273,2010-06-05,Medium,15,1150.53450,0.01,Regular Air,361.65,85.99,1.25
819,31590,564279,104482978,2010-06-05,Critical,5,43.49000,0.06,Regular Air,-21.44,8.33,1.99
2313,31590,483546,104482978,2010-06-05,Critical,27,2854.76000,0.06,Regular Air,61.13,111.03,8.64
3958,54628,87900,46187622,2010-06-05,High,21,471.24000,0.07,Regular Air,115.54,22.98,1.99
5677,35111,470802,74780468,2010-06-05,Critical,39,893.29000,0.08,Regular Air,256.16,23.99,6.71
7127,8960,690859,91844273,2010-06-05,Medium,46,4335.34000,0.07,Express Air,524.09,99.99,19.99
46,14018,1000550,85111166,2010-06-06,High,30,160.68000,0.08,Express Air,77.75,4.98,0.49
4335,13410,665810,50130217,2010-06-06,Not Specified,4,33.64000,0.07,Regular Air,-35.17,8.12,2.83
6078,13410,191273,50130217,2010-06-06,Not Specified,29,701.94000,0.01,Regular Air,158.91,23.99,6.30
6424,26695,510440,57411052,2010-06-06,Not Specified,43,367.11000,0.01,Regular Air,163.42,8.34,1.43
6521,51011,101065,95937020,2010-06-06,Low,41,5144.87150,0.09,Regular Air,1435.83,155.99,3.90
835,40036,892166,46184923,2010-06-07,Not Specified,10,568.33550,0.02,Regular Air,-147.36,65.99,8.99
2124,58851,482713,23795937,2010-06-07,Low,14,2027.55000,0.04,Regular Air,537.40,140.99,13.99
2127,58851,68351,23795937,2010-06-07,Low,3,23.93000,0.10,Regular Air,-6.39,8.34,0.96
4098,30211,48396,107838267,2010-06-07,Medium,19,141.96000,0.05,Regular Air,38.43,7.40,1.71
4431,35302,940865,23905406,2010-06-07,Medium,6,188.44000,0.09,Regular Air,17.57,30.98,5.76
6173,35302,992059,23905406,2010-06-07,Medium,13,1265.49700,0.10,Regular Air,-228.18,125.99,7.69
6251,2720,967595,10575811,2010-06-07,Critical,36,2051.01600,0.02,Express Air,483.97,65.99,3.99
100,7430,234470,89759693,2010-06-08,Medium,50,751.77000,0.05,Regular Air,353.20,15.67,1.39
1160,45413,399791,19750832,2010-06-08,High,18,85.74000,0.03,Regular Air,-73.57,4.38,6.21
2518,45413,87215,19750832,2010-06-08,High,17,2031.98000,0.05,Regular Air,778.60,120.98,9.07
4308,27969,34354,23169608,2010-06-08,Low,43,5677.87000,0.04,Delivery Truck,-824.09,130.98,54.74
5231,25889,510087,20979572,2010-06-08,Low,23,321.63000,0.04,Regular Air,73.70,14.34,5.00
6039,27969,947094,23169608,2010-06-08,Low,32,687.47000,0.10,Delivery Truck,-1533.15,20.98,53.03
6089,36646,845612,75566934,2010-06-08,Medium,24,1168.15000,0.04,Express Air,-743.96,48.91,35.00
7380,45413,99546,19750832,2010-06-08,High,24,131.94000,0.04,Regular Air,2.32,5.28,2.99
1107,6309,147972,53790877,2010-06-09,Medium,10,29.79000,0.01,Regular Air,3.76,2.88,0.99
1257,30433,863849,48810863,2010-06-09,Medium,17,253.38000,0.00,Express Air,-35.78,13.90,7.59
1529,51395,622603,10356602,2010-06-09,Low,26,78.22000,0.03,Regular Air,32.50,2.88,0.50
2103,43207,872912,6767935,2010-06-09,Low,8,15.45000,0.05,Regular Air,-7.75,1.81,1.56
2104,43207,91652,6767935,2010-06-09,Low,45,2207.90000,0.02,Regular Air,579.76,49.34,10.25
3473,59943,995197,7424686,2010-06-09,Critical,43,679.65000,0.00,Regular Air,31.20,15.01,8.40
5486,43207,526942,6767935,2010-06-09,Low,41,139.93000,0.05,Regular Air,-3.06,3.28,1.95
6473,35047,705403,51305287,2010-06-09,Medium,31,148.17000,0.00,Regular Air,-7.06,4.71,0.70
7565,51395,761140,10356602,2010-06-09,Low,10,51.65000,0.10,Regular Air,-32.13,4.98,5.49
589,22468,635598,5044115,2010-06-10,Not Specified,11,65.10000,0.03,Regular Air,13.31,5.68,1.46
703,29349,691869,8387950,2010-06-10,High,46,2526.54000,0.04,Regular Air,772.11,65.99,2.50
1782,132,560855,9995389,2010-06-10,Medium,27,192.81400,0.03,Regular Air,-86.20,7.99,5.03
5234,132,34354,57145231,2010-06-10,Medium,30,4011.65000,0.05,Delivery Truck,-603.80,130.98,54.74
5539,22468,942944,5044115,2010-06-10,Not Specified,14,323.11000,0.00,Regular Air,41.52,20.98,8.83
5542,22468,1057069,5044115,2010-06-10,Not Specified,19,163.75000,0.00,Regular Air,23.61,7.96,4.95
8047,29349,295902,89629028,2010-06-10,High,33,162.39000,0.10,Regular Air,-101.68,5.28,5.57
2967,46211,766415,19029328,2010-06-11,Low,47,1243.52000,0.08,Regular Air,360.94,26.48,6.93
1775,21795,428422,48962730,2010-06-13,Not Specified,10,278.66000,0.05,Express Air,-77.36,27.48,4.00
2806,14275,1036156,28799558,2010-06-13,Low,20,42.22000,0.04,Regular Air,-7.73,2.08,1.49
2956,21795,1003701,48962730,2010-06-13,Not Specified,28,491.85000,0.10,Regular Air,4.54,18.97,9.03
4273,35588,724277,98340679,2010-06-13,Low,32,1727.79000,0.10,Delivery Truck,-694.90,58.14,36.61
6183,14275,953470,28799558,2010-06-13,Low,4,653.44000,0.06,Delivery Truck,-187.75,160.98,30.00
1245,33894,260010,39140094,2010-06-14,Critical,5,42.89000,0.02,Regular Air,-32.48,6.84,8.37
1322,33478,400232,24878468,2010-06-14,High,21,125.90000,0.04,Express Air,5.85,5.88,3.04
2072,53703,689019,51940252,2010-06-14,Not Specified,14,1966.26000,0.06,Regular Air,-34.79,140.85,19.99
3665,44614,909475,65938413,2010-06-14,Low,18,55.35000,0.00,Express Air,-56.63,2.22,5.00
3666,44614,647762,65938413,2010-06-14,Low,27,700.35000,0.06,Regular Air,-123.01,26.31,5.89
4196,33894,401561,39140094,2010-06-14,Critical,48,226.50000,0.09,Regular Air,-173.15,4.98,4.62
5927,33894,220034,39140094,2010-06-14,Critical,13,438.93000,0.04,Express Air,-119.02,32.98,5.50
7410,33894,79826,39140094,2010-06-14,Critical,14,140.66000,0.00,Regular Air,11.34,9.27,4.39
1551,47750,640880,102857204,2010-06-15,Low,37,102.46000,0.08,Regular Air,36.64,2.88,0.50
2787,47750,980324,102857204,2010-06-15,Low,43,1097.60000,0.05,Regular Air,216.12,25.38,8.99
5674,59712,430465,93141025,2010-06-15,Critical,25,67.58000,0.09,Express Air,16.80,2.62,0.80
5863,23011,219708,24306819,2010-06-15,Low,1,12.20000,0.01,Regular Air,-33.93,10.01,1.99
6772,47750,242881,46389525,2010-06-15,Low,1,195.04000,0.08,Regular Air,-149.41,167.27,35.00
6790,22115,399912,102041571,2010-06-15,Low,5,751.94000,0.02,Delivery Truck,-283.94,145.45,17.85
7095,21671,403940,46998039,2010-06-15,High,15,670.94000,0.02,Regular Air,87.51,45.19,1.99
7870,42658,99546,43506335,2010-06-15,Medium,29,146.68000,0.08,Regular Air,-8.33,5.28,2.99
2057,54407,648476,75226845,2010-06-16,Medium,24,9396.27000,0.07,Regular Air,3857.57,420.98,19.99
4630,3648,781610,24699845,2010-06-16,Low,34,5488.52650,0.05,Regular Air,1382.45,195.99,4.20
4729,43076,461227,97049232,2010-06-16,Not Specified,33,3636.37000,0.06,Delivery Truck,-176.91,113.98,30.00
6236,12039,240546,101248528,2010-06-16,High,13,2048.56800,0.10,Regular Air,-259.99,205.99,8.99
6391,3648,573049,24699845,2010-06-16,Low,46,134.81000,0.10,Regular Air,52.36,3.15,0.49
101,57568,234470,56764115,2010-06-17,Not Specified,38,592.54000,0.07,Regular Air,282.11,15.67,1.39
104,4610,234470,44817590,2010-06-17,Low,29,447.34000,0.08,Regular Air,203.01,15.67,1.39
106,4610,564279,44817590,2010-06-17,Low,8,66.88000,0.09,Regular Air,-17.01,8.33,1.99
2339,4007,499554,64790573,2010-06-17,High,18,1038.40000,0.01,Regular Air,112.36,56.96,13.22
3550,45184,1005949,47450738,2010-06-17,Low,25,14647.26000,0.07,Regular Air,5485.15,599.99,24.49
4080,16806,251048,94803589,2010-06-17,High,18,1026.63850,0.00,Regular Air,-201.05,65.99,19.99
4403,44864,669077,10356602,2010-06-17,Low,25,187.55000,0.10,Regular Air,-171.41,7.77,9.23
5282,45184,430465,47450738,2010-06-17,Low,10,26.11000,0.08,Regular Air,2.65,2.62,0.80
5717,4007,587889,64790573,2010-06-17,High,1,305.82000,0.05,Regular Air,-232.24,279.48,35.00
6311,23396,582987,33411187,2010-06-18,Low,30,11481.03000,0.08,Delivery Truck,2799.65,399.98,12.06
319,2503,518917,100684577,2010-06-19,Medium,9,162.15450,0.08,Regular Air,-73.74,20.99,4.81
320,2503,234415,100684577,2010-06-19,Medium,21,91.15000,0.03,Regular Air,-71.54,4.13,5.34
321,2503,480920,100684577,2010-06-19,Medium,46,171.48000,0.10,Regular Air,66.13,4.13,0.50
3144,50469,445991,56602296,2010-06-19,Not Specified,44,839.19000,0.00,Regular Air,76.38,17.98,8.51
5020,33122,366386,96219608,2010-06-19,Low,21,8468.63000,0.00,Delivery Truck,2819.96,400.97,48.26
5340,42439,575546,108626146,2010-06-19,Not Specified,28,164.50000,0.01,Regular Air,62.68,5.84,1.00
5899,870,181963,37673316,2010-06-19,Not Specified,23,1661.04000,0.04,Regular Air,475.54,70.97,3.50
7274,43233,202436,85555346,2010-06-19,Critical,30,203.48000,0.04,Express Air,-71.91,6.48,6.35
3700,2020,125017,76162149,2010-06-20,Medium,42,213.75000,0.03,Regular Air,-188.77,5.02,5.14
4802,58273,905400,107565533,2010-06-20,High,31,244.90000,0.08,Regular Air,-61.14,8.46,3.62
1625,13762,189993,24149383,2010-06-21,Medium,37,107.73000,0.08,Regular Air,39.81,3.15,0.50
1643,45728,287242,15561390,2010-06-21,High,11,38.24000,0.02,Regular Air,-37.55,2.88,5.33
1647,51171,877669,11001728,2010-06-21,High,34,783.48000,0.01,Regular Air,-73.40,22.38,15.10
2779,30885,278621,49819071,2010-06-21,High,24,234.24000,0.09,Regular Air,-151.80,9.71,9.45
2835,13762,487738,24149383,2010-06-21,Medium,8,55.00000,0.05,Regular Air,-23.62,6.28,5.36
3364,7105,392324,88719131,2010-06-21,Low,17,77.19000,0.03,Regular Air,-81.35,4.06,6.89
6231,13762,219855,24149383,2010-06-21,Medium,7,51.66000,0.06,Regular Air,7.40,7.64,1.39
7998,45728,136776,31314538,2010-06-21,High,49,1711.79000,0.01,Regular Air,812.32,33.29,1.99
137,28519,72479,92369283,2010-06-22,High,4,268.71050,0.09,Regular Air,-337.66,85.99,0.99
6291,33862,497806,23544783,2010-06-22,Not Specified,22,125.57000,0.03,Regular Air,-45.16,5.58,5.30
229,37440,245102,9043071,2010-06-23,Not Specified,39,8407.08000,0.04,Delivery Truck,629.40,208.16,68.02
891,12743,106849,68926150,2010-06-23,High,39,677.51800,0.09,Regular Air,168.22,20.99,0.99
2158,48484,1003701,63210192,2010-06-23,Medium,43,881.84000,0.00,Regular Air,153.80,18.97,9.03
2159,48484,246243,63210192,2010-06-23,Medium,41,773.44000,0.08,Express Air,133.83,20.24,6.67
2322,40321,442073,106488141,2010-06-23,High,23,1484.49000,0.09,Regular Air,230.50,67.28,19.99
2625,37440,660527,63543862,2010-06-23,Not Specified,31,295.45000,0.03,Regular Air,-4.36,9.38,4.93
3794,48484,536153,63210192,2010-06-23,Medium,22,346.42000,0.05,Regular Air,67.96,16.48,1.99
5523,48484,161867,63210192,2010-06-23,Medium,50,5067.57250,0.09,Regular Air,1275.91,125.99,8.99
5699,40321,910598,106488141,2010-06-23,High,18,740.49000,0.10,Regular Air,88.90,42.76,6.22
4625,11941,680591,13019151,2010-06-24,Critical,4,73.07000,0.08,Regular Air,-41.01,15.70,11.25
6933,33255,1031199,9130094,2010-06-24,Critical,19,108.21000,0.08,Express Air,-50.02,5.28,5.66
592,12965,730110,56068175,2010-06-25,Medium,7,44.74000,0.04,Regular Air,-20.10,5.74,5.01
1124,22913,803900,55032223,2010-06-25,Critical,50,1579.02800,0.02,Regular Air,624.98,35.99,5.99
2657,26978,125839,79088641,2010-06-25,Medium,46,27875.54000,0.00,Regular Air,-635.69,599.99,24.49
2658,26978,1003701,79088641,2010-06-25,Medium,2,48.84000,0.01,Regular Air,-21.20,18.97,9.03
2659,26978,887573,79088641,2010-06-25,Medium,47,695.99000,0.09,Express Air,-157.44,15.31,8.78
4483,39172,136439,18334625,2010-06-25,Low,38,9013.58000,0.04,Regular Air,2574.36,232.58,19.99
5544,12965,272408,56068175,2010-06-25,Medium,21,90.78000,0.06,Regular Air,-71.84,4.24,5.41
7252,10373,160229,98758480,2010-06-25,Critical,28,193.16000,0.03,Regular Air,-71.73,6.48,6.60
7362,22913,195368,55032223,2010-06-25,Critical,32,176.77000,0.06,Express Air,-41.60,4.98,4.72
7480,26978,645110,79088641,2010-06-25,Medium,49,2030.44000,0.04,Regular Air,938.26,40.99,5.86
7603,39172,414906,18334625,2010-06-25,Low,26,175.42000,0.00,Regular Air,-93.73,5.98,7.50
7630,42823,47324,91042485,2010-06-25,Medium,8,49.14000,0.05,Express Air,-22.56,4.28,6.18
2007,59392,712849,56352213,2010-06-26,Medium,19,39.42000,0.08,Regular Air,-29.02,2.12,1.99
3649,59392,677142,56352213,2010-06-26,Medium,45,1305.31000,0.03,Regular Air,589.20,28.48,1.99
5426,9123,492902,45168399,2010-06-26,Critical,27,384.90000,0.07,Express Air,-108.28,14.03,9.37
6342,29797,228599,101710424,2010-06-26,High,50,742.05000,0.05,Regular Air,-337.98,14.89,13.56
259,39749,805629,100099945,2010-06-27,High,43,110.64000,0.06,Regular Air,-62.60,2.60,2.40
820,26051,564279,13485144,2010-06-27,Not Specified,31,251.75000,0.07,Regular Air,22.46,8.33,1.99
1113,3942,529796,80321883,2010-06-27,Not Specified,22,1559.77550,0.03,Regular Air,-247.18,85.99,0.99
2860,3942,981209,15561390,2010-06-27,Not Specified,11,225.14000,0.08,Regular Air,-42.61,20.15,8.99
3949,26051,180041,13485144,2010-06-27,Not Specified,22,795.74000,0.00,Delivery Truck,-127.39,33.94,19.19
5360,39749,119069,100099945,2010-06-27,High,45,11277.05000,0.01,Delivery Truck,3497.45,264.98,17.86
5364,39749,1057069,100099945,2010-06-27,High,14,125.31000,0.00,Regular Air,26.24,7.96,4.95
785,261,654261,93141025,2010-06-28,Medium,47,5677.60900,0.04,Regular Air,1680.79,140.99,4.20
1660,2307,207983,83021824,2010-06-28,Low,32,182.33000,0.10,Regular Air,40.85,5.98,1.49
2968,53568,381761,19029328,2010-06-28,Medium,34,4281.13000,0.05,Delivery Truck,-1446.08,122.99,70.20
7997,20455,781122,32369747,2010-06-28,Critical,7,381.19950,0.08,Express Air,-233.56,65.99,8.99
500,22626,954944,43122374,2010-06-29,Critical,17,90.93000,0.02,Regular Air,14.19,5.18,2.04
604,11779,424146,54579533,2010-06-29,Not Specified,45,311.10000,0.04,Regular Air,86.60,6.88,2.00
3823,11779,124828,54579533,2010-06-29,Not Specified,43,452.93000,0.09,Regular Air,-172.34,10.97,6.50
1168,28515,258022,56808082,2010-06-30,High,33,750.86000,0.00,Regular Air,302.12,21.38,2.99
3609,56288,996963,17767864,2010-06-30,Not Specified,37,1287.94000,0.06,Regular Air,140.35,35.89,14.72
4320,28515,500073,25228465,2010-06-30,High,48,379.78000,0.10,Regular Air,-71.59,8.32,2.38
5342,56288,845743,17767864,2010-06-30,Not Specified,39,585.36000,0.07,Express Air,269.26,15.57,1.39
7736,34338,600953,103104706,2010-06-30,Low,26,1050.16000,0.04,Express Air,265.09,38.76,13.26
863,23361,767830,41053630,2010-07-03,Critical,7,373.27750,0.07,Regular Air,-204.93,65.99,5.26
864,23361,154089,41053630,2010-07-03,Critical,2,3.23000,0.06,Regular Air,-2.73,1.26,0.70
1796,45029,593570,31768137,2010-07-03,High,20,5304.42000,0.01,Delivery Truck,-633.44,262.11,62.74
2055,49221,445991,75226845,2010-07-03,Not Specified,22,399.64000,0.04,Regular Air,-15.42,17.98,8.51
2335,23361,224170,41053630,2010-07-03,Critical,36,2861.66000,0.04,Regular Air,-921.68,80.98,35.00
2991,43236,532104,13019151,2010-07-03,Not Specified,20,205.33000,0.00,Regular Air,10.68,9.77,6.02
3291,20325,686278,47505924,2010-07-03,Critical,24,870.48000,0.07,Regular Air,104.37,36.55,13.89
4827,20325,1048806,47505924,2010-07-03,Critical,35,4043.29000,0.06,Delivery Truck,-34.30,119.99,56.14
5156,44065,102341,8361959,2010-07-03,Low,23,1914.16000,0.01,Delivery Truck,128.43,80.97,33.60
5217,21285,744609,53475838,2010-07-03,Medium,32,54.78000,0.02,Regular Air,-30.54,1.68,1.57
6470,46880,294769,60814472,2010-07-03,Critical,1,29.99000,0.07,Regular Air,-8.88,21.98,8.32
6765,21285,942547,53475838,2010-07-03,Medium,47,304.83000,0.10,Regular Air,23.82,7.08,2.35
7077,49221,995207,75226845,2010-07-03,Not Specified,41,277.35000,0.02,Regular Air,-103.28,6.48,6.57
7739,54913,1010521,56692640,2010-07-03,High,11,54.61000,0.08,Express Air,14.99,4.76,0.88
341,11682,284312,79337791,2010-07-04,Low,5,102.18000,0.09,Regular Air,-65.67,19.98,4.00
2287,52743,56287,37846168,2010-07-04,High,46,5699.22000,0.09,Regular Air,2812.63,150.98,13.99
2478,41824,114229,53790877,2010-07-04,Not Specified,8,157.51000,0.01,Regular Air,46.48,18.94,1.49
3588,55140,216645,20071951,2010-07-04,Critical,39,438.80000,0.09,Regular Air,-84.19,11.70,6.96
5810,21892,985540,55895790,2010-07-04,High,6,34.88000,0.06,Regular Air,-18.34,4.91,4.97
5858,41824,112938,53790877,2010-07-04,Not Specified,33,97.78000,0.09,Regular Air,-31.22,2.98,2.03
7051,21318,604095,75234630,2010-07-04,High,40,1384.34000,0.10,Regular Air,562.31,37.70,2.99
901,10784,456509,85555346,2010-07-05,Not Specified,30,206.27000,0.09,Regular Air,-54.44,6.81,5.48
5730,10784,1029403,85555346,2010-07-05,Not Specified,2,19.36000,0.10,Regular Air,-11.85,6.78,6.18
337,30887,238390,79337791,2010-07-07,Critical,44,4357.11700,0.07,Regular Air,1192.98,115.99,5.92
1561,45763,464128,12419685,2010-07-07,High,25,67.45000,0.05,Regular Air,24.28,2.61,0.50
2532,15202,275015,35330575,2010-07-09,High,36,1340.93000,0.09,Express Air,154.16,39.98,9.20
4823,21539,690604,86434424,2010-07-09,Medium,39,2339.84000,0.05,Regular Air,-1730.30,71.37,69.00
6555,21539,294769,86434424,2010-07-09,Medium,18,388.13000,0.04,Regular Air,40.11,21.98,8.32
8050,59750,250992,28321640,2010-07-09,Low,34,223.59000,0.04,Regular Air,-66.05,6.48,5.74
2363,48839,519834,10181449,2010-07-10,Critical,1,97.13000,0.05,Regular Air,-37.06,98.31,0.49
1197,47712,259382,20711305,2010-07-13,Low,50,274.04000,0.10,Express Air,-243.87,5.38,7.57
1025,2438,196162,28395632,2010-07-14,High,23,717.46800,0.01,Regular Air,316.48,35.99,0.99
1709,30947,686443,23407763,2010-07-14,Low,17,691.59000,0.03,Regular Air,261.24,41.94,2.99
2428,2438,211281,28395632,2010-07-14,High,20,278.68000,0.06,Regular Air,8.90,14.48,6.46
4095,39235,581262,25602747,2010-07-14,Medium,34,801.98000,0.00,Regular Air,-99.95,21.66,13.99
5120,37920,124105,98791614,2010-07-14,Critical,48,414.42000,0.04,Regular Air,-380.20,8.46,8.99
5896,17255,780918,96713610,2010-07-14,Not Specified,17,158.19000,0.09,Regular Air,-75.22,9.38,7.28
6301,30947,459865,23407763,2010-07-14,Low,45,345.20000,0.01,Regular Air,183.53,7.31,0.49
759,26368,988535,87932728,2010-07-15,Medium,25,1809.01250,0.01,Regular Air,795.05,85.99,2.50
2262,294,226162,37499275,2010-07-15,Medium,35,6375.28000,0.06,Regular Air,489.02,193.17,19.99
4333,38405,725611,77123402,2010-07-15,Medium,29,208.04000,0.10,Regular Air,14.77,7.59,4.00
7542,40833,364275,47237797,2010-07-15,Low,48,2688.08250,0.04,Regular Air,844.82,65.99,2.50
1220,49472,638256,17355109,2010-07-16,Low,9,30.65000,0.03,Regular Air,0.08,3.29,1.35
1791,24833,491105,68723117,2010-07-16,Not Specified,45,5205.83000,0.08,Delivery Truck,-818.77,124.49,51.94
2149,24069,136430,78769548,2010-07-16,Low,21,7981.20000,0.02,Delivery Truck,-592.52,376.13,85.63
3590,19174,315687,61616872,2010-07-16,Medium,48,1631.04000,0.00,Regular Air,665.63,33.98,1.99
3819,1604,489031,96063089,2010-07-16,Low,47,622.82000,0.00,Regular Air,128.88,12.64,4.98
3835,31842,457455,67569954,2010-07-16,Medium,9,157.26000,0.06,Regular Air,-18.84,17.48,1.99
4186,49472,1005967,17355109,2010-07-16,Low,15,144.14000,0.05,Regular Air,12.09,9.78,1.99
4187,49472,269026,17355109,2010-07-16,Low,23,103.20000,0.02,Regular Air,17.89,4.28,0.94
5319,19174,272408,61616872,2010-07-16,Medium,49,214.62000,0.05,Regular Air,-151.42,4.24,5.41
6980,19174,364275,61616872,2010-07-16,Medium,19,1061.90500,0.06,Regular Air,152.75,65.99,2.50
6981,19174,641174,61616872,2010-07-16,Medium,35,5311.97300,0.02,Regular Air,1142.08,179.99,13.99
34,39330,535988,21258025,2010-07-17,Critical,29,184.77000,0.00,Express Air,-71.96,5.74,5.30
1377,16289,680802,86487510,2010-07-17,High,37,426.64000,0.09,Regular Air,96.95,12.22,2.85
3325,6531,210383,107508523,2010-07-17,High,42,188.23000,0.05,Regular Air,-145.10,4.37,5.15
6498,35137,470802,54537998,2010-07-17,High,47,1041.78000,0.10,Regular Air,283.79,23.99,6.71
6567,6531,479758,107508523,2010-07-17,High,28,541.95000,0.06,Regular Air,143.04,19.84,4.10
7640,16289,854031,20484349,2010-07-17,High,49,5610.61200,0.01,Regular Air,2040.87,125.99,2.50
7784,35137,500519,54537998,2010-07-17,High,41,225.06000,0.05,Express Air,7.30,5.34,2.99
3145,23559,445991,61248797,2010-07-18,Low,9,173.44000,0.02,Regular Air,-34.63,17.98,8.51
4040,34499,575277,79432579,2010-07-18,Medium,2,555.68000,0.01,Delivery Truck,-336.30,243.98,62.94
4755,23559,209835,61248797,2010-07-18,Low,14,425.67000,0.03,Express Air,166.57,28.53,1.49
7397,18341,552704,49422276,2010-07-18,Critical,39,237.89000,0.00,Regular Air,-165.26,5.78,7.96
672,17344,246671,47872917,2010-07-19,Critical,40,2405.45750,0.01,Regular Air,571.54,65.99,7.69
954,50210,816179,16907084,2010-07-19,Low,47,178.51000,0.00,Regular Air,82.30,3.75,0.50
1847,56101,83432,68464052,2010-07-19,Not Specified,44,5347.13000,0.08,Regular Air,1886.41,122.99,19.99
3504,56101,540818,68464052,2010-07-19,Not Specified,1,21.45000,0.01,Regular Air,-7.22,14.42,6.75
3887,35043,924819,25750022,2010-07-19,Not Specified,9,924.11150,0.06,Regular Air,-287.99,125.99,8.08
5612,35043,430465,25750022,2010-07-19,Not Specified,45,125.21000,0.01,Express Air,37.99,2.62,0.80
5755,50210,704958,16907084,2010-07-19,Low,15,31.32000,0.00,Regular Air,-30.26,1.86,2.58
6072,50242,240546,101893757,2010-07-19,Not Specified,8,1391.76450,0.08,Regular Air,-426.07,205.99,8.99
741,32002,539744,4569162,2010-07-20,Low,7,98.55000,0.07,Regular Air,23.16,13.79,8.78
1797,23041,593570,12055977,2010-07-20,Low,10,2642.95000,0.08,Delivery Truck,-474.49,262.11,62.74
2252,16065,207567,45316579,2010-07-20,High,14,54.99000,0.06,Regular Air,8.07,4.00,1.30
2973,23041,516201,12055977,2010-07-20,Low,21,173.70000,0.02,Regular Air,-31.59,7.68,6.16
4612,23041,643210,12055977,2010-07-20,Low,5,1811.25000,0.08,Regular Air,203.44,367.99,19.99
6009,38017,990083,79088641,2010-07-20,Low,26,122.51000,0.06,Regular Air,45.14,4.98,0.80
6010,38017,992059,79088641,2010-07-20,Low,27,2846.36100,0.08,Regular Air,453.65,125.99,7.69
6914,57249,161786,85252360,2010-07-20,High,30,1775.33000,0.05,Regular Air,365.25,60.65,12.23
527,41569,700324,51054401,2010-07-21,Critical,16,60.76000,0.03,Regular Air,5.25,3.70,1.61
2107,57639,480064,61395005,2010-07-21,Critical,24,2239.52000,0.04,Regular Air,330.50,95.46,18.13
2524,10306,304170,91785983,2010-07-21,Low,20,310.31000,0.02,Regular Air,51.50,14.58,7.40
2783,28932,896019,25774862,2010-07-21,Low,18,98.94000,0.10,Regular Air,-12.59,5.85,2.27
2784,28932,286374,25774862,2010-07-21,Low,24,269.57000,0.00,Express Air,33.47,10.40,5.40
3030,46310,614969,24286812,2010-07-21,High,13,278.50000,0.10,Regular Air,-6.23,22.01,5.53
3031,46310,420010,24286812,2010-07-21,High,29,1935.25000,0.04,Regular Air,652.19,63.98,11.55
4664,46310,538416,24286812,2010-07-21,High,42,5423.58000,0.01,Regular Air,1361.56,120.33,19.99
6275,45762,455222,68205763,2010-07-21,Low,21,793.85000,0.01,Regular Air,308.53,37.94,5.08
6990,41569,50374,102252318,2010-07-21,Critical,49,617.34000,0.06,Regular Air,47.10,12.28,6.47
1754,26373,37996,65993654,2010-07-22,Medium,7,285.08000,0.08,Regular Air,2.30,40.98,5.33
3273,16165,931500,69136105,2010-07-22,Not Specified,24,1452.48000,0.07,Express Air,376.52,62.18,10.84
3275,16165,279720,69136105,2010-07-22,Not Specified,4,136.68000,0.01,Express Air,-125.16,30.73,4.00
3276,16165,226162,69136105,2010-07-22,Not Specified,19,3555.29000,0.09,Express Air,183.28,193.17,19.99
3520,42086,951158,94530777,2010-07-22,High,18,50.15000,0.09,Regular Air,-2.39,2.78,0.97
1400,32323,560855,86396748,2010-07-23,High,38,259.71750,0.02,Regular Air,-118.48,7.99,5.03
1761,56869,352439,12220783,2010-07-23,Low,10,842.19000,0.00,Regular Air,157.45,80.98,4.50
2721,3109,682156,37146022,2010-07-23,Low,47,1005.74000,0.10,Regular Air,199.30,22.23,8.99
3012,57440,481236,99519941,2010-07-23,Low,12,1171.23200,0.04,Express Air,-43.25,115.99,2.50
4312,32323,905400,86396748,2010-07-23,High,3,28.75000,0.01,Regular Air,-31.43,8.46,3.62
5056,26784,844618,10584324,2010-07-23,Critical,12,1466.95000,0.02,Delivery Truck,-64.14,120.98,30.00
6093,3109,314388,37146022,2010-07-23,Low,37,6477.73950,0.01,Regular Air,1653.97,205.99,8.99
6695,26784,250373,10584324,2010-07-23,Critical,33,440.23000,0.09,Regular Air,-37.94,13.99,7.51
7509,32323,621870,86396748,2010-07-23,High,3,75.81000,0.06,Regular Air,-21.13,22.84,8.18
1626,51780,189993,77009680,2010-07-24,Low,11,32.03000,0.09,Regular Air,7.41,3.15,0.50
2809,35046,622193,7210830,2010-07-24,Medium,13,3583.87000,0.07,Delivery Truck,-113.08,284.98,69.55
3440,51780,515586,16438527,2010-07-24,Low,42,372.69000,0.01,Express Air,-177.03,8.04,8.94
4479,51780,475585,77009680,2010-07-24,Low,26,1846.20000,0.04,Delivery Truck,-584.93,68.81,60.00
4480,51780,850189,77009680,2010-07-24,Low,44,185.82000,0.05,Express Air,11.45,4.20,2.26
6188,35046,612619,7210830,2010-07-24,Medium,45,4951.36000,0.03,Express Air,1759.72,107.53,5.81
6492,45030,797793,59040054,2010-07-24,High,1,18.16000,0.03,Regular Air,-7.25,12.28,6.13
7583,35046,523991,7210830,2010-07-24,Medium,21,151.86000,0.10,Express Air,-54.67,7.10,6.05
7678,15463,414906,20282629,2010-07-24,Low,48,293.30000,0.04,Express Air,-193.48,5.98,7.50
598,15271,444231,55417339,2010-07-25,Critical,7,222.25800,0.03,Regular Air,-77.90,35.99,1.25
1386,5445,1015676,32605811,2010-07-25,Low,4,29.42000,0.06,Express Air,14.43,3.69,0.50
1388,5445,878329,32605811,2010-07-25,Low,9,46.48000,0.01,Regular Air,-1.82,4.63,1.93
4136,31073,633903,39400605,2010-07-25,Medium,39,1818.76000,0.02,Regular Air,843.12,46.94,6.77
5547,15271,715054,55417339,2010-07-25,Critical,18,2389.30000,0.01,Regular Air,589.38,128.24,12.65
5630,40005,747572,11826026,2010-07-25,High,9,130.43000,0.03,Regular Air,-8.70,13.48,4.51
5868,31073,242881,39400605,2010-07-25,Medium,26,4322.26000,0.07,Regular Air,-618.95,167.27,35.00
6341,40005,381085,101710424,2010-07-25,High,20,873.82000,0.10,Regular Air,244.45,45.98,4.80
6493,23719,761908,16475482,2010-07-25,Critical,17,122.74000,0.08,Regular Air,-28.13,7.28,5.47
109,19205,302731,44817590,2010-07-26,Medium,31,107.97000,0.00,Regular Air,2.36,3.26,1.86
644,35271,986755,41308400,2010-07-26,High,19,1083.40150,0.02,Regular Air,64.53,65.99,8.99
1676,20225,793081,71636340,2010-07-26,Low,22,123.40000,0.10,Regular Air,30.50,5.84,0.83
4526,20225,1067744,71636340,2010-07-26,Low,33,124.78000,0.09,Regular Air,-122.67,3.98,5.26
6961,19205,421821,44817590,2010-07-26,Medium,47,1291.35000,0.04,Regular Air,479.62,26.38,5.86
7456,13090,79826,44424960,2010-07-26,Not Specified,15,150.20000,0.02,Regular Air,12.97,9.27,4.39
1299,36262,559119,31543089,2010-07-27,Not Specified,23,136.81000,0.01,Regular Air,-30.51,5.68,3.60
1329,47584,659453,30311200,2010-07-27,Critical,4,20.19000,0.03,Regular Air,1.30,4.91,0.50
2150,52480,105932,78769548,2010-07-27,Not Specified,47,1020.88000,0.08,Regular Air,173.94,22.72,8.99
4058,16640,461227,100815423,2010-07-27,Low,6,652.33000,0.09,Delivery Truck,-227.51,113.98,30.00
4189,18241,116401,12997708,2010-07-27,Low,3,64.50000,0.05,Regular Air,-55.11,20.89,1.99
4240,47584,642034,30311200,2010-07-27,Critical,43,74.99000,0.08,Regular Air,-8.95,1.82,0.83
7446,36262,550577,31543089,2010-07-27,Not Specified,26,4701.69000,0.00,Express Air,1148.90,205.99,2.50
7448,36262,712492,31543089,2010-07-27,Not Specified,23,164.02000,0.03,Express Air,-47.64,6.68,6.15
1792,26341,491105,66316082,2010-07-28,Critical,8,1095.27000,0.03,Delivery Truck,-281.22,124.49,51.94
5232,55234,705599,38262641,2010-07-28,Low,12,600.86000,0.09,Regular Air,-82.67,53.98,5.50
6770,55234,112938,38262641,2010-07-28,Low,5,17.06000,0.03,Regular Air,-7.54,2.98,2.03
442,51041,330371,38191421,2010-07-29,High,47,2766.81800,0.03,Regular Air,846.95,65.99,5.92
1931,22054,168172,20071951,2010-07-29,Medium,32,216.79000,0.07,Regular Air,57.55,6.98,2.83
3707,57216,661224,50111887,2010-07-29,High,46,12719.70000,0.03,Delivery Truck,-545.82,280.98,57.00
4435,48321,314204,63686255,2010-07-29,High,31,5875.66000,0.02,Regular Air,1856.12,178.47,19.99
4861,19843,871061,40929835,2010-07-29,Medium,33,4416.65100,0.02,Regular Air,1020.41,155.99,8.99
5438,57216,330570,50111887,2010-07-29,High,48,109.78000,0.03,Regular Air,4.48,2.20,1.20
6163,25634,470802,29419859,2010-07-29,Not Specified,26,626.07000,0.03,Express Air,185.32,23.99,6.71
3047,56128,479067,19762901,2010-07-30,Medium,41,902.19000,0.08,Regular Air,-49.66,22.99,8.99
4597,39650,1083564,48962730,2010-07-30,Not Specified,10,1004.89000,0.00,Delivery Truck,-189.02,89.99,42.00
4598,39650,340286,48962730,2010-07-30,Not Specified,47,329.06000,0.08,Regular Air,-175.15,7.28,7.98
4682,56128,603630,19762901,2010-07-30,Medium,19,657.23200,0.10,Delivery Truck,33.99,44.43,46.59
5673,24196,455572,97492463,2010-07-30,High,24,1049.49000,0.05,Regular Air,-5.41,43.57,16.36
6512,20832,853927,6669395,2010-07-30,Not Specified,39,105.89000,0.08,Regular Air,4.13,2.84,0.93
6513,20832,357719,6669395,2010-07-30,Not Specified,47,88.70000,0.06,Regular Air,-20.45,1.88,1.49
7233,24196,59843,97492463,2010-07-30,High,2,13.44000,0.08,Regular Air,-8.88,4.28,5.17
1114,43200,529796,86678719,2010-07-31,Not Specified,15,1073.56700,0.04,Regular Air,-305.97,85.99,0.99
2334,22151,642280,85718014,2010-07-31,High,20,515.37000,0.04,Regular Air,9.82,24.92,12.98
2695,22151,134249,11928127,2010-07-31,High,49,465.83000,0.10,Regular Air,-79.72,9.65,6.22
4129,43200,1006802,86678719,2010-07-31,Not Specified,3,554.32000,0.01,Regular Air,-62.13,172.99,19.99
4208,13127,475585,87106625,2010-07-31,Medium,13,951.31000,0.06,Delivery Truck,-333.07,68.81,60.00
4404,34407,996963,62992734,2010-07-31,Low,41,1484.89000,0.03,Regular Air,220.99,35.89,14.72
630,28321,944147,3863253,2010-08-01,Medium,28,90.50000,0.03,Regular Air,24.71,3.08,0.99
188,34980,236065,41989638,2010-08-02,Not Specified,7,140.77000,0.01,Regular Air,100.77,18.65,3.77
189,34980,91978,41989638,2010-08-02,Not Specified,12,562.15000,0.01,Regular Air,148.34,46.89,5.10
268,47270,403726,72489079,2010-08-02,Critical,19,3559.61300,0.00,Regular Air,747.74,205.99,3.00
3599,34980,1067150,41989638,2010-08-02,Not Specified,25,848.19000,0.06,Express Air,120.02,34.76,5.49
7021,47270,79826,72489079,2010-08-02,Critical,40,382.65000,0.03,Express Air,47.61,9.27,4.39
7022,47270,694962,72489079,2010-08-02,Critical,9,61.00000,0.08,Regular Air,-34.25,6.48,6.81
529,53605,114359,25540872,2010-08-03,Medium,19,506.49000,0.06,Regular Air,105.69,25.98,5.37
632,33154,748546,80699720,2010-08-03,Critical,7,368.02450,0.09,Regular Air,-218.81,65.99,4.20
1716,27744,640076,106291700,2010-08-03,Critical,22,106.69000,0.01,Regular Air,-76.60,4.54,5.83
1807,29762,682640,24699845,2010-08-03,Critical,33,3268.56000,0.03,Delivery Truck,-1181.71,95.95,74.35
1815,29762,746518,73634331,2010-08-03,Critical,15,22.45000,0.03,Regular Air,0.78,1.48,0.70
2138,53605,760319,25540872,2010-08-03,Medium,1,74.31000,0.07,Regular Air,-73.10,41.47,34.20
4294,26244,905400,32605811,2010-08-03,High,16,131.72000,0.09,Regular Air,-42.61,8.46,3.62
5516,53605,288283,25540872,2010-08-03,Medium,48,8367.68000,0.06,Delivery Truck,886.35,170.98,35.89
7611,37572,500519,18361125,2010-08-03,High,22,123.95000,0.01,Regular Air,2.42,5.34,2.99
914,19136,444231,56549626,2010-08-04,Not Specified,44,1372.94550,0.00,Regular Air,429.89,35.99,1.25
1189,52326,604088,32797971,2010-08-04,Low,41,152.28000,0.06,Regular Air,-154.81,3.81,5.44
1339,12483,460438,96376660,2010-08-04,Critical,30,1771.67000,0.09,Regular Air,338.95,59.76,9.71
2647,12483,762722,96376660,2010-08-04,Critical,14,1406.07000,0.10,Delivery Truck,-701.91,100.98,57.38
2649,12483,87215,96376660,2010-08-04,Critical,14,1676.44000,0.02,Regular Air,607.50,120.98,9.07
2676,31495,820841,19986307,2010-08-04,Low,20,191.43000,0.06,Express Air,39.50,8.69,2.99
3227,3108,412528,25961578,2010-08-04,Critical,36,65.39000,0.09,Regular Air,-0.46,1.82,1.00
4290,31495,398909,19986307,2010-08-04,Low,34,1234.85000,0.03,Regular Air,212.20,34.76,8.22
5027,56166,540818,36351985,2010-08-04,Critical,45,615.68000,0.08,Regular Air,-54.34,14.42,6.75
6572,24097,131747,66098717,2010-08-04,High,1,17.19000,0.00,Regular Air,-35.34,14.48,1.99
6573,24097,287133,66098717,2010-08-04,High,27,2689.48000,0.04,Regular Air,399.93,99.99,19.99
6644,15618,967595,34211408,2010-08-04,Medium,14,782.45050,0.06,Regular Air,-11.40,65.99,3.99
6780,56166,802135,83589867,2010-08-04,Critical,1,142.24000,0.08,Delivery Truck,-62.19,100.89,42.00
6985,19748,373891,28130934,2010-08-04,Not Specified,6,124.65000,0.01,Regular Air,13.34,18.97,5.21
7827,24097,994750,66098717,2010-08-04,High,2,15.31000,0.01,Regular Air,-8.15,4.98,4.86
7873,15618,736435,34211408,2010-08-04,Medium,9,50.93000,0.06,Regular Air,-34.98,5.28,6.26
7874,15618,473902,34211408,2010-08-04,Medium,44,792.80000,0.08,Regular Air,26.27,18.97,9.54
1403,58789,69354,61907970,2010-08-05,Low,26,195.51000,0.03,Regular Air,-105.72,7.30,7.72
2687,58789,532104,61907970,2010-08-05,Low,38,377.13000,0.02,Regular Air,-10.29,9.77,6.02
2950,17956,483546,34667672,2010-08-05,Critical,17,1914.65000,0.01,Regular Air,73.45,111.03,8.64
4268,42369,851560,27626796,2010-08-05,Critical,44,786.26000,0.01,Regular Air,274.98,17.48,1.99
6349,17956,455222,34667672,2010-08-05,Critical,40,1567.51000,0.01,Express Air,711.74,37.94,5.08
2494,18598,211281,57533478,2010-08-06,Critical,24,349.65000,0.10,Express Air,28.55,14.48,6.46
3517,18210,689598,21939120,2010-08-06,Not Specified,27,9293.82000,0.08,Regular Air,2437.17,363.25,19.99
3518,18210,674668,21939120,2010-08-06,Not Specified,27,80.79000,0.00,Regular Air,12.58,2.88,0.70
4140,18598,854211,57533478,2010-08-06,Critical,46,4814.12000,0.03,Regular Air,855.14,102.30,21.26
7982,8416,715760,71514953,2010-08-06,Low,2,22.07000,0.07,Regular Air,-15.45,5.98,10.39
2509,193,789960,47278754,2010-08-07,Critical,14,174.89000,0.06,Regular Air,-37.04,12.44,6.27
3979,49638,124828,65797980,2010-08-07,Medium,17,196.07000,0.05,Regular Air,-77.66,10.97,6.50
4951,12485,367410,81882214,2010-08-07,Critical,24,5407.31000,0.04,Delivery Truck,1068.48,226.67,28.16
6592,10081,487515,64709810,2010-08-07,Not Specified,49,1058.43000,0.02,Regular Air,245.00,20.28,6.68
7402,9985,598592,38079848,2010-08-07,Low,12,81.90000,0.08,Regular Air,-23.52,6.68,5.20
1755,57669,37996,23111538,2010-08-08,Critical,41,1803.12000,0.00,Regular Air,544.93,40.98,5.33
720,50146,594736,64626802,2010-08-09,Not Specified,32,2288.64200,0.05,Regular Air,519.59,85.99,2.79
1686,45570,540260,89540355,2010-08-09,Critical,19,77.57000,0.00,Regular Air,-67.49,3.58,5.47
3102,55558,331372,40253199,2010-08-09,Medium,8,1294.04000,0.05,Delivery Truck,-323.18,150.98,66.27
4467,34916,1005483,42895043,2010-08-09,High,3,24.36000,0.08,Express Air,10.04,4.82,5.72
5904,44224,994793,86789397,2010-08-09,High,32,198.70000,0.10,Regular Air,-62.13,6.48,2.74
6076,4932,1023942,50130217,2010-08-09,Critical,11,109.37000,0.07,Regular Air,25.96,10.31,1.79
6454,55558,266765,40253199,2010-08-09,Medium,23,392.57000,0.04,Regular Air,22.25,17.07,8.13
2949,10435,479067,20282629,2010-08-10,Medium,38,871.25000,0.06,Regular Air,-14.31,22.99,8.99
4590,10435,730958,20282629,2010-08-10,Medium,46,537.87000,0.05,Regular Air,-162.24,11.66,7.95
6694,19104,123797,44667886,2010-08-10,High,48,5085.90700,0.03,Regular Air,1366.69,125.99,8.08
33,13861,293693,21258025,2010-08-11,High,7,37.30000,0.00,Regular Air,5.03,4.84,0.71
4735,31650,785102,40872584,2010-08-11,Not Specified,19,1504.97000,0.02,Regular Air,-0.31,77.51,4.00
3118,59074,548833,33357299,2010-08-12,Low,37,589.63000,0.03,Regular Air,70.80,14.98,8.99
4772,22117,793720,49397035,2010-08-12,Critical,5,19.17000,0.10,Regular Air,-16.42,3.28,3.97
5760,42563,272408,91889558,2010-08-12,Medium,7,44.25000,0.07,Express Air,-14.36,4.24,5.41
7783,22117,373161,49397035,2010-08-12,Critical,16,581.52000,0.03,Express Air,175.16,35.44,7.50
698,19687,580148,83750888,2010-08-13,Medium,23,829.61700,0.10,Regular Air,25.53,45.99,4.99
700,19687,746518,83750888,2010-08-13,Medium,33,47.99000,0.06,Regular Air,3.86,1.48,0.70
810,33537,933326,97965401,2010-08-13,Medium,9,163.31050,0.02,Regular Air,-105.09,20.99,3.30
3945,33537,592380,97965401,2010-08-13,Medium,26,45.38000,0.07,Regular Air,-1.97,1.76,0.70
5138,5061,691011,26154365,2010-08-13,Critical,4,12.80000,0.00,Regular Air,-2.21,2.88,0.70
5409,35878,707900,32775334,2010-08-13,Medium,45,161.67000,0.08,Regular Air,-7.71,3.60,2.20
7048,35878,709916,32775334,2010-08-13,Medium,11,485.46000,0.03,Regular Air,48.88,40.99,17.48
346,17381,232452,38797703,2010-08-14,High,28,101.25000,0.05,Regular Air,40.90,3.75,0.50
2062,35079,331372,12671287,2010-08-14,High,13,71.57000,0.02,Regular Air,-30.69,4.98,4.95
3439,20679,711463,56607056,2010-08-14,Medium,32,4976.60000,0.06,Regular Air,601.88,161.55,19.99
3720,35079,679655,12671287,2010-08-14,High,32,2062.75000,0.01,Express Air,559.59,60.98,19.99
1939,19686,445991,30354681,2010-08-15,Medium,2,42.31000,0.06,Regular Air,-53.08,17.98,8.51
1942,19686,222984,30354681,2010-08-15,Medium,11,152.67000,0.04,Regular Air,12.76,12.95,4.98
2597,38176,161487,59645894,2010-08-15,High,48,428.36000,0.06,Express Air,74.75,9.11,2.25
6490,6625,751161,91977284,2010-08-15,High,23,21062.91000,0.01,Delivery Truck,5713.53,880.98,44.55
7435,38176,295902,59645894,2010-08-15,High,39,231.08000,0.01,Express Air,-79.08,5.28,5.57
530,24227,594736,25540872,2010-08-16,Medium,24,1840.85350,0.01,Regular Air,424.64,85.99,2.79
1100,1382,528379,86590680,2010-08-16,Low,5,89.33500,0.06,Regular Air,-107.10,20.99,2.50
2474,1382,921326,86590680,2010-08-16,Low,31,7180.83000,0.02,Delivery Truck,487.17,220.98,64.66
2538,30114,205200,97850819,2010-08-16,Low,7,4667.28000,0.09,Express Air,-362.88,699.99,24.49
2839,47040,150664,77009680,2010-08-16,High,38,487.98000,0.01,Regular Air,8.10,12.53,7.17
4122,1382,1067744,86590680,2010-08-16,Low,39,158.46000,0.06,Regular Air,-130.66,3.98,5.26
380,11491,955858,82445538,2010-08-17,Low,26,165.37000,0.06,Regular Air,-80.11,6.60,4.07
3363,47232,131291,88719131,2010-08-17,Not Specified,39,546.40000,0.10,Express Air,-138.82,15.14,4.53
5122,22820,584340,21295595,2010-08-17,High,34,209.12000,0.05,Regular Air,-116.21,5.98,4.38
5430,11491,1057069,82445538,2010-08-17,Low,38,1785.74000,0.03,Express Air,739.48,48.04,7.23
6889,22820,380477,81677975,2010-08-17,High,18,144.84000,0.00,Regular Air,21.49,7.89,2.82
7254,3463,102789,46376110,2010-08-17,Critical,43,264.75000,0.08,Regular Air,-212.51,6.48,8.40
8022,12710,196575,19043578,2010-08-17,Critical,37,2116.62000,0.06,Regular Air,745.45,55.98,13.88
2595,26688,138181,64392832,2010-08-18,Medium,21,424.13000,0.06,Regular Air,57.17,20.27,3.99
3035,57921,361951,99605711,2010-08-18,Medium,7,148.05000,0.08,Regular Air,-45.94,21.38,8.99
4329,27232,1006899,97790785,2010-08-18,Not Specified,19,639.30000,0.05,Regular Air,30.21,34.99,7.73
4669,57921,401561,99605711,2010-08-18,Medium,8,45.24000,0.01,Regular Air,-42.12,4.98,4.62
5824,13094,455222,75858772,2010-08-18,Not Specified,7,283.57000,0.02,Regular Air,71.21,37.94,5.08
5945,26688,717095,64392832,2010-08-18,Medium,7,69.40000,0.09,Regular Air,12.02,9.93,1.09
7900,50246,620362,33281016,2010-08-18,Medium,14,102.04000,0.05,Express Air,-47.67,6.48,7.37
3962,2368,947059,98758480,2010-08-19,Critical,36,508.73000,0.08,Regular Air,-229.67,14.81,13.32
4475,59783,134191,84641727,2010-08-19,Low,36,77.43000,0.01,Regular Air,-60.07,2.08,2.56
1783,9152,560855,81950874,2010-08-20,Not Specified,43,292.80800,0.05,Regular Air,-129.69,7.99,5.03
3117,59233,160678,33357299,2010-08-20,High,3,336.84000,0.08,Delivery Truck,-160.46,100.98,35.84
3270,15045,381761,47232636,2010-08-20,Not Specified,11,1378.72000,0.07,Delivery Truck,-640.60,122.99,70.20
4736,59233,510087,33357299,2010-08-20,High,30,397.17000,0.10,Express Air,7.69,14.34,5.00
6303,26023,1031140,23407763,2010-08-20,High,49,120.77000,0.03,Regular Air,19.86,2.47,1.02
6326,25154,475614,34598354,2010-08-20,High,16,102.50000,0.10,Regular Air,13.84,6.68,1.50
656,26693,335550,101792006,2010-08-21,Medium,44,2094.97800,0.06,Express Air,697.29,55.99,1.25
663,30883,30902,39086044,2010-08-21,Medium,30,201.37000,0.10,Regular Air,59.84,6.98,1.60
3778,40257,949076,17328667,2010-08-21,Not Specified,24,3201.16000,0.06,Regular Air,405.50,140.81,24.49
4511,31204,510087,10575811,2010-08-21,Low,14,215.52000,0.02,Regular Air,75.83,14.34,5.00
4698,45511,688094,103104706,2010-08-21,Low,31,951.31000,0.08,Delivery Truck,-1099.46,31.76,45.51
6249,31204,688400,10575811,2010-08-21,Low,8,10.46000,0.00,Regular Air,-0.89,1.14,0.70
6728,22053,269814,26154365,2010-08-21,Critical,32,563.08000,0.10,Regular Air,112.97,18.99,5.23
917,42950,444231,29527556,2010-08-22,High,38,1142.48500,0.09,Regular Air,303.40,35.99,1.25
4156,36480,209835,91785983,2010-08-22,Medium,44,1190.80000,0.07,Regular Air,502.49,28.53,1.49
5087,31238,689598,104919109,2010-08-22,Medium,21,7512.03000,0.09,Express Air,2017.64,363.25,19.99
1986,49831,131291,103724988,2010-08-23,Critical,18,274.32000,0.01,Regular Air,-58.24,15.14,4.53
3048,50470,479067,82716098,2010-08-23,Low,38,827.83000,0.09,Regular Air,-57.73,22.99,8.99
4260,11907,112415,70563874,2010-08-23,Low,45,4729.85000,0.03,Delivery Truck,2014.82,100.97,14.00
5273,45989,497806,69563791,2010-08-23,High,26,148.12000,0.08,Regular Air,-51.62,5.58,5.30
6388,10789,479758,13019151,2010-08-23,Not Specified,15,308.54000,0.00,Express Air,76.42,19.84,4.10
1040,11460,399302,73429118,2010-08-24,High,30,102.24000,0.09,Regular Air,37.79,3.69,0.50
1914,34209,1016325,91811409,2010-08-24,High,48,705.44000,0.04,Regular Air,165.90,14.20,5.30
2115,34562,1003701,43122374,2010-08-24,Low,19,365.64000,0.03,Regular Air,22.77,18.97,9.03
3465,42754,990993,64934778,2010-08-24,Critical,31,341.71000,0.04,Regular Air,32.19,10.98,5.14
3763,34562,737955,43122374,2010-08-24,Low,22,561.92000,0.10,Regular Air,57.82,28.38,1.99
4164,51879,240006,96413817,2010-08-24,Not Specified,26,1382.31000,0.03,Regular Air,372.26,51.94,19.99
5310,34209,389962,91811409,2010-08-24,High,29,1041.72000,0.03,Regular Air,437.61,35.44,4.92
5889,51879,410393,96413817,2010-08-24,Not Specified,46,991.36000,0.01,Regular Air,212.06,19.98,8.68
7636,10819,265285,73053407,2010-08-24,Critical,35,233.39000,0.06,Regular Air,-197.39,6.48,9.54
5950,14117,688400,59645894,2010-08-25,Not Specified,4,5.31000,0.00,Regular Air,-1.50,1.14,0.70
425,46375,477659,19360668,2010-08-26,Medium,16,1702.49900,0.08,Regular Air,162.11,125.99,5.26
751,28068,428422,15879065,2010-08-26,Low,23,631.99000,0.08,Regular Air,-43.96,27.48,4.00
1153,13767,771470,100481316,2010-08-26,High,45,1403.74100,0.01,Regular Air,622.25,35.99,3.30
1268,24007,480920,67755932,2010-08-26,Low,42,163.08000,0.09,Regular Air,66.17,4.13,0.50
1615,52933,943159,5890384,2010-08-26,Low,44,210.46000,0.03,Express Air,50.04,4.49,1.49
2897,48032,131291,20484349,2010-08-26,High,29,412.86000,0.07,Regular Air,-104.43,15.14,4.53
4152,13767,581262,100481316,2010-08-26,High,29,597.66000,0.08,Regular Air,-178.00,21.66,13.99
4153,13767,871061,100481316,2010-08-26,High,10,1246.36350,0.06,Regular Air,-339.11,155.99,8.99
4215,24007,116401,67755932,2010-08-26,Low,26,531.66000,0.08,Regular Air,135.65,20.89,1.99
4385,42947,118378,67857024,2010-08-26,Low,5,177.05000,0.00,Regular Air,-50.67,35.41,1.99
4535,48032,669077,20484349,2010-08-26,High,42,309.17000,0.09,Regular Air,-283.31,7.77,9.23
5942,24007,957636,67755932,2010-08-26,Low,28,317.85000,0.06,Regular Air,-13.95,11.58,6.97
7085,46375,940550,19360668,2010-08-26,Medium,24,905.32000,0.02,Regular Air,389.07,35.44,5.09
282,23362,709485,90097133,2010-08-27,Medium,45,852.05000,0.10,Regular Air,-20.60,19.98,10.49
883,32834,238390,13226298,2010-08-27,Critical,39,3460.56250,0.10,Regular Air,573.06,115.99,5.92
2785,37860,735084,29419859,2010-08-27,Medium,1,104.85000,0.07,Regular Air,-98.31,55.50,52.20
1520,31616,358060,25911898,2010-08-28,Critical,46,141.08000,0.04,Regular Air,36.96,3.08,0.99
2833,515,56825,26983125,2010-08-28,Not Specified,21,146.69000,0.05,Regular Air,4.43,6.64,4.95
3177,55200,280185,54537998,2010-08-28,Medium,4,649.23850,0.10,Regular Air,-830.72,205.99,2.79
4476,515,919940,26983125,2010-08-28,Not Specified,19,394.27000,0.08,Regular Air,30.94,21.78,5.94
5135,31239,315687,103043219,2010-08-28,Low,20,677.90000,0.05,Regular Air,196.36,33.98,1.99
6143,31616,272408,25911898,2010-08-28,Critical,45,182.70000,0.08,Regular Air,-156.41,4.24,5.41
6497,55200,800889,54537998,2010-08-28,Medium,33,505.08000,0.01,Regular Air,-56.91,15.15,10.13
7416,28769,136776,13788018,2010-08-28,Low,6,195.75000,0.02,Regular Air,-31.24,33.29,1.99
2514,39907,279720,40247213,2010-08-29,Low,12,378.84000,0.05,Regular Air,-99.38,30.73,4.00
2736,58595,643318,40318451,2010-08-29,High,41,812.21000,0.06,Express Air,-128.02,20.28,14.39
4134,9251,1083564,55032223,2010-08-29,Medium,38,3632.60000,0.00,Delivery Truck,-400.33,89.99,42.00
382,30372,680802,95816282,2010-08-30,High,1,14.40000,0.10,Regular Air,-7.39,12.22,2.85
658,44613,560855,22470862,2010-08-30,High,17,120.75100,0.03,Regular Air,-71.39,7.99,5.03
2166,12929,192660,17332515,2010-08-30,Critical,19,5297.47000,0.02,Delivery Truck,-158.93,270.98,50.00
2361,32229,56287,10181449,2010-08-30,High,8,1219.19000,0.02,Regular Air,44.37,150.98,13.99
2666,14597,516201,79954809,2010-08-30,Critical,41,320.42000,0.03,Express Air,-66.37,7.68,6.16
2930,34530,376545,49129535,2010-08-30,Low,22,1516.13000,0.06,Express Air,493.03,67.84,0.99
3998,32229,592380,10181449,2010-08-30,High,15,28.68000,0.00,Regular Air,-0.12,1.76,0.70
4571,34530,457455,49129535,2010-08-30,Low,38,612.49000,0.09,Regular Air,168.04,17.48,1.99
5528,12929,841268,17332515,2010-08-30,Critical,20,95.30000,0.00,Regular Air,29.68,4.48,1.22
6014,14597,1057069,79954809,2010-08-30,Critical,35,266.64000,0.07,Regular Air,-36.76,7.96,4.95
7179,44613,695399,22470862,2010-08-30,High,34,1911.69000,0.07,Regular Air,939.43,55.98,5.15
7180,44613,191428,22470862,2010-08-30,High,45,245.55000,0.03,Regular Air,-227.25,5.28,8.16
139,50882,1038283,92369283,2010-08-31,High,37,366.84000,0.08,Regular Air,-50.10,10.23,4.68
470,17542,533786,10407796,2010-08-31,Low,37,105.99000,0.01,Regular Air,43.37,2.88,0.50
7702,33634,563334,91212283,2010-08-31,Not Specified,40,271.34000,0.05,Regular Air,-151.92,6.48,7.86
178,47683,221283,16627071,2010-09-01,Low,38,81.97000,0.05,Regular Air,-148.80,1.98,4.77
371,45217,196617,47273840,2010-09-01,Not Specified,40,6789.92750,0.08,Regular Air,1864.66,200.99,4.20
645,17410,986755,45914050,2010-09-01,Low,5,284.67350,0.04,Express Air,-247.24,65.99,8.99
2191,17410,886452,85401643,2010-09-01,Low,45,372.01000,0.07,Regular Air,-203.68,8.45,7.77
6865,59939,701718,71514953,2010-09-01,Medium,42,130.96000,0.05,Regular Air,-66.74,3.14,1.92
5870,28064,479758,39400605,2010-09-02,Medium,43,856.45000,0.03,Regular Air,265.10,19.84,4.10
5871,28064,575546,39400605,2010-09-02,Medium,1,6.75000,0.08,Regular Air,-2.31,5.84,1.00
141,2055,789601,10374472,2010-09-03,Critical,7,66.41000,0.05,Regular Air,-32.35,8.74,8.29
3018,2593,648476,57458136,2010-09-03,High,5,2004.12000,0.10,Express Air,276.68,420.98,19.99
4427,16513,990587,23905406,2010-09-03,Critical,10,1642.43000,0.02,Delivery Truck,-423.20,150.89,60.20
4653,2593,188964,57458136,2010-09-03,High,15,3841.72000,0.03,Delivery Truck,691.13,243.98,43.32
7562,44005,690859,37575390,2010-09-03,Medium,7,733.36000,0.02,Regular Air,-270.48,99.99,19.99
1068,18145,314991,25602747,2010-09-04,Medium,21,361.98000,0.00,Regular Air,-55.61,15.99,9.40
1363,18145,375694,79954809,2010-09-04,Medium,47,270.32000,0.06,Regular Air,-47.15,5.81,3.37
2868,999,271693,58852314,2010-09-04,Low,6,583.64000,0.08,Regular Air,-179.50,95.43,19.99
4301,25952,138468,23169608,2010-09-04,High,50,2864.10050,0.03,Regular Air,697.82,65.99,8.99
5745,36295,255922,14751244,2010-09-04,Medium,10,278.10000,0.09,Regular Air,68.10,30.56,2.99
848,9639,567704,64444841,2010-09-05,Not Specified,23,2610.89400,0.00,Regular Air,516.19,125.99,5.63
850,9639,871664,64444841,2010-09-05,Not Specified,11,43.57000,0.09,Regular Air,6.70,4.13,0.99
3236,36449,246243,26729175,2010-09-05,Not Specified,43,927.82000,0.02,Regular Air,255.03,20.24,6.67
3682,27843,391118,75234630,2010-09-05,Medium,26,139.61000,0.01,Regular Air,-92.04,4.89,4.93
3970,9639,870163,64444841,2010-09-05,Not Specified,47,1124.30000,0.10,Delivery Truck,-335.22,25.98,14.36
6528,36449,568048,26729175,2010-09-05,Not Specified,27,123.37000,0.09,Regular Air,-6.69,4.71,0.70
6645,36449,452225,40923657,2010-09-05,Not Specified,6,90.75000,0.02,Regular Air,-26.39,12.99,14.37
1051,31872,746721,94803589,2010-09-06,Low,34,2833.19000,0.06,Express Air,1409.87,83.98,5.01
1420,50054,930660,8553190,2010-09-06,Not Specified,50,5369.46000,0.00,Regular Air,1370.26,99.99,19.99
2692,50054,775181,8553190,2010-09-06,Not Specified,41,1439.96000,0.02,Regular Air,182.46,33.29,8.74
4079,31872,948291,94803589,2010-09-06,Low,30,4452.65000,0.09,Delivery Truck,-265.12,159.31,60.00
7665,5702,690859,52863444,2010-09-06,Not Specified,20,2039.39000,0.01,Regular Air,199.73,99.99,19.99
7771,24806,352478,30535909,2010-09-06,Not Specified,20,112.03000,0.05,Regular Air,-57.99,5.18,5.74
185,11014,547380,21462074,2010-09-07,High,39,286.81000,0.07,Regular Air,110.05,7.64,1.39
1772,27876,400178,95928627,2010-09-07,Low,44,777.63000,0.03,Regular Air,-70.54,16.99,8.99
2277,58241,207567,79423257,2010-09-07,Critical,36,146.71000,0.01,Regular Air,38.63,4.00,1.30
2778,11014,445951,49819071,2010-09-07,High,13,158.79000,0.05,Regular Air,1.16,11.70,5.63
3112,29894,556506,57583255,2010-09-07,Low,43,606.98000,0.05,Regular Air,21.08,13.73,6.85
3918,58241,238464,79423257,2010-09-07,Critical,36,475.92000,0.05,Regular Air,-95.30,12.88,4.59
7759,29894,904715,57583255,2010-09-07,Low,48,301.62000,0.09,Regular Air,-162.54,6.68,6.92
1262,17666,865125,87106625,2010-09-08,Medium,11,141.07000,0.08,Regular Air,-5.10,12.98,3.14
2588,17666,207567,87106625,2010-09-08,Medium,19,82.56000,0.01,Regular Air,21.74,4.00,1.30
5218,35777,330665,18270898,2010-09-08,Critical,35,136.72000,0.09,Regular Air,5.91,4.13,1.23
769,6720,656848,79423257,2010-09-09,Not Specified,8,53.89000,0.01,Regular Air,17.63,6.30,0.50
3920,6720,764509,79423257,2010-09-09,Not Specified,36,4225.77000,0.08,Delivery Truck,-1393.69,120.98,58.64
4944,50756,647762,7424686,2010-09-09,Not Specified,19,470.39000,0.08,Regular Air,-147.99,26.31,5.89
5069,59428,620553,49065676,2010-09-09,High,36,3602.12000,0.05,Delivery Truck,-728.18,100.98,45.00
5070,59428,768272,49065676,2010-09-09,High,43,1174.94000,0.02,Regular Air,-125.79,27.42,19.46
6652,50756,459865,7424686,2010-09-09,Not Specified,2,15.04000,0.02,Regular Air,-6.12,7.31,0.49
7222,6720,352478,79423257,2010-09-09,Not Specified,31,164.62000,0.03,Regular Air,-93.71,5.18,5.74
1694,36800,681809,89092013,2010-09-10,High,4,58.44000,0.05,Express Air,-7.04,10.89,4.50
2049,36448,614969,48698759,2010-09-10,Medium,44,964.09000,0.02,Regular Air,105.37,22.01,5.53
3267,50209,559984,23436088,2010-09-10,High,34,1863.02000,0.03,Express Air,823.26,55.48,6.79
4530,52448,318701,68205763,2010-09-10,Not Specified,22,6767.43000,0.05,Delivery Truck,803.48,320.98,58.95
4817,50209,326842,23436088,2010-09-10,High,2,53.30000,0.00,Regular Air,-46.20,20.89,11.52
5629,9796,491548,55426523,2010-09-10,Critical,29,1222.59000,0.02,Regular Air,501.99,40.97,1.99
7071,36448,827242,48698759,2010-09-10,Medium,6,36.65000,0.03,Regular Air,0.43,6.08,0.91
7161,18213,267787,88328172,2010-09-10,Medium,29,1111.23000,0.10,Regular Air,21.60,40.99,19.99
2082,35141,442073,77418915,2010-09-11,Medium,29,2046.81000,0.02,Regular Air,469.28,67.28,19.99
5427,6115,607634,45168399,2010-09-11,Medium,25,409.08000,0.10,Regular Air,78.86,17.78,5.03
1671,21862,707930,93660979,2010-09-12,Not Specified,46,385.05000,0.00,Regular Air,56.75,8.14,3.12
2886,21862,962312,93660979,2010-09-12,Not Specified,1,28.75000,0.09,Express Air,-14.35,14.27,7.27
6265,21862,147664,93660979,2010-09-12,Not Specified,4,19014.24000,0.06,Regular Air,-10263.66,6783.02,24.49
6318,52102,361692,78118572,2010-09-12,Medium,8,104.27000,0.03,Regular Air,-23.61,11.97,5.81
6734,26276,637817,42923007,2010-09-12,Low,19,20329.80000,0.00,Regular Air,9224.10,999.99,13.99
6769,26276,724251,95323982,2010-09-12,Low,21,3685.38000,0.00,Express Air,1040.62,170.98,13.99
547,6848,89922,16060471,2010-09-13,High,22,116.84000,0.10,Regular Air,-125.44,5.40,7.78
1131,15303,640076,57533478,2010-09-13,Critical,21,101.13000,0.02,Regular Air,-74.41,4.54,5.83
1134,36673,367450,90627052,2010-09-13,Low,20,984.63150,0.00,Regular Air,-129.14,55.99,5.00
2451,46599,931500,81380802,2010-09-13,Not Specified,4,284.00000,0.01,Express Air,208.31,62.18,10.84
4139,15303,475524,57533478,2010-09-13,Critical,18,526.45000,0.02,Regular Air,-108.14,28.48,8.99
7097,22882,764895,69981415,2010-09-13,Critical,10,71.24000,0.03,Regular Air,2.78,6.69,3.10
225,1542,196600,73966703,2010-09-14,Medium,47,2150.25000,0.06,Regular Air,586.93,48.58,3.99
471,28033,955858,34141840,2010-09-14,High,18,127.56000,0.01,Regular Air,-57.11,6.60,4.07
1181,31040,416583,97850819,2010-09-14,Not Specified,19,545.71000,0.10,Regular Air,-35.47,29.74,6.64
2097,28033,507788,34141840,2010-09-14,High,16,2826.90000,0.07,Delivery Truck,337.29,180.98,26.20
3072,41059,962312,94228765,2010-09-14,Medium,26,363.16000,0.08,Express Air,3.92,14.27,7.27
3751,28033,542007,34141840,2010-09-14,High,37,7834.77000,0.04,Delivery Truck,297.79,216.60,64.20
4165,31040,868096,97850819,2010-09-14,Not Specified,23,872.97000,0.10,Regular Air,-22.63,39.98,4.00
4705,41059,757246,94228765,2010-09-14,Medium,21,128.86000,0.00,Express Air,24.53,5.84,1.20
5347,1542,316838,73966703,2010-09-14,Medium,13,448.00000,0.08,Regular Air,27.20,35.51,6.31
6440,41059,871182,94228765,2010-09-14,Medium,45,12571.63000,0.09,Regular Air,5455.96,300.98,13.99
1462,3104,751450,97151439,2010-09-15,Medium,24,380.38000,0.06,Express Air,7.29,15.94,5.45
3566,20517,933643,48076280,2010-09-15,Low,39,116.63000,0.03,Regular Air,6.81,2.94,0.96
4445,7968,515830,28799558,2010-09-15,Low,10,1449.21000,0.06,Delivery Truck,-270.00,150.98,30.00
5503,23328,399912,96628821,2010-09-15,High,39,5740.32000,0.03,Delivery Truck,1285.74,145.45,17.85
6442,23168,472903,63444550,2010-09-15,Low,46,23949.51000,0.00,Express Air,-1312.84,499.99,24.49
7522,3104,467344,97151439,2010-09-15,Medium,50,336.06000,0.01,Regular Air,-240.78,6.48,8.88
209,40512,321823,98185921,2010-09-17,Medium,41,405.83000,0.06,Regular Air,178.86,9.90,1.39
1012,22212,207983,25362542,2010-09-17,Medium,19,116.22000,0.01,Regular Air,26.89,5.98,1.49
1034,50692,491105,31001244,2010-09-17,High,47,5606.91000,0.06,Delivery Truck,-300.85,124.49,51.94
2161,25254,231361,91844273,2010-09-17,Critical,35,299.68000,0.06,Regular Air,-29.36,8.85,5.60
2433,50692,990993,31001244,2010-09-17,High,28,327.95000,0.00,Regular Air,43.68,10.98,5.14
3813,15335,318385,28609672,2010-09-17,Medium,26,765.96000,0.10,Regular Air,240.06,31.78,1.99
4913,59559,510087,21255162,2010-09-17,Critical,30,397.17000,0.10,Express Air,7.69,14.34,5.00
5054,47527,188964,17604431,2010-09-17,Medium,48,12072.90000,0.04,Delivery Truck,3064.51,243.98,43.32
5224,36099,116812,67565029,2010-09-17,Low,32,85.49000,0.08,Regular Air,5.72,2.88,0.70
6767,36099,462054,67565029,2010-09-17,Low,15,926.30000,0.09,Regular Air,-503.80,64.65,35.00
6900,36005,382748,22836729,2010-09-17,Low,1,29.65000,0.05,Express Air,-16.54,14.98,7.69
7413,23842,904715,25165064,2010-09-17,Low,20,127.16000,0.10,Regular Air,-74.03,6.68,6.92
1253,20966,436896,13788018,2010-09-18,Low,10,39.42000,0.06,Regular Air,7.78,3.85,0.70
2585,20966,507264,13788018,2010-09-18,Low,22,1194.06000,0.04,Regular Air,326.97,54.74,14.83
5920,49155,538394,49950601,2010-09-18,Low,22,3760.30650,0.05,Regular Air,593.18,195.99,8.99
7417,20966,937092,13788018,2010-09-18,Low,35,801.44000,0.01,Regular Air,308.12,22.24,1.99
766,45863,192952,79423257,2010-09-19,Low,5,845.61400,0.01,Express Air,-653.49,195.99,4.20
794,358,851117,34201014,2010-09-19,High,33,1235.87000,0.07,Regular Air,269.27,39.48,1.99
817,21249,196600,102118415,2010-09-19,Low,22,1082.80000,0.02,Regular Air,299.35,48.58,3.99
1802,53314,95746,29595885,2010-09-19,High,15,2236.15000,0.05,Delivery Truck,-310.95,145.98,51.92
2318,55654,168172,70937265,2010-09-19,High,2,17.30000,0.04,Regular Air,-7.49,6.98,2.83
3395,8000,995197,30770816,2010-09-19,Low,10,149.25000,0.08,Regular Air,-26.81,15.01,8.40
3933,358,575569,34201014,2010-09-19,High,33,1640.90000,0.02,Delivery Truck,-1348.06,48.58,54.11
4618,53314,206992,29595885,2010-09-19,High,33,2667.92000,0.01,Regular Air,1049.02,78.69,19.99
4860,18215,287107,40929835,2010-09-19,Medium,29,965.82000,0.09,Regular Air,169.15,34.99,5.50
4925,4612,242307,59879672,2010-09-19,Medium,9,89.55000,0.06,Regular Air,-375.64,4.48,49.00
5692,21249,434079,102118415,2010-09-19,Low,7,1260.20150,0.03,Regular Air,-523.00,205.99,8.99
7851,8000,276012,30770816,2010-09-19,Low,1,10.14000,0.04,Regular Air,-7.61,4.82,5.24
2021,27745,779048,79337791,2010-09-20,Low,41,6126.93000,0.01,Delivery Truck,-1704.89,146.05,80.20
3687,46725,757246,75322156,2010-09-20,Not Specified,13,80.00000,0.03,Regular Air,10.96,5.84,1.20
4976,14529,1083564,64261965,2010-09-20,Low,44,3819.42000,0.10,Delivery Truck,-821.87,89.99,42.00
4978,14529,344017,64261965,2010-09-20,Low,42,208.78000,0.05,Regular Air,24.87,5.08,2.03
5424,46725,203328,75322156,2010-09-20,Not Specified,8,137.42000,0.04,Regular Air,-24.86,16.91,6.25
5458,41574,361692,3285755,2010-09-20,High,23,283.82000,0.01,Regular Air,-38.94,11.97,5.81
6569,23906,945371,41191887,2010-09-20,Critical,37,321.02000,0.10,Express Air,-11.88,8.67,3.50
2717,17286,192660,75566934,2010-09-21,High,7,1810.67000,0.09,Delivery Truck,-541.87,270.98,50.00
3036,30851,361951,39007820,2010-09-21,Low,16,336.29000,0.08,Regular Air,-52.14,21.38,8.99
3619,35652,924506,9043071,2010-09-21,Low,21,2251.56000,0.01,Delivery Truck,226.63,100.98,26.22
6167,45957,334736,82540287,2010-09-21,Critical,19,147.39000,0.08,Regular Air,-30.92,7.64,5.83
6581,11780,761908,17356345,2010-09-21,Critical,7,54.23000,0.08,Regular Air,-16.46,7.28,5.47
7575,45957,982190,82540287,2010-09-21,Critical,20,759.84000,0.06,Regular Air,162.83,39.24,1.99
7935,25056,1017940,16637514,2010-09-21,Not Specified,41,295.12000,0.00,Regular Air,-151.93,6.48,8.19
646,17988,986755,44297353,2010-09-22,Low,46,2660.61050,0.03,Regular Air,618.07,65.99,8.99
789,1863,682640,74780468,2010-09-22,Not Specified,26,2415.38000,0.08,Delivery Truck,-1131.60,95.95,74.35
3176,42565,820841,54537998,2010-09-22,Low,33,283.80000,0.04,Regular Air,47.52,8.69,2.99
201,36773,746721,81843446,2010-09-23,Not Specified,24,2048.78000,0.05,Regular Air,994.68,83.98,5.01
3451,2631,529619,65989311,2010-09-23,Low,27,1078.49000,0.08,Regular Air,252.66,40.96,1.99
5509,29504,248300,21396956,2010-09-23,Not Specified,20,1485.06000,0.04,Delivery Truck,25.32,70.98,26.85
6347,33763,472903,20282629,2010-09-23,Not Specified,23,10791.38000,0.08,Regular Air,-234.79,499.99,24.49
6413,41351,240546,74374530,2010-09-23,Not Specified,48,8273.27950,0.08,Regular Air,2461.31,205.99,8.99
7114,29504,600953,21396956,2010-09-23,Not Specified,34,1211.18000,0.10,Regular Air,208.40,38.76,13.26
7688,32455,690859,30238656,2010-09-23,High,43,4620.53000,0.00,Regular Air,1025.23,99.99,19.99
54,5543,585679,14649835,2010-09-24,Medium,27,67.30000,0.02,Regular Air,-115.38,2.18,5.00
55,5543,196600,14649835,2010-09-24,Medium,15,703.54000,0.04,Regular Air,138.46,48.58,3.99
1327,40103,91978,64147312,2010-09-24,Not Specified,7,353.02000,0.00,Regular Air,72.55,46.89,5.10
3842,41508,528974,27976227,2010-09-24,High,39,18561.31000,0.05,Delivery Truck,4822.42,500.98,26.00
4726,28832,996963,55010642,2010-09-24,Medium,46,1500.84000,0.10,Express Air,91.56,35.89,14.72
5251,5543,1023942,14649835,2010-09-24,Medium,6,65.93000,0.04,Regular Air,11.06,10.31,1.79
5353,27654,219855,73316576,2010-09-24,High,12,94.83000,0.02,Regular Air,29.87,7.64,1.39
5485,57344,632964,103235308,2010-09-24,High,47,1060.06050,0.10,Regular Air,-71.03,28.99,8.59
6461,28832,914855,55010642,2010-09-24,Medium,45,98.64000,0.03,Regular Air,-9.36,2.08,1.49
7820,51814,996641,28062620,2010-09-24,Critical,13,104.51000,0.04,Regular Air,-9.28,7.84,4.71
459,33505,490866,61746358,2010-09-25,Low,35,2463.24050,0.07,Express Air,310.57,85.99,10.78
821,17858,564279,7871269,2010-09-25,Medium,21,187.14000,0.02,Regular Air,21.07,8.33,1.99
2085,33505,207567,61746358,2010-09-25,Low,32,117.78000,0.09,Regular Air,20.82,4.00,1.30
5693,17858,805551,7871269,2010-09-25,Medium,46,1048.39000,0.06,Express Air,206.56,22.98,7.58
6108,773,623868,14291205,2010-09-25,Medium,38,2071.33950,0.06,Regular Air,324.93,65.99,8.99
7560,10657,307544,74510177,2010-09-25,Medium,44,289.94000,0.07,Regular Air,-102.19,6.48,6.22
216,57477,988535,21909421,2010-09-26,High,45,3086.51150,0.08,Regular Air,1560.96,85.99,2.50
217,57477,923574,21909421,2010-09-26,High,50,745.48000,0.02,Regular Air,119.12,14.56,3.50
673,416,246671,57407328,2010-09-26,Low,20,1156.67150,0.01,Express Air,88.52,65.99,7.69
840,18597,643923,106488141,2010-09-26,Medium,37,101.20000,0.10,Regular Air,38.58,2.88,0.50
1713,39238,639682,26802505,2010-09-26,Critical,9,373.48000,0.10,Express Air,112.06,40.98,2.99
2495,30884,779048,25562063,2010-09-26,Low,6,763.44800,0.05,Delivery Truck,-352.96,146.05,80.20
2624,6753,56825,12009006,2010-09-26,Low,7,53.14000,0.04,Regular Air,14.57,6.64,4.95
3573,53381,694506,39049481,2010-09-26,Critical,26,287.43000,0.01,Regular Air,37.90,10.98,4.80
3674,37925,419790,88815489,2010-09-26,Medium,46,3780.16000,0.10,Delivery Truck,1265.82,90.97,14.00
4121,22661,115501,69306501,2010-09-26,Not Specified,11,18.26000,0.05,Regular Air,-3.89,1.68,0.70
5403,37925,967595,88815489,2010-09-26,Medium,31,1784.04800,0.05,Regular Air,394.45,65.99,3.99
6482,14950,325508,67300487,2010-09-26,Low,48,525.00000,0.03,Regular Air,63.50,10.48,2.89
4701,39140,140526,56692640,2010-09-27,Low,26,2268.91000,0.02,Delivery Truck,-624.29,81.94,55.81
6071,15906,119069,101893757,2010-09-27,Low,8,2174.96000,0.05,Delivery Truck,-223.89,264.98,17.86
796,34979,851117,49260132,2010-09-28,Critical,15,609.97000,0.00,Regular Air,62.93,39.48,1.99
1858,3745,592044,94530777,2010-09-28,Low,38,1143.35000,0.04,Express Air,411.10,29.18,8.55
1981,42690,648476,104516246,2010-09-28,Low,44,18697.24000,0.02,Regular Air,8918.74,420.98,19.99
5357,42690,331004,104516246,2010-09-28,Low,48,786.13000,0.04,Regular Air,-236.12,16.74,7.04
143,37829,789601,51874025,2010-09-29,Not Specified,28,257.90000,0.00,Regular Air,-84.69,8.74,8.29
3580,45347,1005949,91811409,2010-09-29,Medium,41,24051.49000,0.07,Express Air,9791.04,599.99,24.49
4213,59008,419790,76208299,2010-09-29,Critical,39,3451.85000,0.05,Delivery Truck,1264.75,90.97,14.00
4471,34244,463313,104393625,2010-09-29,Low,25,205.30000,0.00,Express Air,-89.56,7.37,5.53
4472,34244,318385,104393625,2010-09-29,Low,4,125.70000,0.04,Regular Air,-62.77,31.78,1.99
4586,32998,34354,86531956,2010-09-29,Not Specified,13,1663.83000,0.10,Delivery Truck,-484.64,130.98,54.74
4681,29445,499951,10128489,2010-09-29,High,28,2531.35000,0.09,Delivery Truck,415.55,90.97,28.00
5085,10563,135273,51927660,2010-09-29,Critical,38,10223.19000,0.08,Regular Air,2723.31,289.53,19.99
5309,45347,751161,91811409,2010-09-29,Medium,10,8704.08000,0.05,Delivery Truck,1034.54,880.98,44.55
7916,10563,1044002,51927660,2010-09-29,Critical,50,312.42000,0.08,Regular Air,-90.42,6.48,5.40
4791,7457,855099,64666110,2010-09-30,Not Specified,46,548.11000,0.04,Regular Air,124.24,11.55,2.36
5073,41187,245427,50327280,2010-09-30,Low,9,52.93000,0.00,Regular Air,5.34,5.58,0.70
6525,7457,954683,64666110,2010-09-30,Not Specified,36,2300.45000,0.02,Regular Air,624.64,60.98,19.99
6708,7489,608341,101231204,2010-09-30,Critical,38,6900.13000,0.01,Delivery Truck,552.97,180.98,23.58
7240,24710,584472,15087878,2010-09-30,Low,3,22.06000,0.05,Regular Air,-15.60,4.98,7.44
7390,16741,384417,45692573,2010-09-30,Medium,6,157.97000,0.01,Regular Air,-42.38,22.84,16.87
7912,41187,672421,50327280,2010-09-30,Low,25,145.13000,0.03,Regular Air,-42.45,5.78,4.96
4123,42375,1084658,72854769,2010-10-01,High,45,138.45000,0.03,Express Air,24.34,2.94,0.70
7579,14535,852845,28799558,2010-10-01,Not Specified,22,245.96000,0.03,Regular Air,-33.82,11.29,5.03
1835,37127,704553,57458136,2010-10-02,High,19,178.44000,0.03,Regular Air,50.13,9.11,2.15
3191,5764,515586,60748072,2010-10-02,Not Specified,23,193.79000,0.02,Regular Air,-117.16,8.04,8.94
3952,57984,1005949,70937265,2010-10-02,High,20,11829.40000,0.07,Regular Air,3899.72,599.99,24.49
3953,57984,630917,70937265,2010-10-02,High,6,192.99000,0.07,Express Air,-123.37,30.97,4.00
7692,35686,1039422,34181262,2010-10-02,High,48,313.52000,0.05,Regular Air,-254.68,6.48,9.17
3412,49764,567128,10166893,2010-10-03,Low,37,395.37000,0.07,Express Air,17.15,10.98,3.37
5341,57478,864642,98185921,2010-10-03,Critical,36,63.53000,0.10,Regular Air,-2.51,1.88,0.79
6012,35426,1023942,71417179,2010-10-03,High,5,53.01000,0.08,Regular Air,3.85,10.31,1.79
6561,52292,905242,79708464,2010-10-03,Not Specified,18,2379.15000,0.06,Delivery Truck,-261.77,130.98,30.00
6788,24260,607882,88389057,2010-10-03,Not Specified,48,548.30000,0.09,Express Air,-47.92,11.97,4.98
1192,57475,368543,102020359,2010-10-04,Low,32,167.07000,0.04,Regular Air,-93.23,4.91,5.68
2382,55969,835973,45307458,2010-10-04,Medium,37,2329.40000,0.08,Regular Air,189.77,64.98,6.88
2464,54563,116706,75793638,2010-10-04,Critical,24,523.56000,0.01,Regular Air,43.87,20.24,8.99
2551,57475,166184,102020359,2010-10-04,Low,34,554.88000,0.06,Regular Air,-145.33,15.99,13.18
6540,30150,845743,91220663,2010-10-04,Critical,30,443.46000,0.06,Regular Air,193.12,15.57,1.39
7393,57475,655557,102020359,2010-10-04,Low,48,309.65000,0.04,Regular Air,-79.81,6.54,5.27
7394,57475,160229,102020359,2010-10-04,Low,24,152.37000,0.09,Regular Air,-76.53,6.48,6.60
4007,56099,680591,56549626,2010-10-05,Low,6,96.03000,0.10,Regular Air,-59.39,15.70,11.25
5738,56099,864079,56549626,2010-10-05,Low,11,122.35000,0.02,Regular Air,-13.55,10.98,3.99
753,55235,594736,96392681,2010-10-06,Low,33,2532.61750,0.00,Regular Air,730.51,85.99,2.79
1004,40194,753117,9969848,2010-10-06,Not Specified,34,1094.91050,0.02,Regular Air,-112.12,35.99,5.00
4052,40194,1048806,9969848,2010-10-06,Not Specified,16,2110.37000,0.00,Delivery Truck,-14.42,119.99,56.14
5044,14081,603630,64537698,2010-10-06,High,31,1476.12000,0.03,Delivery Truck,-1401.17,44.43,46.59
5778,40194,953470,9969848,2010-10-06,Not Specified,30,4506.85000,0.10,Delivery Truck,290.66,160.98,30.00
6475,23046,836171,83808705,2010-10-06,Critical,33,292.75000,0.08,Regular Air,93.33,8.95,2.01
6950,33600,857575,17033987,2010-10-06,Low,42,187.28000,0.06,Regular Air,-94.36,4.28,4.79
6982,20192,403940,21703579,2010-10-06,Low,35,1624.67000,0.04,Regular Air,504.35,45.19,1.99
1463,34246,930660,61874205,2010-10-07,Critical,18,1888.02000,0.03,Regular Air,192.33,99.99,19.99
2605,27974,754038,65628978,2010-10-07,High,27,306.02000,0.08,Regular Air,-6.70,12.07,6.20
2715,34246,392324,61874205,2010-10-07,Critical,49,199.86000,0.03,Regular Air,-257.11,4.06,6.89
3913,27974,677142,83020097,2010-10-07,High,31,813.41000,0.09,Express Air,284.65,28.48,1.99
5902,8933,805551,53947199,2010-10-07,High,30,688.02000,0.06,Regular Air,154.99,22.98,7.58
5959,27974,703917,65628978,2010-10-07,High,35,897.42000,0.08,Regular Air,127.17,26.64,5.30
6085,34246,957636,61874205,2010-10-07,Critical,27,322.69000,0.01,Regular Air,1.91,11.58,6.97
7395,8933,464694,53947199,2010-10-07,High,37,1520.26000,0.04,Regular Air,640.84,42.80,2.99
7986,16194,412186,43111170,2010-10-07,Not Specified,24,2435.51350,0.08,Regular Air,315.49,125.99,4.20
485,52641,364705,6767935,2010-10-08,Not Specified,6,834.21550,0.02,Regular Air,-449.42,155.99,8.08
872,32519,681809,80369893,2010-10-08,Low,8,85.36000,0.09,Regular Air,-23.82,10.89,4.50
3676,17568,536153,79337791,2010-10-08,Not Specified,31,512.87000,0.00,Regular Air,170.69,16.48,1.99
3966,7619,457455,98758480,2010-10-08,Not Specified,8,141.77000,0.02,Regular Air,-24.48,17.48,1.99
4367,47360,1083564,34851166,2010-10-08,Not Specified,25,2200.64000,0.05,Delivery Truck,-514.18,89.99,42.00
1816,48452,746518,97666712,2010-10-09,High,28,43.66000,0.04,Regular Air,5.77,1.48,0.70
1996,5350,689019,27242353,2010-10-09,Low,50,7017.42000,0.08,Regular Air,595.20,140.85,19.99
2426,20545,622193,13158064,2010-10-09,Not Specified,1,361.94000,0.05,Delivery Truck,-163.58,284.98,69.55
3000,48452,594094,97666712,2010-10-09,High,44,185.32000,0.03,Regular Air,-192.56,4.18,6.92
3521,5350,1012577,45311141,2010-10-09,Low,39,434.73000,0.03,Regular Air,-12.20,11.33,6.12
4065,20545,690604,13158064,2010-10-09,Not Specified,40,2894.68000,0.02,Regular Air,-1754.39,71.37,69.00
4635,48452,526018,97666712,2010-10-09,High,32,1859.01000,0.09,Delivery Truck,-588.90,60.98,30.00
4649,20868,314204,99519941,2010-10-09,Low,9,1609.19000,0.03,Regular Air,188.91,178.47,19.99
4685,44450,457455,15239298,2010-10-09,Critical,14,243.23000,0.07,Regular Air,35.33,17.48,1.99
6297,55136,766319,54239905,2010-10-09,Critical,29,134.68000,0.10,Regular Air,-66.46,4.98,4.70
6399,48452,985540,97666712,2010-10-09,High,15,73.41000,0.08,Regular Air,-44.79,4.91,4.97
6400,48452,287133,97666712,2010-10-09,High,19,1781.11000,0.10,Regular Air,51.44,99.99,19.99
6428,44450,977308,15239298,2010-10-09,Critical,24,1326.51000,0.03,Regular Air,58.17,65.99,8.99
6681,10147,272408,7452837,2010-10-09,High,22,96.75000,0.04,Regular Air,-72.91,4.24,5.41
7318,20545,645110,13158064,2010-10-09,Not Specified,31,1276.04000,0.02,Regular Air,554.95,40.99,5.86
3429,42529,338935,48835684,2010-10-10,Low,48,2996.93000,0.04,Regular Air,1060.87,60.22,3.50
4533,4455,725611,58941026,2010-10-10,Medium,39,279.29000,0.07,Regular Air,14.15,7.59,4.00
4915,42529,951158,48835684,2010-10-10,Low,2,6.34000,0.08,Regular Air,-4.44,2.78,0.97
5095,9860,991205,101231204,2010-10-10,Critical,43,319.69000,0.00,Regular Air,-73.66,7.28,3.52
5440,52800,704958,57347993,2010-10-10,Not Specified,13,26.08000,0.10,Regular Air,-27.29,1.86,2.58
6389,47460,853927,13019151,2010-10-10,Critical,12,31.60000,0.10,Regular Air,-3.64,2.84,0.93
7420,42529,414906,25715035,2010-10-10,Low,8,57.15000,0.03,Regular Air,-33.95,5.98,7.50
1784,22469,560855,83294535,2010-10-11,High,44,275.91000,0.10,Regular Air,-162.37,7.99,5.03
2076,47972,742923,3285755,2010-10-11,Medium,46,7685.62000,0.02,Express Air,1952.15,165.20,19.99
2341,22469,179381,64790573,2010-10-11,High,24,1482.81000,0.03,Regular Air,-678.63,60.98,49.00
3981,22469,116703,64790573,2010-10-11,High,23,6693.28000,0.02,Regular Air,40.32,290.98,69.00
4683,17952,540818,82716098,2010-10-11,Medium,28,430.13000,0.02,Regular Air,2.33,14.42,6.75
755,57314,594736,76497937,2010-10-12,Low,26,1976.39450,0.00,Regular Air,473.36,85.99,2.79
1523,34849,480920,3837643,2010-10-12,Critical,3,11.76000,0.10,Regular Air,-2.83,4.13,0.50
3298,40259,403305,85700248,2010-10-12,Medium,4,29.05000,0.08,Express Air,-20.90,4.98,4.32
3631,7559,242307,4221093,2010-10-12,Critical,9,90.37000,0.05,Regular Air,-374.82,4.48,49.00
4456,7015,728530,35123748,2010-10-12,Not Specified,47,1880.80000,0.07,Regular Air,775.88,40.98,1.99
5021,37410,366386,97004664,2010-10-12,Medium,45,18775.76000,0.03,Delivery Truck,8504.47,400.97,48.26
5652,57314,455222,76497937,2010-10-12,Low,22,846.35000,0.04,Express Air,341.53,37.94,5.08
6145,34849,98988,3837643,2010-10-12,Critical,3,1192.93000,0.07,Regular Air,-434.81,419.19,19.99
6199,7015,973228,35123748,2010-10-12,Not Specified,42,7143.92700,0.02,Express Air,2374.73,195.99,4.20
7556,34849,279111,3837643,2010-10-12,Critical,22,100.13000,0.08,Regular Air,19.77,4.73,1.52
2664,26401,648476,33819770,2010-10-13,Medium,1,415.00000,0.07,Regular Air,-199.31,420.98,19.99
3315,3,552086,80476389,2010-10-13,Low,6,261.54000,0.04,Regular Air,-213.25,38.94,35.00
3771,13440,687259,56266301,2010-10-13,Not Specified,22,971.82000,0.07,Regular Air,326.39,43.98,1.99
1648,42467,877669,30028735,2010-10-14,High,10,238.88000,0.01,Regular Air,-48.21,22.38,15.10
1649,42467,145931,30028735,2010-10-14,High,39,1235.29000,0.00,Express Air,53.63,30.98,6.50
5627,49986,853927,79221218,2010-10-14,Critical,39,110.36000,0.05,Regular Air,8.60,2.84,0.93
6243,42467,538394,30028735,2010-10-14,High,12,1928.32700,0.09,Regular Air,-253.37,195.99,8.99
6355,14402,953470,48962730,2010-10-14,Medium,1,184.46000,0.05,Delivery Truck,-106.33,160.98,30.00
1183,31492,416583,45692573,2010-10-15,Critical,34,971.95000,0.09,Express Air,-21.10,29.74,6.64
2542,31492,271693,45692573,2010-10-15,Critical,23,2149.03000,0.03,Regular Air,-235.56,95.43,19.99
3038,30023,361951,26871525,2010-10-15,Low,36,840.24000,0.00,Regular Air,19.73,21.38,8.99
4674,30023,366386,26871525,2010-10-15,Low,28,10253.75000,0.10,Delivery Truck,3256.81,400.97,48.26
4786,50307,457455,50446311,2010-10-15,Low,31,536.83000,0.06,Regular Air,161.37,17.48,1.99
5893,31492,607882,45692573,2010-10-15,Critical,26,321.68000,0.04,Regular Air,-12.25,11.97,4.98
6871,30023,674377,31325721,2010-10-15,Low,14,157.33000,0.10,Regular Air,-76.34,11.35,8.60
7793,50307,385812,50446311,2010-10-15,Low,32,1734.31000,0.06,Express Air,647.25,54.96,10.75
39,13476,368543,78224739,2010-10-16,Not Specified,47,231.29000,0.09,Express Air,-147.86,4.91,5.68
466,325,217058,75540073,2010-10-16,Low,9,884.12750,0.06,Regular Air,-178.71,115.99,4.23
2192,13476,279720,85401643,2010-10-16,Not Specified,31,972.35000,0.05,Regular Air,10.96,30.73,4.00
2718,41826,532104,81466627,2010-10-16,Medium,4,63.93000,0.03,Express Air,40.63,9.77,6.02
2955,41826,104120,84747948,2010-10-16,Medium,2,570.98000,0.05,Delivery Truck,-340.48,258.98,54.31
3843,13476,993502,45914050,2010-10-16,Not Specified,3,173.33000,0.09,Regular Air,-121.39,52.99,19.99
4745,22912,518671,54281706,2010-10-16,Low,33,10168.23000,0.03,Express Air,4141.80,304.99,19.99
5417,51584,285357,65181272,2010-10-17,Critical,48,5620.20000,0.01,Delivery Truck,176.04,110.98,30.00
1612,31301,816179,104393625,2010-10-18,Low,31,109.78000,0.06,Regular Air,43.77,3.75,0.50
2140,54146,529619,9725401,2010-10-18,Low,3,124.75000,0.06,Regular Air,-112.64,40.96,1.99
2952,54467,392324,70199009,2010-10-18,Low,17,74.83000,0.08,Regular Air,-83.71,4.06,6.89
4594,54467,344017,70199009,2010-10-18,Low,30,146.72000,0.06,Regular Air,18.26,5.08,2.03
6353,54467,957636,70199009,2010-10-18,Low,37,436.67000,0.06,Regular Air,51.91,11.58,5.72
3390,48963,430772,76435482,2010-10-19,Not Specified,12,81.87000,0.07,Regular Air,-31.14,6.48,5.94
6393,55297,410393,17497455,2010-10-19,Medium,29,566.66000,0.10,Regular Air,60.59,19.98,8.68
6931,24903,905789,58046234,2010-10-19,Low,33,1646.47000,0.05,Regular Air,743.59,48.91,5.81
3861,14086,34354,55790716,2010-10-20,Low,13,1764.97000,0.07,Delivery Truck,-383.50,130.98,54.74
5042,4965,317279,6324861,2010-10-20,Low,14,1068.79000,0.07,Regular Air,56.05,76.72,19.95
5099,32193,308871,100219185,2010-10-20,Low,4,40.72000,0.10,Express Air,-10.25,6.68,6.93
5585,14086,829409,55790716,2010-10-20,Low,50,238.34000,0.04,Regular Air,-7.36,4.76,3.01
6299,29895,1007862,37451272,2010-10-20,Medium,43,7286.65000,0.03,Delivery Truck,474.89,160.98,35.02
6529,23106,772761,107565533,2010-10-20,Medium,35,25313.34000,0.05,Delivery Truck,8612.11,810.98,16.06
6712,32193,866383,100219185,2010-10-20,Low,27,113.30000,0.02,Regular Air,37.33,3.93,0.99
8041,4965,552704,36409282,2010-10-20,Low,46,287.13000,0.00,Regular Air,-186.31,5.78,7.96
56,2628,585679,99328710,2010-10-21,Low,14,34.59000,0.04,Regular Air,-60.13,2.18,5.00
3464,21696,559987,51326221,2010-10-21,Medium,14,278.27000,0.02,Regular Air,-51.91,19.35,12.79
950,52896,954944,88555704,2010-10-22,High,9,48.26000,0.09,Express Air,2.76,5.18,2.04
951,52896,480920,88555704,2010-10-22,High,49,188.70000,0.07,Regular Air,77.02,4.13,0.50
2067,48800,360858,19360668,2010-10-22,Not Specified,8,28761.52000,0.04,Regular Air,285.11,3499.99,24.49
4024,52896,643210,88555704,2010-10-22,High,24,8920.08000,0.00,Regular Air,3545.89,367.99,19.99
6538,48994,242881,29648423,2010-10-22,Not Specified,6,1086.39000,0.03,Regular Air,-311.23,167.27,35.00
7132,23207,538069,20566789,2010-10-22,Critical,11,336.91000,0.10,Regular Air,42.50,30.98,8.74
145,12261,789601,91811409,2010-10-23,Low,23,217.35000,0.00,Regular Air,-67.19,8.74,8.29
147,12261,923574,91811409,2010-10-23,Low,19,281.74000,0.06,Regular Air,25.67,14.56,3.50
932,16834,463033,38732068,2010-10-23,Low,33,463.42000,0.08,Regular Air,14.20,14.45,7.17
1916,12261,456173,91811409,2010-10-23,Low,4,20.59000,0.02,Express Air,1.19,3.98,0.83
3579,12261,674050,91811409,2010-10-23,Low,12,2237.76000,0.10,Delivery Truck,151.86,200.98,23.76
3581,12261,314204,91811409,2010-10-23,Low,15,2746.57000,0.03,Regular Air,617.40,178.47,19.99
5788,31077,664514,91345374,2010-10-23,Not Specified,36,1955.07650,0.06,Regular Air,470.83,65.99,3.90
5989,10498,930243,68418756,2010-10-23,Low,47,1968.47000,0.04,Regular Air,327.90,40.97,8.99
7910,16834,598953,63248104,2010-10-23,Low,23,158.78000,0.07,Regular Air,33.26,7.04,2.17
191,28836,192952,26995184,2010-10-24,High,50,8221.29350,0.06,Regular Air,2342.21,195.99,4.20
1042,32516,373440,94808461,2010-10-24,Critical,15,43.96000,0.03,Regular Air,-0.24,2.78,1.49
3601,28836,1006802,26995184,2010-10-24,High,7,1158.26000,0.06,Regular Air,170.08,172.99,19.99
5141,12417,48396,26871677,2010-10-24,Critical,19,137.84000,0.06,Regular Air,34.31,7.40,1.71
5805,32516,438316,94808461,2010-10-24,Critical,7,60.19000,0.01,Regular Air,6.44,7.78,2.50
7663,58659,1017940,63476354,2010-10-24,High,2,21.01000,0.03,Regular Air,-13.13,6.48,8.19
6177,51271,218863,63686255,2010-10-25,High,16,2882.70700,0.02,Regular Air,303.23,205.99,5.00
6178,51271,698263,63686255,2010-10-25,High,31,3969.43000,0.10,Delivery Truck,-796.51,140.98,36.09
7992,35522,690859,98758958,2010-10-25,Low,27,2575.01000,0.09,Regular Air,231.46,99.99,19.99
156,10852,355734,97428330,2010-10-26,High,40,12450.48000,0.01,Delivery Truck,3030.16,300.98,54.92
749,230,667910,103048242,2010-10-26,Critical,47,2029.75000,0.06,Regular Air,320.37,43.98,8.99
1393,14981,736726,23169608,2010-10-26,Medium,8,154.21000,0.03,Delivery Truck,-160.39,15.23,27.75
2091,38050,675127,69981415,2010-10-26,Not Specified,31,187.18000,0.09,Express Air,28.91,5.98,1.67
3398,51328,739811,12539879,2010-10-26,Low,38,689.67000,0.07,Regular Air,51.47,18.70,8.99
3745,38050,679655,69981415,2010-10-26,Not Specified,14,1331.22400,0.04,Regular Air,-401.42,111.96,69.00
3748,38050,116812,69981415,2010-10-26,Not Specified,36,104.21000,0.04,Regular Air,15.19,2.88,0.70
4085,53027,996963,82597127,2010-10-26,Low,38,1323.31000,0.05,Regular Air,146.64,35.89,14.72
4306,14981,398909,23169608,2010-10-26,Medium,8,279.77000,0.07,Regular Air,-14.02,34.76,8.22
5315,10852,1041463,97428330,2010-10-26,High,17,285.84000,0.02,Regular Air,-27.26,15.28,10.91
5650,230,123797,103048242,2010-10-26,Critical,11,1118.39600,0.06,Regular Air,-212.33,125.99,8.08
1830,58528,91978,14741565,2010-10-27,Medium,14,700.95000,0.00,Regular Air,233.80,46.89,5.10
3014,58528,697651,14741565,2010-10-27,Medium,41,159.74000,0.08,Express Air,-9.14,3.69,2.50
6030,42882,607882,32605811,2010-10-27,Low,17,204.07000,0.08,Express Air,-22.55,11.97,4.98
1699,2374,741640,23544783,2010-10-28,Not Specified,21,78.17000,0.01,Express Air,-72.70,2.84,5.44
1766,12902,145931,47367472,2010-10-29,Not Specified,9,302.05000,0.00,Regular Air,-58.81,30.98,6.50
2882,37669,887573,38075002,2010-10-29,Not Specified,4,70.02000,0.00,Regular Air,-30.63,15.31,8.78
4313,12902,611826,61100400,2010-10-29,Not Specified,30,3645.45000,0.04,Delivery Truck,-765.50,120.98,56.70
4518,37669,136439,38075002,2010-10-29,Not Specified,39,9081.98000,0.02,Express Air,2485.54,232.58,19.99
5028,57986,947059,24481187,2010-10-29,High,14,199.93000,0.10,Regular Air,-105.33,14.81,13.32
6264,37669,668688,38075002,2010-10-29,Not Specified,31,806.08000,0.08,Regular Air,402.37,26.17,1.39
7256,48391,333937,10406639,2010-10-29,Not Specified,45,254.92000,0.10,Regular Air,-99.62,5.98,5.46
1306,11236,424146,12009006,2010-10-30,High,45,298.57000,0.07,Regular Air,74.07,6.88,2.00
1307,11236,421568,12009006,2010-10-30,High,15,44.32000,0.01,Regular Air,-41.55,2.52,4.28
1839,20741,667910,8807770,2010-10-30,Low,43,1711.02000,0.10,Regular Air,139.63,43.98,8.99
2325,25062,648476,98758480,2010-10-30,Critical,9,3928.25000,0.04,Regular Air,1343.25,420.98,19.99
3174,11236,392183,16921475,2010-10-30,High,49,261.02000,0.01,Regular Air,-94.05,4.98,4.95
3175,11236,674664,16921475,2010-10-30,High,4,1629.75000,0.03,Regular Air,-195.70,415.88,11.37
3961,25062,540818,98758480,2010-10-30,Critical,5,78.79000,0.03,Regular Air,-21.29,14.42,6.75
4525,1888,688094,71636340,2010-10-30,Not Specified,38,1264.46000,0.00,Delivery Truck,-1249.39,31.76,45.51
4529,1888,386038,71636340,2010-10-30,Not Specified,35,158.25000,0.09,Regular Air,-114.74,4.57,5.42
7929,36548,1073132,30988102,2010-10-30,Low,8,44.99000,0.06,Regular Air,-40.43,4.98,7.54
221,36003,368543,73966703,2010-10-31,Medium,40,207.42000,0.04,Regular Air,-115.35,4.91,5.68
723,32389,275481,58681809,2010-10-31,Medium,1,65.46700,0.06,Express Air,-257.41,65.99,8.80
724,32389,736726,58681809,2010-10-31,Medium,8,121.62400,0.00,Delivery Truck,11.65,15.23,27.75
2392,58855,448604,91889558,2010-10-31,Medium,38,69.26000,0.07,Regular Air,-113.86,1.74,4.08
4309,38337,116812,52428882,2010-10-31,Medium,46,130.90000,0.09,Regular Air,18.75,2.88,0.70
4466,43844,878513,26730000,2010-10-31,High,25,1009.86800,0.02,Regular Air,170.57,45.99,4.99
5834,32326,453581,94848024,2010-10-31,High,50,929.81000,0.09,Regular Air,-188.41,19.99,11.17
7006,36003,153113,73966703,2010-10-31,Medium,48,1031.18000,0.01,Regular Air,349.82,19.98,5.77
7482,32389,88473,33819770,2010-10-31,Medium,23,934.07000,0.07,Regular Air,-7.50,39.99,10.25
534,43745,114359,9725401,2010-11-01,Low,5,128.59000,0.07,Regular Air,-15.17,25.98,5.37
535,43745,151557,9725401,2010-11-01,Low,1,4.97000,0.04,Regular Air,-4.91,3.55,1.43
1273,34721,1038283,14443258,2010-11-01,Not Specified,46,503.17000,0.01,Regular Air,-10.21,10.23,4.68
1744,43745,947046,104907203,2010-11-01,Low,43,2433.53000,0.02,Regular Air,946.70,54.48,0.99
2297,55014,896019,49260132,2010-11-01,High,38,235.15000,0.03,Regular Air,12.70,5.85,2.27
4462,30917,665810,97936435,2010-11-01,Low,11,86.79000,0.06,Regular Air,-45.60,8.12,2.83
4575,43745,332937,104907203,2010-11-01,Low,26,1368.03000,0.04,Regular Air,27.51,50.98,6.50
6214,30917,852337,97936435,2010-11-01,Low,8,753.80000,0.06,Regular Air,-32.30,96.45,13.99
6334,43745,886808,104907203,2010-11-01,Low,32,1250.42650,0.02,Regular Air,303.30,45.99,2.50
7664,43745,712492,104907203,2010-11-01,Low,41,260.64000,0.08,Regular Air,-106.21,6.68,6.15
7976,26631,715760,75286027,2010-11-01,Critical,37,231.65000,0.00,Regular Air,-241.28,5.98,10.39
4413,23271,49746,99377938,2010-11-03,High,1,794.58000,0.09,Delivery Truck,-1748.34,808.49,55.30
5405,19974,797793,38797703,2010-11-03,High,22,267.43000,0.07,Regular Air,-45.98,12.28,6.13
5406,19974,409791,38797703,2010-11-03,High,14,3830.84000,0.10,Delivery Truck,635.33,279.81,23.19
348,52256,748546,32775334,2010-11-04,Not Specified,23,1236.95400,0.06,Regular Air,119.89,65.99,4.20
745,28802,403726,37499275,2010-11-04,High,22,4001.46850,0.02,Regular Air,884.91,205.99,3.00
1432,15878,494051,75843176,2010-11-04,High,36,275.06000,0.05,Regular Air,-237.87,7.28,11.15
2260,28802,1100539,37499275,2010-11-04,High,23,413.80000,0.08,Express Air,51.36,17.67,8.99
2575,15206,331372,79773068,2010-11-04,Low,35,5287.16000,0.05,Delivery Truck,-769.05,150.98,66.27
4616,32228,757246,34181262,2010-11-04,Critical,35,209.63000,0.01,Regular Air,43.53,5.84,1.20
5643,28802,674000,37499275,2010-11-04,High,36,336.25000,0.00,Express Air,25.95,8.34,4.82
1703,37957,456509,84941883,2010-11-05,Not Specified,31,229.26000,0.00,Regular Air,-37.20,6.81,5.48
2788,34816,15497,102857204,2010-11-05,Not Specified,29,1158.45000,0.10,Regular Air,267.16,41.71,4.50
6166,34816,954683,102857204,2010-11-05,Not Specified,43,2568.71000,0.10,Regular Air,590.77,60.98,19.99
7409,48165,265285,40344994,2010-11-05,High,28,199.94000,0.01,Regular Air,-147.27,6.48,9.54
1404,33889,1021753,61907970,2010-11-06,Low,46,9046.33000,0.00,Delivery Truck,1398.03,180.98,55.24
1405,33889,533786,61907970,2010-11-06,Low,39,116.14000,0.01,Regular Air,50.44,2.88,0.50
4995,27335,46361,6149498,2010-11-06,Low,23,67.47000,0.03,Regular Air,-100.60,2.66,6.35
6045,33889,945371,61907970,2010-11-06,Low,43,367.96000,0.06,Regular Air,-16.11,8.67,3.50
7512,33889,73356,61907970,2010-11-06,Low,27,159.05000,0.04,Regular Air,21.46,5.98,2.50
1323,5506,400232,48705543,2010-11-07,Critical,22,129.62000,0.05,Regular Air,4.41,5.88,3.04
2257,13348,689019,4569162,2010-11-07,Medium,35,4890.58000,0.05,Regular Air,310.51,140.85,19.99
6739,20193,957535,34003222,2010-11-07,Medium,23,82.12000,0.07,Regular Air,-121.59,3.52,6.83
199,49767,881139,81843446,2010-11-08,Critical,43,634.38000,0.09,Regular Air,272.40,15.74,1.39
1952,49767,482713,81843446,2010-11-08,Critical,39,5196.19000,0.10,Regular Air,2052.13,140.99,13.99
2217,52737,516201,39086044,2010-11-08,Not Specified,14,125.54000,0.03,Express Air,-15.74,7.68,6.16
3138,8834,56287,28718928,2010-11-08,High,45,6688.11000,0.08,Regular Air,2872.88,150.98,13.99
4942,8834,489031,33483588,2010-11-08,High,1,16.73000,0.08,Regular Air,-6.96,12.64,4.98
6229,1792,747572,26983125,2010-11-08,Low,28,370.48000,0.04,Regular Air,-5.45,13.48,4.51
6998,49767,938591,81843446,2010-11-08,Critical,7,50.47000,0.08,Regular Air,-31.70,6.48,7.49
930,22498,841964,107067931,2010-11-09,Critical,20,34.94000,0.05,Regular Air,-30.70,1.70,1.99
968,12097,529796,88611817,2010-11-09,Critical,25,1831.52900,0.00,Express Air,-139.98,85.99,0.99
2256,50663,179381,4569162,2010-11-09,Critical,26,1614.84000,0.02,Express Air,-716.55,60.98,49.00
2592,7363,429891,70050666,2010-11-09,Medium,24,875.52000,0.09,Regular Air,5.71,37.93,13.99
3502,41633,381761,77821610,2010-11-09,Low,29,3636.91000,0.00,Delivery Truck,-1284.24,122.99,70.20
7026,5059,923732,90097133,2010-11-09,High,5,41.18000,0.10,Express Air,-19.31,5.44,7.46
7295,12097,239066,88611817,2010-11-09,Critical,9,49.89000,0.06,Regular Air,-30.84,4.98,6.07
7447,39682,175765,31543089,2010-11-09,Medium,43,2337.89000,0.09,Express Air,729.34,55.48,14.30
7682,15078,672421,93242448,2010-11-09,High,33,207.01000,0.01,Regular Air,-36.90,5.78,4.96
2602,43585,559984,19317610,2010-11-10,Critical,19,1004.18000,0.08,Express Air,374.19,55.48,6.79
3006,11911,232999,23188468,2010-11-10,Critical,25,397.84000,0.00,Regular Air,-14.75,15.22,9.73
3783,9091,510087,67539279,2010-11-11,High,42,605.77000,0.05,Regular Air,129.33,14.34,5.00
7122,9091,538069,67539279,2010-11-11,High,44,1480.91000,0.00,Regular Air,489.14,30.98,8.74
647,59553,986755,31509023,2010-11-12,Not Specified,42,2170.30500,0.10,Regular Air,264.32,65.99,8.99
757,8992,594736,87932728,2010-11-12,High,18,1341.96300,0.00,Regular Air,180.78,85.99,2.79
758,8992,192952,87932728,2010-11-12,High,14,2145.69750,0.08,Regular Air,-176.79,195.99,4.20
3909,8992,949076,87932728,2010-11-12,High,3,441.43000,0.06,Regular Air,-154.45,140.81,24.49
7173,59553,103518,31509023,2010-11-12,Not Specified,15,171.57000,0.04,Regular Air,12.50,11.34,5.01
1702,4034,95746,73881886,2010-11-13,Not Specified,37,5723.24000,0.00,Delivery Truck,-194.97,145.98,51.92
2580,47873,623150,39140094,2010-11-13,Critical,8,52.39000,0.08,Regular Air,-17.38,5.89,5.57
2904,4034,581893,73881886,2010-11-13,Not Specified,44,3367.24000,0.07,Regular Air,-1183.69,79.52,48.20
2970,56135,872912,99168275,2010-11-13,Medium,48,79.75000,0.10,Regular Air,-41.32,1.81,1.56
4303,39139,475727,23169608,2010-11-13,Not Specified,31,6118.38000,0.09,Regular Air,2042.58,209.84,21.21
4304,39139,924819,23169608,2010-11-13,Not Specified,6,627.45300,0.07,Regular Air,-408.25,125.99,8.08
4307,39139,724277,23169608,2010-11-13,Not Specified,50,3000.88000,0.01,Delivery Truck,-719.17,58.14,36.61
6369,56135,698263,99168275,2010-11-13,Medium,8,1118.82000,0.04,Delivery Truck,-320.30,140.98,36.09
6588,19430,242881,32444392,2010-11-13,Critical,39,6742.49000,0.03,Regular Air,-502.05,167.27,35.00
7746,43782,734492,54085164,2010-11-13,Medium,27,194.35000,0.00,Regular Air,30.88,6.75,2.99
477,2048,738036,97588200,2010-11-14,Critical,12,3752.61000,0.01,Delivery Truck,637.93,294.62,42.52
1956,38789,370731,17767864,2010-11-14,High,9,96.52000,0.10,Regular Air,16.78,10.64,5.16
5483,2048,226603,97588200,2010-11-14,Critical,9,548.36000,0.10,Express Air,78.63,60.97,4.50
7002,38789,752280,17767864,2010-11-14,High,4,115.17000,0.04,Delivery Truck,40.93,23.99,15.68
1247,10499,593570,39140094,2010-11-16,Not Specified,29,6250.93600,0.01,Delivery Truck,31.21,262.11,62.74
3165,10117,231361,16475482,2010-11-16,Medium,6,64.37000,0.07,Express Air,-6.96,8.85,5.60
5164,22404,251746,35175537,2010-11-16,Low,35,7264.64000,0.06,Regular Air,1845.68,218.08,18.06
25,29382,709485,21939120,2010-11-17,High,34,684.66000,0.07,Express Air,35.09,19.98,10.49
1569,44935,364652,80862950,2010-11-17,High,37,125.33000,0.06,Express Air,58.50,3.08,0.50
3240,40775,126813,107565533,2010-11-17,Low,23,279.63000,0.07,Regular Air,61.69,12.58,5.16
4442,44935,136439,80862950,2010-11-17,High,39,9362.73000,0.00,Regular Air,2766.29,232.58,19.99
5244,29382,209997,21939120,2010-11-17,High,42,239.35000,0.05,Regular Air,78.96,5.68,1.39
6421,44935,430465,99605711,2010-11-17,High,37,99.65000,0.01,Regular Air,27.00,2.62,0.80
6640,39393,991431,36409723,2010-11-17,Not Specified,23,218.29000,0.09,Regular Air,-32.43,9.49,5.76
7993,38625,690859,33388955,2010-11-17,Not Specified,28,2752.00000,0.06,Express Air,336.47,99.99,19.99
7994,38625,73356,33388955,2010-11-17,Not Specified,12,72.82000,0.02,Regular Air,5.03,5.98,2.50
79,13607,851117,69563791,2010-11-18,Critical,12,440.60000,0.07,Regular Air,2.97,39.48,1.99
81,13607,605916,69563791,2010-11-18,Critical,37,109.90000,0.09,Express Air,48.52,2.61,0.50
405,2752,397917,57347993,2010-11-18,High,10,575.56900,0.04,Regular Air,-86.52,65.99,5.63
1562,2563,464128,51228970,2010-11-18,Not Specified,12,31.77000,0.04,Regular Air,8.34,2.61,0.50
3713,2752,87900,57347993,2010-11-18,High,30,695.47000,0.03,Regular Air,226.73,22.98,1.99
3714,2752,398909,57347993,2010-11-18,High,10,365.62000,0.03,Regular Air,15.77,34.76,8.22
4434,2563,308520,51228970,2010-11-18,Not Specified,33,208.05000,0.01,Regular Air,46.01,5.98,0.96
4559,34658,140526,7178696,2010-11-18,Medium,33,2701.69000,0.05,Delivery Truck,-926.33,81.94,55.81
5275,13607,572974,69563791,2010-11-18,Critical,13,315.29000,0.00,Regular Air,-361.82,20.34,35.00
5439,2752,200320,57347993,2010-11-18,High,41,152.59000,0.02,Regular Air,55.48,3.78,0.71
6511,22887,165300,6669395,2010-11-18,Not Specified,34,9107.27000,0.07,Regular Air,2463.36,276.20,24.49
468,8001,847898,10407796,2010-11-19,High,47,1059.72000,0.01,Regular Air,112.22,20.98,5.42
469,8001,417731,10407796,2010-11-19,High,15,37.70000,0.10,Regular Air,-81.08,2.18,7.09
2070,45190,240897,31028836,2010-11-19,High,13,2084.96000,0.00,Delivery Truck,135.26,150.98,43.71
3278,23366,735275,85212736,2010-11-19,Not Specified,5,297.85000,0.04,Regular Air,-69.89,54.10,19.99
7813,23366,541296,85212736,2010-11-19,Not Specified,12,136.10000,0.06,Regular Air,-3.78,10.52,7.94
3069,8582,728557,15368315,2010-11-20,Low,15,1556.55000,0.04,Regular Air,436.02,105.34,24.49
6008,59393,957636,79088641,2010-11-20,Medium,34,398.76000,0.07,Regular Air,0.82,11.58,6.97
6558,13895,492902,64312175,2010-11-20,High,44,614.34000,0.02,Regular Air,-171.70,14.03,9.37
725,38917,275481,79221218,2010-11-21,Low,11,618.19650,0.02,Regular Air,-132.53,65.99,8.80
1700,21863,741640,73881886,2010-11-21,Not Specified,27,85.77000,0.03,Regular Air,-102.02,2.84,5.44
2905,21863,990993,73881886,2010-11-21,Not Specified,13,149.31000,0.00,Regular Air,7.77,10.98,5.14
5642,5988,472903,37499275,2010-11-21,Not Specified,40,19109.61000,0.10,Express Air,-379.29,499.99,24.49
5891,33152,984757,97850819,2010-11-21,Critical,19,2569.62650,0.00,Regular Air,398.01,155.99,8.99
6868,5863,805551,51018321,2010-11-21,Medium,40,933.21000,0.05,Regular Air,207.18,22.98,7.58
774,45088,192952,31343539,2010-11-22,Low,9,1418.95600,0.09,Regular Air,-447.41,195.99,4.20
925,41186,328029,12373493,2010-11-22,High,33,553.34150,0.08,Regular Air,-67.71,20.99,0.99
3155,27047,710507,37204966,2010-11-22,High,25,14240.76000,0.06,Regular Air,3128.69,599.99,24.49
6398,52128,113085,55591849,2010-11-22,Not Specified,11,13.52000,0.03,Regular Air,-27.66,0.99,2.96
6453,36134,984757,103116846,2010-11-22,Low,6,826.97350,0.01,Regular Air,-413.33,155.99,8.99
7775,27047,317100,37204966,2010-11-22,High,38,167.41000,0.05,Regular Air,-161.57,4.28,6.72
939,51075,858029,39350213,2010-11-23,Not Specified,43,1290.20650,0.06,Express Air,-160.68,35.99,5.00
1282,25828,624282,81921479,2010-11-23,Not Specified,35,241.43000,0.01,Regular Air,-65.80,6.84,4.42
1352,807,519606,76850542,2010-11-23,Medium,32,124.56000,0.04,Regular Air,-14.33,3.95,2.00
3192,24128,784982,78116987,2010-11-23,High,43,6583.91300,0.09,Regular Air,1459.79,195.99,3.99
3986,54274,277631,42941089,2010-11-23,Not Specified,20,1583.06000,0.05,Regular Air,328.00,78.65,13.99
5952,25828,575546,10797386,2010-11-23,Not Specified,29,163.04000,0.08,Regular Air,58.00,5.84,1.00
5953,25828,952554,10797386,2010-11-23,Not Specified,31,9041.26000,0.01,Delivery Truck,-383.03,286.85,61.76
6124,50725,984757,29705839,2010-11-23,Medium,19,2441.14050,0.05,Regular Air,261.96,155.99,8.99
6501,24128,294769,78116987,2010-11-23,High,13,270.63000,0.10,Regular Air,7.07,21.98,8.32
6781,50725,285357,25377321,2010-11-23,Medium,1,129.88000,0.10,Delivery Truck,-89.90,110.98,30.00
7479,807,47324,76850542,2010-11-23,Medium,45,196.85000,0.01,Regular Air,-166.85,4.28,6.18
195,20900,580148,3704525,2010-11-24,Low,50,1978.36650,0.00,Regular Air,483.60,45.99,4.99
593,4675,899010,96063089,2010-11-24,Not Specified,4,17.89000,0.00,Regular Air,-1.15,3.98,0.70
1017,35910,586808,11726321,2010-11-24,High,36,660.05900,0.05,Regular Air,-0.65,20.99,1.25
1018,35910,771470,11726321,2010-11-24,High,28,881.50100,0.02,Express Air,334.53,35.99,3.30
1563,2759,145931,51228970,2010-11-24,Not Specified,25,827.47000,0.00,Regular Air,45.37,30.98,6.50
2407,11427,1012355,19748793,2010-11-24,Medium,20,136.06000,0.04,Regular Air,-33.22,6.37,5.19
2748,27681,759968,89767975,2010-11-24,Medium,30,183.28000,0.04,Regular Air,33.88,6.08,1.17
3103,33123,331372,74001204,2010-11-24,Medium,41,6045.98000,0.08,Delivery Truck,-996.67,150.98,66.27
5771,11427,616627,19748793,2010-11-24,Medium,27,58.64000,0.08,Regular Air,4.55,2.21,1.00
6130,27681,766319,89767975,2010-11-24,Medium,7,37.80000,0.06,Regular Air,-18.31,4.98,4.70
7317,35910,102789,11726321,2010-11-24,High,25,161.72000,0.09,Regular Air,-121.18,6.48,8.40
7987,37603,403940,20218610,2010-11-24,Medium,50,2440.26000,0.00,Regular Air,917.28,45.19,1.99
7988,37603,403940,20218610,2010-11-24,Medium,23,1008.19000,0.03,Regular Air,210.01,45.19,1.99
1880,15015,845978,69563791,2010-11-25,High,47,306.77000,0.03,Regular Air,-102.06,6.24,5.22
3303,5189,689019,90522445,2010-11-25,Low,14,2066.63000,0.03,Regular Air,65.58,140.85,19.99
4089,32135,326421,39020168,2010-11-25,High,37,1575.14000,0.00,Regular Air,160.68,39.98,7.12
5035,30754,884845,54281616,2010-11-25,Low,20,4108.17000,0.09,Regular Air,-505.98,209.37,69.00
5821,32135,217793,39020168,2010-11-25,High,16,187.78000,0.08,Regular Air,-21.82,11.99,5.99
6789,52807,625704,45504324,2010-11-25,Medium,28,667.55000,0.00,Regular Air,204.74,21.98,2.87
6833,5189,553905,49105511,2010-11-25,Low,8,24.72000,0.06,Regular Air,-21.47,2.74,3.50
4897,55653,585869,10166893,2010-11-26,Medium,34,15152.55000,0.05,Delivery Truck,7719.21,500.98,28.14
7949,41861,229862,59257458,2010-11-26,Low,24,475.90000,0.02,Regular Air,110.44,19.98,5.97
675,31718,246671,14517596,2010-11-27,Low,24,1390.69350,0.03,Regular Air,168.46,65.99,7.69
737,48195,500802,45316579,2010-11-27,Not Specified,35,3337.51650,0.07,Regular Air,850.54,115.99,2.50
739,48195,803900,45316579,2010-11-27,Not Specified,35,1018.40200,0.09,Regular Air,296.87,35.99,5.99
1137,45249,367450,70709692,2010-11-27,Low,24,1155.58350,0.04,Regular Air,-127.00,55.99,5.00
3899,48195,251048,45316579,2010-11-27,Not Specified,47,2679.12350,0.01,Regular Air,47.28,65.99,19.99
5590,31718,977308,14517596,2010-11-27,Low,20,1017.28850,0.10,Regular Air,-115.30,65.99,8.99
7199,26630,620362,92656557,2010-11-27,High,9,65.67000,0.02,Regular Air,-35.20,6.48,7.37
761,14789,681809,12674110,2010-11-29,Not Specified,37,438.07000,0.00,Express Air,12.06,10.89,4.50
1693,10209,182998,89092013,2010-11-29,Medium,48,418.82000,0.02,Regular Air,-60.21,8.60,6.19
3320,56769,429891,20864775,2010-11-29,Medium,11,455.59000,0.02,Regular Air,98.02,37.93,13.99
3811,31072,1006802,81275177,2010-11-29,Low,4,701.16000,0.08,Regular Air,4.56,172.99,19.99
4850,1953,672241,25162682,2010-11-29,Medium,13,137.64000,0.06,Regular Air,19.59,10.91,2.99
4905,35265,180041,60748220,2010-11-29,Not Specified,16,577.00000,0.04,Delivery Truck,-112.88,33.94,19.19
4954,10209,860962,96643883,2010-11-29,Medium,14,461.55000,0.09,Regular Air,-12.00,33.98,19.99
5658,14789,497806,12674110,2010-11-29,Not Specified,19,116.37000,0.03,Regular Air,-32.60,5.58,5.30
6617,35265,991431,60748220,2010-11-29,Not Specified,2,24.53000,0.04,Regular Air,-28.14,9.49,5.76
6618,35265,255922,60748220,2010-11-29,Not Specified,4,125.78000,0.02,Regular Air,8.43,30.56,2.99
7139,44359,827242,36255546,2010-11-29,High,19,113.20000,0.10,Regular Air,24.83,6.08,0.91
1826,9957,570526,31708946,2010-11-30,Not Specified,31,74.75000,0.06,Express Air,-115.43,2.28,5.20
1933,24102,386136,61616872,2010-11-30,Critical,50,1844.26000,0.03,Regular Air,47.58,37.76,12.90
3402,27527,286374,85163678,2010-11-30,Medium,37,376.58000,0.09,Regular Air,1.33,10.40,5.40
6241,37216,942944,81815032,2010-11-30,High,24,527.25000,0.01,Regular Air,74.01,20.98,8.83
767,41632,259517,79423257,2010-12-01,Low,34,1541.45800,0.05,Regular Air,-238.16,55.99,5.00
822,51426,564279,74002740,2010-12-01,Medium,41,357.01000,0.01,Regular Air,64.50,8.33,1.99
1448,25092,947521,14825481,2010-12-01,High,9,16.02000,0.09,Regular Air,-2.82,1.81,0.75
2454,13799,299849,107838267,2010-12-01,Critical,5,118.06000,0.05,Regular Air,2.63,22.23,5.08
6079,25092,511714,14825481,2010-12-01,High,6,141.27000,0.08,Express Air,28.14,21.38,2.99
6698,25092,575546,49065676,2010-12-01,High,42,242.80000,0.07,Regular Air,95.91,5.84,1.00
6758,1831,79342,14547307,2010-12-01,Critical,33,12586.19000,0.00,Delivery Truck,619.71,370.98,99.00
1650,26305,877669,58852314,2010-12-02,Medium,50,1118.21000,0.07,Regular Air,-122.79,22.38,15.10
1651,26305,593570,58852314,2010-12-02,Medium,13,3503.56000,0.01,Delivery Truck,-633.44,262.11,62.74
4295,35042,332937,32605811,2010-12-02,Not Specified,23,1196.86000,0.06,Regular Air,-12.51,50.98,6.50
4877,38406,724277,39112993,2010-12-02,Medium,12,754.94000,0.01,Delivery Truck,-226.24,58.14,36.61
4927,25315,229792,34211408,2010-12-02,Low,36,7783.36000,0.07,Express Air,3506.24,225.04,11.79
4928,25315,688094,34211408,2010-12-02,Low,36,1280.34000,0.00,Delivery Truck,-1048.25,31.76,45.51
6643,25315,853927,34211408,2010-12-02,Low,21,61.76000,0.00,Regular Air,4.34,2.84,0.93
1762,25350,352439,53838315,2010-12-03,Not Specified,30,2477.99000,0.00,Regular Air,747.68,80.98,4.50
2193,44390,700485,85401643,2010-12-03,Not Specified,32,3234.10000,0.03,Regular Air,2033.50,99.23,8.99
4600,55172,118378,93242448,2010-12-03,Not Specified,1,37.89000,0.00,Regular Air,-120.97,35.41,1.99
6344,25350,672413,53838315,2010-12-03,Not Specified,23,48.83000,0.06,Regular Air,1.00,2.10,0.70
7730,41570,569266,10128489,2010-12-03,Not Specified,24,2289.92000,0.09,Regular Air,1037.55,104.85,4.65
7837,19139,591346,107249296,2010-12-03,Not Specified,15,94.84000,0.01,Regular Air,-26.66,5.98,5.15
3245,3586,126813,25793349,2010-12-04,High,32,383.57000,0.06,Regular Air,70.51,12.58,5.16
3369,58656,332624,14331565,2010-12-04,High,3,11.01000,0.09,Regular Air,-1.42,2.08,5.33
4363,1825,592380,48889817,2010-12-04,Medium,22,38.26000,0.03,Regular Air,-2.34,1.76,0.70
4803,3586,510087,25793349,2010-12-04,High,31,461.10000,0.05,Regular Air,116.96,14.34,5.00
5601,27746,472903,57944229,2010-12-04,Critical,3,1540.77000,0.04,Regular Air,-1572.64,499.99,24.49
6219,27746,390796,100729818,2010-12-04,Critical,3,87.09000,0.10,Regular Air,-42.73,29.34,7.87
6502,40800,209997,43761129,2010-12-04,Not Specified,18,101.34000,0.06,Regular Air,26.11,5.68,1.39
7217,40800,983577,74945261,2010-12-04,Not Specified,41,260.31000,0.05,Regular Air,-175.26,6.48,7.91
7594,27746,1010521,100729818,2010-12-04,Critical,42,196.10000,0.07,Regular Air,71.65,4.76,0.88
7841,58656,734492,14331565,2010-12-04,High,5,39.44000,0.00,Regular Air,-0.94,6.75,2.99
962,18887,394140,42168628,2010-12-05,Not Specified,9,173.41700,0.00,Regular Air,18.23,20.99,0.99
1285,54950,624282,19317610,2010-12-05,High,26,174.58000,0.08,Regular Air,-57.17,6.84,4.42
1564,36997,464128,63686255,2010-12-05,Not Specified,39,104.33000,0.00,Regular Air,39.91,2.61,0.50
2535,46177,507331,51472989,2010-12-05,Low,13,11169.95000,0.07,Regular Air,3982.22,896.99,19.99
2601,54950,594189,19317610,2010-12-05,High,22,8789.54000,0.07,Delivery Truck,-1025.19,424.21,110.20
2894,20036,331372,20484349,2010-12-05,Not Specified,28,4371.92000,0.03,Delivery Truck,-533.44,150.98,66.27
3826,3783,665810,58189342,2010-12-05,Not Specified,11,92.14000,0.01,Regular Air,-40.25,8.12,2.83
4284,20036,647762,86487510,2010-12-05,Not Specified,44,1207.40000,0.03,Regular Air,-25.23,26.31,5.89
6023,20036,607882,86487510,2010-12-05,Not Specified,25,290.46000,0.10,Regular Air,-31.55,11.97,4.98
6246,44738,672413,58852314,2010-12-05,Not Specified,34,75.57000,0.02,Regular Air,6.87,2.10,0.70
6267,7746,410393,93660979,2010-12-05,Medium,1,28.96000,0.06,Regular Air,-27.07,19.98,8.68
6284,20036,908570,20484349,2010-12-05,Not Specified,21,1745.11800,0.03,Regular Air,307.25,95.99,4.90
6418,46177,452225,22856565,2010-12-05,Low,33,468.46000,0.01,Regular Air,-292.70,12.99,14.37
7156,3783,723460,58189342,2010-12-05,Not Specified,40,257.43000,0.05,Regular Air,-200.63,6.48,8.73
443,54564,330371,3285755,2010-12-06,High,27,1553.86800,0.04,Express Air,322.51,65.99,5.92
897,45733,877669,89205766,2010-12-06,Critical,39,851.17000,0.07,Regular Air,-131.28,22.38,15.10
7925,41123,103518,83848290,2010-12-06,Low,27,322.46000,0.04,Regular Air,54.29,11.34,5.01
6,12452,955858,68464052,2010-12-07,Medium,17,112.86000,0.04,Regular Air,-56.78,6.60,4.07
963,23264,147972,42168628,2010-12-07,Critical,27,78.47000,0.06,Regular Air,17.99,2.88,0.99
1063,35490,332331,81380802,2010-12-07,High,41,1289.62000,0.03,Regular Air,432.52,35.99,1.10
1481,3591,604082,63204716,2010-12-07,Medium,3,321.57000,0.01,Delivery Truck,-100.05,100.98,15.66
1844,12452,616694,68464052,2010-12-07,Medium,1,356.95000,0.08,Regular Air,-228.24,387.99,19.99
4094,35490,757246,81380802,2010-12-07,High,7,44.64000,0.03,Express Air,2.08,5.84,1.20
4356,3591,1083564,63204716,2010-12-07,Medium,12,1085.16000,0.08,Delivery Truck,-311.54,89.99,42.00
6926,12452,695399,68464052,2010-12-07,Medium,38,2063.42000,0.03,Regular Air,989.95,55.98,5.15
7293,23264,694962,42168628,2010-12-07,Critical,16,108.42000,0.02,Regular Air,-50.82,6.48,6.81
2921,20674,302796,78118572,2010-12-08,High,37,17717.34000,0.00,Delivery Truck,8291.08,500.97,69.30
3053,27396,532104,15239298,2010-12-08,Critical,14,138.31000,0.07,Regular Air,-31.16,9.77,6.02
3810,8097,685823,43644616,2010-12-09,Medium,48,7522.80000,0.04,Express Air,3187.37,162.93,19.99
3912,6978,665810,83020097,2010-12-09,High,47,371.95000,0.07,Regular Air,-87.40,8.12,2.83
4982,2976,528974,83966780,2010-12-09,Not Specified,30,14223.82000,0.09,Delivery Truck,3424.22,500.98,26.00
3975,11047,475585,74076626,2010-12-10,Low,27,1991.26000,0.01,Delivery Truck,-528.09,68.81,60.00
2056,6053,49841,75226845,2010-12-11,Medium,4,16.08000,0.04,Regular Air,-3.75,3.80,1.49
2406,52194,642280,28488718,2010-12-11,Critical,25,612.93000,0.10,Regular Air,-5.04,24.92,12.98
3042,34438,981209,10128489,2010-12-11,High,28,588.54000,0.04,Regular Air,-30.72,20.15,8.99
4044,52194,764509,28488718,2010-12-11,Critical,12,1551.34000,0.03,Delivery Truck,-483.12,120.98,78.64
803,12160,682640,31290794,2010-12-12,Low,48,10341.47000,0.03,Delivery Truck,865.02,208.16,68.02
825,16579,707930,74002740,2010-12-12,Not Specified,23,177.23000,0.07,Regular Air,4.94,8.14,3.12
890,30149,539744,68926150,2010-12-12,Medium,50,690.97000,0.03,Regular Air,-16.94,13.79,8.78
2303,12160,661590,31290794,2010-12-12,Low,9,38.30000,0.01,Regular Air,-42.49,3.36,6.27
2305,12160,629210,31290794,2010-12-12,Low,2,55.21000,0.08,Regular Air,-45.30,24.98,8.79
3650,35908,1036331,71604925,2010-12-12,Not Specified,40,240.18000,0.06,Regular Air,-160.21,5.78,7.64
3995,30149,180041,68926150,2010-12-12,Medium,5,173.62000,0.09,Delivery Truck,-88.64,33.94,19.19
4032,47844,515830,88611817,2010-12-12,Critical,41,5824.01000,0.10,Delivery Truck,-288.68,150.98,30.00
4402,45668,140526,37575390,2010-12-12,Not Specified,8,704.77000,0.01,Delivery Truck,-298.90,81.94,55.81
5093,19492,206992,11252896,2010-12-12,High,9,691.09000,0.08,Regular Air,364.03,78.69,19.99
5387,35908,217562,71604925,2010-12-12,Not Specified,45,529.28000,0.10,Express Air,-30.27,12.21,4.81
5558,16992,945371,29419345,2010-12-12,High,15,126.74000,0.08,Regular Air,-18.53,8.67,3.50
5694,16579,357719,74002740,2010-12-12,Not Specified,33,63.96000,0.05,Regular Air,-13.71,1.88,1.49
5728,30149,914855,68926150,2010-12-12,Medium,8,16.47000,0.10,Regular Air,-6.82,2.08,1.49
6407,10242,805551,103383612,2010-12-12,Medium,32,690.88000,0.08,Regular Air,119.25,22.98,7.58
6707,19492,625704,11252896,2010-12-12,High,33,713.70000,0.02,Regular Air,176.09,21.98,2.87
7373,38210,584472,83349693,2010-12-12,Low,10,52.76000,0.09,Regular Air,-49.53,4.98,7.44
7426,59777,632804,87106625,2010-12-12,High,19,917.31000,0.05,Express Air,-139.86,49.99,19.99
826,46849,564279,84895139,2010-12-13,Not Specified,23,188.54000,0.09,Regular Air,9.82,8.33,1.99
3209,55331,697651,70969686,2010-12-13,High,13,50.35000,0.05,Regular Air,-8.24,3.69,2.50
3404,13125,279720,41939918,2010-12-13,Not Specified,30,990.73000,0.02,Express Air,56.39,30.73,4.00
6661,59714,37176,67879495,2010-12-13,Critical,26,9225.65000,0.03,Delivery Truck,1656.46,349.45,60.00
7680,54727,433913,70199009,2010-12-13,Medium,29,1427.14000,0.02,Regular Air,605.92,48.04,7.23
5,15808,518917,68464052,2010-12-14,Critical,3,58.14000,0.01,Regular Air,-96.25,20.99,4.81
7,15808,700324,68464052,2010-12-14,Critical,33,126.88000,0.05,Regular Air,12.63,3.70,1.61
10,15808,877669,68464052,2010-12-14,Critical,42,906.64000,0.07,Express Air,-148.93,22.38,15.10
11,15808,284312,68464052,2010-12-14,Critical,45,882.96000,0.06,Regular Air,11.65,19.98,4.00
1825,15109,421568,103383612,2010-12-14,Not Specified,33,88.70000,0.06,Regular Air,-89.13,2.52,4.28
2083,2339,689019,77418915,2010-12-14,Low,12,1634.98000,0.09,Regular Air,-120.45,140.85,19.99
2272,36805,195341,87932728,2010-12-14,Medium,28,1546.39650,0.07,Express Air,226.72,65.99,5.26
3011,15109,567128,103383612,2010-12-14,Not Specified,23,262.78000,0.04,Regular Air,19.36,10.98,3.37
3908,36805,524096,87932728,2010-12-14,Medium,7,263.80000,0.00,Regular Air,165.33,34.23,5.02
5560,56837,798350,3863253,2010-12-14,Low,10,965.46000,0.03,Delivery Truck,-71.48,90.98,30.00
6405,15109,492902,103383612,2010-12-14,Not Specified,10,142.15000,0.09,Regular Air,-58.18,14.03,9.37
7716,15109,102789,103383612,2010-12-14,Not Specified,45,293.47000,0.06,Regular Air,-205.38,6.48,8.40
12,59815,657768,63834266,2010-12-15,Not Specified,14,51.56000,0.09,Regular Air,-1.06,3.71,1.93
5879,23746,491548,52327242,2010-12-15,High,10,408.23000,0.06,Regular Air,52.38,40.97,1.99
6179,42151,101065,63686255,2010-12-15,High,35,4408.66950,0.05,Regular Air,1140.67,155.99,3.90
7720,34597,854031,38922248,2010-12-16,Medium,8,849.33700,0.07,Express Air,-258.85,125.99,2.50
7948,49575,464694,59257458,2010-12-16,High,12,507.44000,0.05,Regular Air,170.90,42.80,2.99
445,57891,330371,94892175,2010-12-17,Medium,17,934.94050,0.08,Regular Air,47.10,65.99,5.92
492,70,529361,34697007,2010-12-17,Low,46,7804.53000,0.05,Regular Air,2057.17,205.99,5.99
2027,2659,1003701,33888882,2010-12-17,Not Specified,50,881.65000,0.08,Regular Air,41.27,18.97,9.03
2350,21702,381761,66982166,2010-12-17,Not Specified,40,5232.83000,0.01,Delivery Truck,-1461.65,122.99,70.20
5493,70,704958,34697007,2010-12-17,Low,48,90.05000,0.03,Regular Air,-107.00,1.86,2.58
6594,32996,607634,30320771,2010-12-17,Critical,15,262.29000,0.09,Regular Air,7.26,17.78,5.03
6596,32996,664514,30320771,2010-12-17,Critical,2,116.31400,0.04,Regular Air,-300.85,65.99,3.90
5887,16995,688400,35330575,2010-12-18,Not Specified,42,48.41000,0.06,Regular Air,-1.46,1.14,0.70
1085,54437,259517,57813441,2010-12-19,High,15,653.87100,0.09,Regular Air,-311.05,55.99,5.00
1087,36741,259517,75793638,2010-12-19,Critical,6,303.90900,0.01,Regular Air,-254.36,55.99,5.00
1088,36741,635598,75793638,2010-12-19,Critical,26,141.40000,0.08,Regular Air,34.48,5.68,1.46
3219,39842,135665,92823303,2010-12-19,Medium,38,1554.21000,0.08,Express Air,114.45,41.32,8.66
3930,33826,510087,37846168,2010-12-19,Low,13,185.83000,0.03,Regular Air,58.16,14.34,5.00
6415,37218,226603,8807770,2010-12-19,High,29,1768.13000,0.00,Regular Air,525.54,60.97,4.50
6517,39842,967595,92823303,2010-12-19,Medium,22,1295.50200,0.01,Express Air,224.86,65.99,3.99
7728,37218,1036589,8807770,2010-12-19,High,23,147.05000,0.08,Regular Air,-54.91,6.48,5.82
1539,18627,399302,39501159,2010-12-20,Medium,4,15.70000,0.01,Regular Air,0.71,3.69,0.50
2111,49988,280185,34697007,2010-12-20,High,33,5834.64650,0.01,Regular Air,1619.66,205.99,2.79
2510,59173,160678,40247213,2010-12-20,High,27,2896.99000,0.01,Delivery Truck,36.94,100.98,35.84
4247,3169,727825,18173108,2010-12-20,Medium,7,35.58000,0.04,Regular Air,-19.95,4.42,4.99
4930,3905,295705,82724306,2010-12-20,Not Specified,42,2537.88000,0.03,Delivery Truck,-377.25,60.89,32.41
5491,49988,242881,34697007,2010-12-20,High,43,7731.09000,0.00,Regular Air,-222.17,167.27,35.00
1335,12612,232452,19646165,2010-12-21,Low,49,182.20000,0.09,Express Air,82.21,3.75,0.50
1360,40519,302517,71417179,2010-12-21,Critical,38,82.93000,0.08,Regular Air,-10.32,2.18,1.38
3776,45924,444448,9725401,2010-12-21,Low,1,27.44000,0.02,Regular Air,-11.76,24.95,2.99
4254,12612,277631,19646165,2010-12-21,Low,29,2360.98000,0.02,Regular Air,611.93,78.65,13.99
6101,18822,623868,7031126,2010-12-21,Low,34,1950.03600,0.03,Regular Air,361.89,65.99,8.99
6577,9028,79748,62950076,2010-12-21,Low,48,14556.67000,0.04,Delivery Truck,3829.63,306.14,26.53
6925,42465,250992,40732966,2010-12-21,Medium,15,102.32000,0.08,Regular Air,-32.70,6.48,5.74
465,39043,481924,69981415,2010-12-22,Not Specified,14,50.80000,0.09,Regular Air,16.79,3.69,0.50
506,42695,781795,24223712,2010-12-22,Not Specified,12,710.32800,0.02,Regular Air,-10.30,65.99,5.31
1767,22656,145931,20282629,2010-12-22,Not Specified,10,309.30000,0.05,Express Air,-77.89,30.98,6.50
5474,39043,572974,69981415,2010-12-22,Not Specified,37,750.89000,0.07,Express Air,-1176.28,20.34,35.00
7464,41702,317100,44510740,2010-12-22,Not Specified,5,27.90000,0.02,Regular Air,-22.82,4.28,6.72
571,51169,217285,103284166,2010-12-24,High,2,291.66000,0.08,Regular Air,-192.92,136.98,24.49
851,5538,567704,46376110,2010-12-24,Critical,4,430.84800,0.06,Regular Air,-492.77,125.99,5.63
852,5538,612766,46376110,2010-12-24,Critical,43,1281.28000,0.05,Regular Air,415.85,29.17,6.27
2330,5538,779048,46376110,2010-12-24,Critical,13,1940.31000,0.03,Delivery Truck,-668.19,146.05,80.20
2842,16613,448604,18334625,2010-12-24,High,28,51.14000,0.08,Regular Air,-81.96,1.74,4.08
3924,54850,314204,97492463,2010-12-24,Not Specified,16,2834.96000,0.07,Regular Air,587.64,178.47,19.99
5672,54850,123797,97492463,2010-12-24,Not Specified,9,953.98900,0.02,Regular Air,-249.33,125.99,8.08
6664,42112,538394,77821610,2010-12-24,Not Specified,16,2744.36100,0.01,Regular Air,201.03,195.99,8.99
2409,41605,642280,19748793,2010-12-25,Medium,4,114.57000,0.02,Regular Air,-29.98,24.92,12.98
3055,5346,265590,35540504,2010-12-25,Critical,34,2932.99000,0.07,Regular Air,-1448.83,90.98,56.20
5419,38976,410393,66496454,2010-12-25,Critical,46,944.76000,0.03,Regular Air,165.46,19.98,8.68
6429,5346,698263,35540504,2010-12-25,Critical,17,2285.12000,0.08,Delivery Truck,-455.80,140.98,36.09
322,5957,518917,20700273,2010-12-26,High,23,391.87550,0.10,Regular Air,-38.02,20.99,4.81
776,19841,192952,50955308,2010-12-26,Low,7,1126.48800,0.08,Regular Air,-557.95,195.99,4.20
884,56103,238390,64928711,2010-12-26,High,24,2332.59550,0.07,Regular Air,366.86,115.99,5.92
1675,30757,318215,81859317,2010-12-26,Medium,5,21.32000,0.08,Express Air,2.20,3.38,0.85
1785,23329,560855,9089368,2010-12-26,Low,4,31.11850,0.05,Regular Air,-46.90,7.99,5.03
2014,5957,331372,20700273,2010-12-26,High,3,536.38000,0.03,Delivery Truck,-258.80,150.98,66.27
2402,12420,166184,79432579,2010-12-26,Medium,34,536.25000,0.06,Express Air,-166.75,15.99,13.18
4523,30757,730958,81859317,2010-12-26,Medium,42,457.51000,0.10,Regular Air,-183.75,11.66,7.95
5184,19841,924819,21513268,2010-12-26,Low,43,4687.67350,0.06,Express Air,1304.56,125.99,8.08
5668,19841,361692,50955308,2010-12-26,Low,17,213.06000,0.03,Regular Air,-31.74,11.97,5.81
5767,12420,990083,79432579,2010-12-26,Medium,1,5.73000,0.01,Regular Air,-1.84,4.98,0.80
6362,23329,748835,9089368,2010-12-26,Low,47,4829.45350,0.05,Regular Air,1235.15,125.99,8.99
7038,5957,317100,20700273,2010-12-26,High,15,68.32000,0.05,Regular Air,-66.72,4.28,6.72
7486,45408,247078,34751059,2010-12-26,Low,25,716.99000,0.05,Regular Air,174.06,29.89,1.99
2022,195,686278,79337791,2010-12-27,Medium,34,1315.74000,0.03,Regular Air,260.87,36.55,13.89
5790,32131,200320,49413655,2010-12-27,Critical,34,126.62000,0.03,Regular Air,44.80,3.78,0.71
704,7301,691869,92656557,2010-12-28,Low,17,959.08900,0.06,Regular Air,124.99,65.99,2.50
3025,55363,149455,38342784,2010-12-28,High,14,2232.06000,0.03,Regular Air,542.16,155.06,7.07
3081,229,642280,95436894,2010-12-28,Critical,24,599.10000,0.02,Regular Air,3.82,24.92,12.98
4885,21024,757246,48678937,2010-12-28,Medium,34,195.49000,0.05,Regular Air,33.80,5.84,1.20
5230,229,489031,77066787,2010-12-28,Critical,43,586.11000,0.11,Regular Air,98.44,12.64,4.98
6801,258,947094,81927718,2010-12-28,Critical,7,201.36000,0.00,Delivery Truck,-284.40,20.98,53.03
7589,258,655557,96448861,2010-12-28,Critical,33,216.77000,0.02,Regular Air,-55.11,6.54,5.27
7961,258,345717,81927718,2010-12-28,Critical,21,154.35000,0.00,Regular Air,-91.14,6.48,8.74
85,1699,939925,25507147,2010-12-29,Critical,40,430.88000,0.05,Regular Air,39.00,11.09,5.25
1483,59684,1021753,98068071,2010-12-29,Medium,50,9059.90000,0.07,Delivery Truck,778.01,180.98,55.24
4358,59684,500073,98068071,2010-12-29,Medium,41,368.17000,0.00,Express Air,-15.12,8.32,2.38
4359,59684,850189,98068071,2010-12-29,Medium,3,14.46000,0.06,Regular Air,-5.26,4.20,2.26
5375,23399,747572,90097133,2010-12-29,High,14,209.30000,0.01,Express Air,7.86,13.48,4.51
6371,47267,410393,99168275,2010-12-29,Medium,24,492.71000,0.02,Regular Air,67.01,19.98,8.68
7536,59684,981266,98068071,2010-12-29,Medium,25,168.39000,0.03,Regular Air,-144.89,6.48,9.68
467,19556,217058,10407796,2010-12-30,Not Specified,35,3238.14300,0.08,Regular Air,727.36,115.99,4.23
3292,25735,512058,92238400,2010-12-30,Not Specified,45,260.37000,0.02,Regular Air,44.15,5.58,1.99
5173,36293,1019643,16089776,2010-12-30,Medium,13,1272.83000,0.04,Regular Air,250.47,100.98,7.18
5476,19556,905242,10407796,2010-12-30,Not Specified,45,5785.59000,0.07,Delivery Truck,-423.77,130.98,30.00
6820,353,616627,28264061,2010-12-30,Low,21,46.94000,0.02,Regular Air,3.88,2.21,1.00
7099,19556,985033,10407796,2010-12-30,Not Specified,22,1131.93000,0.09,Regular Air,469.69,55.98,4.86
7124,27011,657298,78769548,2010-12-30,Medium,5,53.66000,0.09,Regular Air,5.69,10.94,1.39
7943,36293,938591,16089776,2010-12-30,Medium,25,165.36000,0.09,Express Air,-94.79,6.48,7.49
2937,18530,643318,52863444,2010-12-31,Not Specified,2,56.13000,0.02,Regular Air,48.85,20.28,14.39
4578,18530,930353,52863444,2010-12-31,Not Specified,25,1491.52050,0.00,Regular Air,286.36,65.99,5.99
4937,43392,685823,5417421,2010-12-31,Medium,39,6553.45000,0.03,Regular Air,2969.81,162.93,19.99
7701,28262,103518,91212283,2010-12-31,Medium,26,299.11000,0.05,Regular Air,40.03,11.34,5.01
