LineID,OrderID,ProductID,CustomerID,OrderDate,OrderPriority,OrderQuantity,Sales,Discount,ShipMode,Profit,UnitPrice,ShippingCost
6155,13729,1064589,45703891,2009-01-01,Not Specified,9,872.48000,0.08,Express Air,-342.91,95.99,35.00
6356,28774,539839,48962730,2009-01-01,High,32,180.36000,0.10,Regular Air,-111.80,5.98,4.69
980,9285,639682,80357374,2009-01-02,Critical,3,124.81000,0.06,Regular Air,-11.94,40.98,2.99
1832,44069,704553,74751086,2009-01-02,Critical,16,137.63000,0.09,Express Air,26.71,9.11,2.15
3300,37537,149455,14033736,2009-01-02,Low,32,4902.38000,0.05,Regular Air,1438.49,155.06,7.07
4834,37537,470743,14033736,2009-01-02,Low,4,1239.06000,0.00,Delivery Truck,-193.08,291.73,48.80
4835,37537,620553,14033736,2009-01-02,Low,43,4083.19000,0.07,Delivery Truck,-1049.85,100.98,45.00
7724,44069,5889,74751086,2009-01-02,Critical,43,614.80000,0.08,Regular Air,247.79,15.04,1.97
327,9762,450797,51065809,2009-01-03,High,12,262.76000,0.05,Regular Air,-146.05,20.98,21.20
770,40354,731566,79423257,2009-01-03,High,29,172.51000,0.03,Regular Air,12.55,5.58,2.99
2759,7909,821950,95652866,2009-01-03,High,29,122.23000,0.03,Regular Air,24.55,4.26,1.20
5239,30016,609559,68464052,2009-01-03,Critical,8,754.65550,0.01,Regular Air,-212.55,110.99,2.50
5549,11972,738097,61795149,2009-01-03,Not Specified,4,896.49000,0.00,Delivery Truck,-452.27,213.45,14.70
6622,9637,260366,19646967,2009-01-03,Low,49,28359.40000,0.05,Regular Air,14440.39,574.74,24.49
6623,9637,245758,19646967,2009-01-03,Low,12,123.76000,0.04,Regular Air,32.44,10.14,2.27
6927,30016,1031199,68464052,2009-01-03,Critical,15,85.56000,0.03,Regular Air,-41.58,5.28,5.66
1,8710,657768,40732966,2009-01-04,Critical,42,151.35000,0.07,Express Air,8.33,3.71,1.93
1841,8710,821997,40732966,2009-01-04,Critical,17,63.34000,0.03,Regular Air,-76.02,3.36,6.27
6129,49730,1045401,89767975,2009-01-04,High,3,1039.56000,0.06,Delivery Truck,-394.69,350.98,30.00
370,1028,529361,45168399,2009-01-05,High,11,2021.14700,0.01,Regular Air,-60.39,205.99,5.99
424,57253,477659,12671287,2009-01-05,Critical,25,2750.10700,0.04,Regular Air,667.45,125.99,5.26
2376,28451,120431,31467554,2009-01-05,Critical,21,4201.08000,0.01,Regular Air,1162.76,194.30,11.54
3168,52386,651577,29172730,2009-01-05,High,6,700.73000,0.08,Delivery Truck,-188.58,120.97,26.30
3548,32418,188964,87034117,2009-01-05,Not Specified,5,1244.19000,0.08,Delivery Truck,-131.31,243.98,43.32
3690,1028,677142,45168399,2009-01-05,High,6,165.75000,0.03,Regular Air,-28.46,28.48,1.99
3721,57253,476021,12671287,2009-01-05,Critical,29,653.54000,0.06,Delivery Truck,-1358.90,20.98,53.03
3724,57253,180041,12671287,2009-01-05,Critical,43,78.08000,0.08,Regular Air,1.74,1.81,0.75
4011,28451,475727,31467554,2009-01-05,Critical,41,8958.46000,0.02,Regular Air,2593.14,209.84,21.21
5113,59232,940865,32396854,2009-01-05,High,23,725.43000,0.00,Regular Air,245.97,30.98,5.76
5448,57253,453581,12671287,2009-01-05,Critical,48,12635.75000,0.07,Regular Air,-335.24,279.48,35.00
5740,28451,399912,31467554,2009-01-05,Critical,33,4913.70000,0.00,Delivery Truck,1054.93,145.45,17.85
5894,290,334736,96713610,2009-01-05,Not Specified,24,188.73000,0.05,Regular Air,-32.48,7.64,5.83
5897,25601,539839,37673316,2009-01-05,Medium,43,257.41000,0.09,Regular Air,-131.08,5.98,4.69
608,16961,841964,7345328,2009-01-06,Not Specified,27,46.86000,0.06,Regular Air,-37.08,1.70,1.99
1060,14274,332331,75858772,2009-01-06,Not Specified,2,61.71850,0.03,Regular Air,-164.04,35.99,1.10
2449,14274,884540,75858772,2009-01-06,Not Specified,46,1413.89000,0.01,Express Air,-40.72,28.28,13.99
2467,6854,56825,24082624,2009-01-06,Medium,19,129.84000,0.05,Express Air,2.39,6.64,4.95
2468,6854,516201,24082624,2009-01-06,Medium,1,22.13000,0.07,Express Air,-2.39,7.68,6.16
3110,48226,160678,46851405,2009-01-06,Low,23,2357.45000,0.02,Delivery Truck,-108.80,100.98,35.84
4090,14274,515830,75858772,2009-01-06,Not Specified,23,3674.08000,0.01,Delivery Truck,112.44,150.98,30.00
4256,23488,793720,19646165,2009-01-06,High,29,101.77000,0.03,Regular Air,-73.19,3.28,3.97
6125,16770,672413,29705839,2009-01-06,Critical,17,37.06000,0.03,Regular Air,0.61,2.10,0.70
6534,23488,751161,38059837,2009-01-06,Critical,30,26133.39000,0.04,Delivery Truck,-11053.60,880.98,44.55
6675,41094,572974,12299029,2009-01-06,Low,6,159.05000,0.05,Regular Air,-153.46,20.34,35.00
7149,16961,886377,7345328,2009-01-06,Not Specified,34,1089.59000,0.01,Regular Air,433.24,30.98,5.09
7896,41094,723460,12299029,2009-01-06,Low,46,298.97000,0.09,Regular Air,-225.86,6.48,8.73
1298,3073,221283,104752832,2009-01-07,Medium,3,10.58000,0.05,Regular Air,-11.58,1.98,4.77
2026,43909,166184,73805224,2009-01-07,High,46,737.25000,0.08,Regular Air,-199.13,15.99,13.18
2612,3073,205200,104752832,2009-01-07,Medium,3,2119.67000,0.07,Express Air,-2314.74,699.99,24.49
4010,32295,930353,31467554,2009-01-07,High,11,607.59700,0.07,Regular Air,-112.24,65.99,5.99
5103,33923,930353,99563074,2009-01-07,Low,34,1961.79150,0.05,Regular Air,425.75,65.99,5.99
5211,40704,592380,77082747,2009-01-07,Low,6,11.57000,0.01,Regular Air,-2.06,1.76,0.70
5602,18405,942944,83750888,2009-01-07,Medium,30,610.65000,0.09,Express Air,60.27,20.98,8.83
5971,3073,147664,104752832,2009-01-07,Medium,7,45923.76000,0.07,Regular Air,102.61,6783.02,24.49
463,30083,923574,69981415,2009-01-08,Not Specified,23,324.28000,0.07,Regular Air,20.43,14.56,3.50
779,4193,871664,23649246,2009-01-08,High,16,64.29000,0.07,Regular Air,14.42,4.13,0.99
2050,7203,507331,50111887,2009-01-08,High,25,21752.01000,0.03,Regular Air,9296.35,896.99,19.99
2281,4193,105932,23649246,2009-01-08,High,3,75.77000,0.03,Regular Air,64.25,22.72,8.99
243,40097,805629,104516246,2009-01-09,Low,47,117.88000,0.10,Regular Air,-71.00,2.60,2.40
1196,31715,259382,68894717,2009-01-09,Not Specified,11,68.50000,0.01,Regular Air,-53.85,5.38,7.57
1217,58343,638256,9279285,2009-01-09,Not Specified,39,121.87000,0.07,Regular Air,11.32,3.29,1.35
1488,18561,599985,65028410,2009-01-09,Not Specified,9,45.87000,0.02,Regular Air,-38.90,4.13,6.89
1840,8576,152427,45209405,2009-01-09,High,43,541.45000,0.00,Express Air,-164.25,11.66,8.99
4127,31715,951158,104577129,2009-01-09,Not Specified,24,64.11000,0.09,Regular Air,-4.09,2.78,0.97
4173,31715,695980,68894717,2009-01-09,Not Specified,44,145.19000,0.05,Regular Air,-116.87,3.28,3.97
4298,47138,156820,20427219,2009-01-09,Low,1,107.95000,0.04,Regular Air,-506.31,125.99,8.99
2368,20037,592044,56549626,2009-01-10,Low,35,1009.42000,0.02,Regular Air,339.58,29.18,8.55
2403,14596,68351,76457359,2009-01-10,Critical,24,199.12000,0.01,Regular Air,73.33,8.34,0.96
2506,28290,719525,97394565,2009-01-10,Low,43,1307.35000,0.05,Express Air,-154.24,30.42,8.65
2507,28290,711463,97394565,2009-01-10,Low,3,523.58000,0.01,Express Air,-179.36,161.55,19.99
4042,14596,695980,76457359,2009-01-10,Critical,19,63.14000,0.06,Regular Air,-53.75,3.28,3.97
4686,31553,685823,15239298,2009-01-10,Critical,32,4906.85000,0.09,Regular Air,1907.94,162.93,19.99
4891,33988,125017,85163678,2009-01-10,Medium,30,164.78000,0.00,Regular Air,-128.47,5.02,5.14
5061,55367,884527,73720984,2009-01-10,Critical,31,2137.10000,0.05,Delivery Truck,-686.01,70.98,46.74
5063,55367,855099,73720984,2009-01-10,Critical,48,571.17000,0.05,Regular Air,129.87,11.55,2.36
5134,28999,315687,78666432,2009-01-10,High,34,1177.50000,0.02,Regular Air,420.05,33.98,1.99
7153,44391,1039422,61795149,2009-01-10,Not Specified,16,112.81000,0.02,Regular Air,-85.23,6.48,9.17
3333,33797,924265,109724217,2009-01-11,Not Specified,29,138.17000,0.05,Express Air,-103.78,4.14,6.60
5026,33797,540818,70839917,2009-01-11,Not Specified,18,262.94000,0.06,Regular Air,-22.37,14.42,6.75
5698,21830,582987,106488141,2009-01-11,Low,19,6991.65000,0.08,Delivery Truck,906.80,399.98,12.06
6688,33797,452225,70839917,2009-01-11,Not Specified,44,574.50000,0.02,Regular Air,-449.04,12.99,14.37
6991,19655,982190,30354681,2009-01-11,High,31,1143.45000,0.06,Regular Air,304.42,39.24,1.99
7829,33797,103518,109724217,2009-01-11,Not Specified,18,216.87000,0.03,Regular Air,30.53,11.34,5.01
127,7461,789601,38038963,2009-01-12,Low,28,260.79000,0.00,Regular Air,111.40,8.74,1.39
1758,37862,299230,86531956,2009-01-12,Not Specified,27,1603.27000,0.01,Regular Air,452.49,59.98,3.99
1906,7461,649343,38038963,2009-01-12,Low,44,90.35000,0.02,Regular Air,-16.72,1.98,0.70
2561,20549,285813,12566604,2009-01-12,Not Specified,40,1030.09000,0.09,Regular Air,-568.71,27.75,19.99
3574,7461,884090,38038963,2009-01-12,Low,12,4080.30000,0.05,Delivery Truck,593.79,350.99,39.00
6776,43362,1045401,45761281,2009-01-12,Critical,45,15963.09000,0.03,Delivery Truck,4276.73,350.98,30.00
6777,43362,852778,45761281,2009-01-12,Critical,33,58.48000,0.04,Regular Air,2.72,1.68,1.00
6907,27813,760927,20218610,2009-01-12,Medium,10,401.14000,0.10,Regular Air,-131.03,40.98,6.50
2739,51623,332624,47237797,2009-01-13,Critical,17,39.23000,0.06,Regular Air,-66.58,2.08,5.33
6469,13602,399912,3724839,2009-01-13,Low,3,445.34000,0.03,Delivery Truck,-377.90,145.45,17.85
7418,25541,337774,13788018,2009-01-13,Low,50,297.76000,0.07,Regular Air,-111.34,5.98,5.79
7763,13602,985428,3724839,2009-01-13,Low,13,660.99000,0.02,Regular Air,267.67,48.04,5.09
226,30567,245102,79755549,2009-01-14,Not Specified,14,2690.84000,0.10,Delivery Truck,-368.02,208.16,68.02
1972,30567,285119,79755549,2009-01-14,Not Specified,3,38.71000,0.01,Express Air,23.00,9.48,7.29
3616,30567,269026,79755549,2009-01-14,Not Specified,14,62.60000,0.02,Regular Air,7.32,4.28,0.94
3801,8325,250765,21047871,2009-01-14,Critical,21,2364.29000,0.08,Delivery Truck,-220.05,115.99,56.14
3802,8325,269026,21047871,2009-01-14,Critical,27,112.57000,0.08,Regular Air,13.92,4.28,0.94
4556,43911,318701,37999431,2009-01-14,Medium,23,7484.31000,0.06,Delivery Truck,1278.45,320.98,58.95
4814,34691,669077,31645785,2009-01-14,Critical,27,217.68000,0.08,Regular Air,-168.75,7.77,9.23
5351,30567,639545,79755549,2009-01-14,Not Specified,8,733.55000,0.07,Regular Air,103.13,90.48,19.99
6306,43911,119069,37999431,2009-01-14,Medium,36,9920.85000,0.00,Delivery Truck,2685.19,264.98,17.86
6307,43911,453581,37999431,2009-01-14,Medium,29,577.89000,0.06,Regular Air,-53.89,19.99,11.17
6543,34691,79748,31645785,2009-01-14,Critical,23,7202.94000,0.02,Delivery Truck,1425.11,306.14,26.53
7807,34691,473902,31645785,2009-01-14,Critical,13,245.82000,0.10,Express Air,-7.39,18.97,9.54
679,12676,793455,38326802,2009-01-15,High,25,201.06000,0.08,Express Air,-80.86,8.09,7.96
1688,37729,182998,9599437,2009-01-15,Not Specified,48,447.89000,0.00,Regular Air,-26.78,8.60,6.19
4992,6884,388781,23284184,2009-01-15,Low,41,217.00000,0.01,Regular Air,-61.21,4.98,4.75
5102,22243,674668,12119240,2009-01-15,Critical,9,24.76000,0.09,Regular Air,-1.82,2.88,0.70
6673,6884,444836,23284184,2009-01-15,Low,47,296.13000,0.04,Regular Air,119.09,6.35,1.02
7457,48773,598953,64147312,2009-01-15,Medium,7,51.27000,0.06,Regular Air,3.27,7.04,2.17
483,31781,947521,103235308,2009-01-16,Medium,41,78.49000,0.03,Regular Air,5.53,1.81,0.75
2100,31781,918216,103235308,2009-01-16,Medium,46,249.02000,0.10,Regular Air,-282.61,5.81,8.49
3091,22147,105932,5091209,2009-01-16,Low,37,832.14000,0.04,Regular Air,175.07,22.72,8.99
3178,49541,657927,54537998,2009-01-16,Medium,35,503.75000,0.00,Regular Air,16.46,13.43,5.50
3542,30915,156820,63582475,2009-01-16,Low,25,2836.05050,0.01,Regular Air,561.13,125.99,8.99
5268,30915,112938,63582475,2009-01-16,Low,20,62.78000,0.04,Express Air,-17.75,2.98,2.03
5832,39173,593359,94848024,2009-01-16,Critical,36,76.48000,0.09,Regular Air,3.23,2.18,0.78
6142,2370,221286,25911898,2009-01-16,Critical,6,679.60000,0.02,Regular Air,-85.76,110.98,13.99
6144,2370,467302,25911898,2009-01-16,Critical,30,257.42000,0.01,Regular Air,59.18,8.01,2.87
70,12771,961470,84795584,2009-01-17,Critical,40,1143.49000,0.08,Regular Air,-193.44,30.53,19.99
734,46884,512866,57987295,2009-01-17,Medium,3,337.33950,0.00,Regular Air,-509.94,125.99,2.50
2675,32868,736479,14961350,2009-01-17,Not Specified,39,1101.28000,0.05,Regular Air,200.53,28.15,6.17
3512,46884,855099,58046234,2009-01-17,Medium,25,280.43000,0.10,Regular Air,39.52,11.55,2.36
3541,12771,744609,84795584,2009-01-17,Critical,46,78.08000,0.01,Regular Air,-43.10,1.68,1.57
4039,43620,947059,79432579,2009-01-17,Medium,13,196.22000,0.05,Regular Air,-89.35,14.81,13.32
4041,43620,850189,79432579,2009-01-17,Medium,11,49.76000,0.05,Express Air,-0.13,4.20,2.26
4283,18945,536153,86487510,2009-01-17,Medium,33,528.54000,0.06,Regular Air,168.54,16.48,1.99
5634,46884,219855,57987295,2009-01-17,Medium,18,130.11000,0.10,Regular Air,40.30,7.64,1.39
5727,10272,639545,27586976,2009-01-17,Medium,3,299.08000,0.03,Regular Air,-50.43,90.48,19.99
6697,1921,967842,51465599,2009-01-17,Medium,24,7871.91000,0.05,Delivery Truck,541.47,328.14,91.05
7268,10272,621870,27586976,2009-01-17,Medium,26,566.39000,0.06,Regular Air,76.43,22.84,8.18
190,48199,881139,26995184,2009-01-18,Not Specified,47,672.46000,0.10,Regular Air,279.74,15.74,1.39
1201,22118,346151,86789397,2009-01-18,High,50,2842.54000,0.05,Regular Air,1315.75,58.10,1.49
1465,58784,314991,10010675,2009-01-18,Medium,20,331.21000,0.04,Express Air,-67.38,15.99,9.40
4349,58784,884090,10010675,2009-01-18,Medium,25,8875.17000,0.05,Delivery Truck,2372.08,350.99,39.00
5792,58784,957636,11726321,2009-01-18,Medium,12,141.90000,0.02,Regular Air,1.46,11.58,5.72
5793,58784,934862,11726321,2009-01-18,Medium,17,278.76000,0.02,Regular Air,-210.09,15.51,17.78
7316,58784,905789,11726321,2009-01-18,Medium,29,1379.10000,0.06,Regular Air,573.80,48.91,5.81
3218,20711,1003701,92823303,2009-01-19,Critical,5,98.66000,0.10,Regular Air,-19.52,18.97,9.03
3866,16999,74067,57407328,2009-01-19,Critical,18,3568.45000,0.09,Regular Air,1081.62,207.48,0.99
4348,20711,1048806,75847676,2009-01-19,Critical,18,2215.96000,0.00,Delivery Truck,-101.66,119.99,56.14
4443,66,116812,80862950,2009-01-19,Low,41,108.15000,0.09,Regular Air,7.57,2.88,0.70
2030,44197,893965,48760545,2009-01-20,High,27,3970.33000,0.02,Delivery Truck,-229.79,140.98,53.48
2757,38340,338935,41264800,2009-01-20,Critical,36,2167.05000,0.02,Regular Air,684.90,60.22,3.50
587,52608,899010,28609672,2009-01-21,Low,36,147.71000,0.05,Regular Air,40.04,3.98,0.70
1490,37638,599985,48889817,2009-01-21,Low,33,139.98000,0.07,Regular Air,-140.54,4.13,6.89
1592,38021,659453,15052698,2009-01-21,Medium,36,173.22000,0.02,Regular Air,81.77,4.91,0.50
2005,35936,728557,60636010,2009-01-21,Medium,40,4152.55000,0.03,Regular Air,813.33,105.34,24.49
3667,32800,476021,51065809,2009-01-21,Not Specified,33,11336.37000,0.04,Delivery Truck,1161.75,355.98,58.92
4242,49505,1005967,69252035,2009-01-21,Critical,34,335.59000,0.04,Express Air,85.83,9.78,1.99
5059,31138,688094,104142658,2009-01-21,High,37,1251.18000,0.05,Delivery Truck,-1756.44,31.76,45.51
5400,32800,410393,51065809,2009-01-21,Not Specified,19,354.13000,0.09,Regular Air,8.79,19.98,8.68
5401,32800,410393,51065809,2009-01-21,Not Specified,40,751.94000,0.07,Regular Air,69.08,19.98,8.68
5418,38021,339725,65181272,2009-01-21,Medium,46,1482.01000,0.02,Regular Air,709.33,30.44,1.49
5799,58759,467302,28395632,2009-01-21,Low,4,33.44000,0.10,Regular Air,-6.88,8.01,2.87
6202,38021,409791,15052698,2009-01-21,Medium,16,4407.03000,0.04,Delivery Truck,834.96,279.81,23.19
7029,35936,996641,60636010,2009-01-21,Medium,41,312.26000,0.08,Regular Air,-10.38,7.84,4.71
7463,49505,996641,69252035,2009-01-21,Critical,12,97.74000,0.04,Regular Air,-8.50,7.84,4.71
874,53891,238390,66982166,2009-01-22,High,25,2570.94400,0.03,Express Air,553.36,115.99,5.92
1570,55360,155970,103153738,2009-01-22,Medium,49,134.83000,0.07,Regular Air,50.74,2.89,0.50
2135,28225,643318,51054401,2009-01-22,Critical,9,206.04000,0.00,Regular Air,-49.81,20.28,14.39
2196,28225,322672,88328172,2009-01-22,Critical,13,1160.59000,0.01,Regular Air,-330.14,80.98,35.00
2348,53891,1007032,66982166,2009-01-22,High,44,4039.72000,0.02,Express Air,-237.60,92.23,39.61
2805,55360,899480,103153738,2009-01-22,Medium,39,8865.10000,0.00,Delivery Truck,1517.12,217.85,29.10
3482,53891,232999,71252044,2009-01-22,High,36,562.80000,0.02,Regular Air,-17.45,15.22,9.73
3989,53891,98806,66982166,2009-01-22,High,27,4584.73000,0.07,Regular Air,812.38,179.99,19.99
5294,7815,220034,80727603,2009-01-22,Critical,6,187.37000,0.09,Regular Air,-125.96,32.98,5.50
5847,13636,751161,67636836,2009-01-22,Low,32,28180.08000,0.02,Delivery Truck,7513.88,880.98,44.55
1243,10661,260010,30297651,2009-01-23,Not Specified,18,136.41000,0.00,Regular Air,-99.34,6.84,8.37
3554,10661,940865,96327900,2009-01-23,Not Specified,42,1312.65000,0.07,Regular Air,488.31,30.98,5.76
3148,29319,1039462,30535909,2009-01-24,Low,21,4429.69000,0.03,Express Air,983.55,199.99,24.49
3217,33025,376545,18255550,2009-01-24,Low,5,318.31000,0.08,Regular Air,-19.06,67.84,0.99
3760,19234,540818,34495598,2009-01-24,High,24,359.65000,0.01,Regular Air,-11.15,14.42,6.75
4292,58277,216645,32605811,2009-01-24,Medium,23,294.68000,0.01,Regular Air,-23.35,11.70,6.96
6480,29319,752212,30535909,2009-01-24,Low,30,6654.39000,0.10,Regular Air,1151.69,238.40,24.49
635,12869,259219,104503994,2009-01-25,Not Specified,15,1532.48200,0.10,Regular Air,-43.00,125.99,8.99
2485,7043,448604,55032223,2009-01-25,Critical,4,11.08000,0.06,Regular Air,-8.93,1.74,4.08
1572,20422,155970,28799558,2009-01-26,High,5,15.38000,0.01,Regular Air,1.61,2.89,0.50
2755,24544,56287,41264800,2009-01-26,High,31,4587.30000,0.08,Express Air,1771.15,150.98,13.99
2756,24544,111176,41264800,2009-01-26,High,39,1243.45000,0.10,Regular Air,-1212.55,32.48,35.00
3075,55937,136430,70909580,2009-01-26,Medium,24,7332.08800,0.06,Delivery Truck,53.79,376.13,85.63
3317,17186,265590,61800710,2009-01-26,Medium,49,4321.63000,0.08,Regular Air,-1549.14,90.98,56.20
4381,24544,870163,41264800,2009-01-26,High,15,403.71000,0.03,Delivery Truck,-97.47,25.98,14.36
4446,20422,510087,28799558,2009-01-26,High,30,447.33000,0.03,Regular Air,115.21,14.34,5.00
4706,55937,326421,70909580,2009-01-26,Medium,10,392.77000,0.09,Regular Air,-146.20,39.98,7.12
7823,17186,484348,61800710,2009-01-26,Medium,11,67.14000,0.07,Regular Air,-29.98,5.98,5.35
586,15718,667910,81275177,2009-01-27,Critical,41,1863.02000,0.03,Regular Air,360.63,43.98,8.99
3812,15718,1084658,81275177,2009-01-27,Critical,36,100.87000,0.09,Regular Air,8.40,2.94,0.70
5534,15718,688400,81275177,2009-01-27,Critical,50,55.89000,0.06,Regular Air,-3.05,1.14,0.70
5849,10530,609559,24082624,2009-01-27,Medium,4,377.21300,0.02,Regular Air,-411.65,110.99,2.50
7502,11686,550577,32605811,2009-01-27,Not Specified,38,6121.19850,0.08,Regular Air,1312.34,205.99,2.50
1302,17155,424146,37535131,2009-01-28,Medium,36,267.53000,0.00,Express Air,85.17,6.88,2.00
1620,8868,299230,84641727,2009-01-28,Low,3,190.45000,0.02,Regular Air,-44.05,59.98,3.99
2622,17155,111176,37535131,2009-01-28,Medium,31,1065.26000,0.03,Express Air,-900.27,32.48,35.00
3782,19047,744609,67539279,2009-01-28,High,3,6.76000,0.02,Regular Air,-4.28,1.68,1.57
7121,19047,175765,67539279,2009-01-28,High,1,67.49000,0.06,Regular Air,-22.82,55.48,14.30
7600,8868,352478,84641727,2009-01-28,Low,34,179.99000,0.03,Regular Air,-102.27,5.18,5.74
1470,20480,861428,37146022,2009-01-29,Medium,4,1042.63000,0.02,Delivery Truck,-219.93,240.98,60.20
3244,20480,648476,107565533,2009-01-29,Medium,38,16147.61000,0.02,Regular Air,7604.95,420.98,19.99
6412,20484,908570,74374530,2009-01-29,Critical,14,1122.63750,0.09,Regular Air,17.68,95.99,4.90
4780,35847,224619,78116987,2009-01-30,Critical,23,361.65000,0.08,Express Air,-144.27,15.98,8.99
5195,5316,318385,95834317,2009-01-30,Critical,42,1285.37000,0.10,Regular Air,514.07,31.78,1.99
6807,21383,260366,7499162,2009-01-30,Low,31,16066.85000,0.07,Regular Air,7416.43,574.74,24.49
1287,18595,858912,65628978,2009-01-31,Critical,16,138.55000,0.03,Regular Air,0.90,8.34,2.64
1312,15270,30902,44768806,2009-01-31,Not Specified,36,257.91000,0.00,Regular Air,90.86,6.98,1.60
1602,30341,428893,48564444,2009-01-31,Low,41,239.75000,0.09,Regular Air,105.91,6.30,0.50
4224,18595,277631,65628978,2009-01-31,Critical,6,451.44000,0.10,Regular Air,-35.19,78.65,13.99
5997,52416,334736,21729136,2009-01-31,Not Specified,6,49.81000,0.05,Regular Air,-16.95,7.64,5.83
6209,30341,953470,48564444,2009-01-31,Low,42,6244.18000,0.09,Delivery Truck,470.30,160.98,30.00
6212,30341,990083,48564444,2009-01-31,Low,30,150.20000,0.00,Regular Air,62.46,4.98,0.80
7639,40101,632804,20484349,2009-01-31,Low,46,2188.06000,0.10,Express Air,33.77,49.99,19.99
192,4454,364652,26995184,2009-02-01,Low,17,55.45000,0.01,Regular Air,21.42,3.08,0.50
4934,30053,102341,51326221,2009-02-01,Critical,41,3279.01000,0.06,Delivery Truck,349.22,80.97,33.60
7885,32676,403940,60200887,2009-02-01,Critical,37,1697.44000,0.06,Regular Air,523.43,45.19,1.99
682,39904,793455,25873692,2009-02-02,Not Specified,44,363.92000,0.00,Regular Air,-144.56,8.09,7.96
1946,13604,265590,26995184,2009-02-02,Not Specified,42,3609.88000,0.07,Regular Air,-1396.22,90.98,56.20
2032,55713,381761,23674656,2009-02-02,High,49,5718.85000,0.09,Delivery Truck,-2426.55,122.99,70.20
4785,19493,272345,50446311,2009-02-02,Critical,31,4713.25000,0.10,Regular Air,-372.49,154.13,69.00
6685,38529,688400,33281016,2009-02-02,Low,38,44.85000,0.02,Regular Air,-0.49,1.14,0.70
1002,21222,753117,46667676,2009-02-03,Not Specified,26,846.08150,0.02,Regular Air,-120.93,35.99,5.00
4049,21222,912860,46667676,2009-02-03,Not Specified,36,181.39000,0.10,Regular Air,-32.40,5.08,3.63
1362,35776,375694,93290663,2009-02-04,Medium,36,213.74000,0.06,Regular Air,-32.15,5.81,3.37
1428,25120,494051,59478070,2009-02-04,Medium,22,179.22000,0.01,Regular Air,-139.90,7.28,11.15
1429,25120,175474,59478070,2009-02-04,Medium,46,237.15000,0.00,Regular Air,123.02,4.91,0.50
1734,59459,841964,81926227,2009-02-04,Medium,40,69.66000,0.07,Regular Air,-51.42,1.70,1.99
1934,14400,779048,21703579,2009-02-04,Medium,43,6089.05000,0.08,Delivery Truck,-2110.56,146.05,80.20
2285,14627,211281,93141025,2009-02-04,Medium,47,671.03000,0.07,Regular Air,67.86,14.48,6.46
2824,41988,657927,48564444,2009-02-04,Low,14,181.49000,0.10,Regular Air,-29.54,13.43,5.50
4274,35776,290269,93290663,2009-02-04,Medium,9,118.66000,0.05,Regular Air,32.68,12.97,1.49
4326,25120,308871,59478070,2009-02-04,Medium,10,71.86000,0.10,Regular Air,-35.52,6.68,6.93
4460,41988,180041,48564444,2009-02-04,Low,18,610.07000,0.07,Delivery Truck,-157.56,33.94,19.19
4609,17636,933643,37216054,2009-02-04,Low,2,7.01000,0.03,Regular Air,-4.20,2.94,0.96
5320,14400,1029916,21703579,2009-02-04,Medium,32,74.34000,0.05,Regular Air,-166.55,2.16,6.05
5333,44387,674000,26995184,2009-02-04,Low,20,173.09000,0.03,Regular Air,-6.71,8.34,4.82
6211,41988,399912,48564444,2009-02-04,Low,33,4610.35000,0.08,Delivery Truck,751.58,145.45,17.85
6983,14400,160229,21703579,2009-02-04,Medium,35,228.80000,0.03,Regular Air,-99.08,6.48,6.60
6993,44387,247078,26995184,2009-02-04,Low,50,1441.57000,0.07,Express Air,475.26,29.89,1.99
3099,35200,525720,55462305,2009-02-05,Medium,15,150.24000,0.08,Regular Air,-102.93,9.98,12.52
4232,417,585869,12009006,2009-02-05,Medium,39,15260.78000,0.07,Delivery Truck,8734.88,500.98,28.14
4233,417,314204,12009006,2009-02-05,Medium,3,540.41000,0.10,Regular Air,-170.98,178.47,19.99
5695,10310,671330,92512595,2009-02-05,Low,6,926.58500,0.10,Regular Air,-655.42,195.99,3.99
5696,10310,545294,92512595,2009-02-05,Low,48,139.86000,0.07,Regular Air,9.59,2.88,1.01
6468,26945,491753,65592088,2009-02-05,Critical,29,221.33000,0.00,Regular Air,77.33,7.28,1.77
6579,36068,409791,80914914,2009-02-05,Critical,23,6133.18000,0.06,Delivery Truck,1243.17,279.81,23.19
3804,28772,690604,13226561,2009-02-06,High,16,950.46400,0.02,Regular Air,-763.80,71.37,69.00
5236,41543,953470,68464052,2009-02-06,Low,45,7548.65000,0.03,Delivery Truck,1385.35,160.98,30.00
5238,41543,967595,68464052,2009-02-06,Low,24,1318.86850,0.03,Regular Air,172.33,65.99,3.99
5526,28772,434079,13226561,2009-02-06,High,4,705.68700,0.03,Express Air,-803.08,205.99,8.99
6630,26724,637817,48835684,2009-02-06,Critical,2,1838.18000,0.09,Regular Air,-2531.48,999.99,13.99
6282,44002,823075,20484349,2009-02-07,Medium,14,261.85000,0.03,Regular Air,-52.33,17.70,9.47
6333,46981,255922,62607421,2009-02-07,Medium,46,1398.87000,0.07,Regular Air,601.96,30.56,2.99
6548,23808,410393,63405025,2009-02-07,Low,30,630.14000,0.04,Regular Air,108.00,19.98,8.68
7641,44002,165314,20484349,2009-02-07,Medium,46,320.93000,0.05,Regular Air,-66.48,6.68,5.66
2112,20162,564488,34697007,2009-02-08,Medium,38,607.42000,0.03,Regular Air,-254.14,15.16,15.09
4178,3138,98806,49422276,2009-02-08,Not Specified,4,718.03000,0.07,Express Air,-427.47,179.99,19.99
5126,59942,224619,30988102,2009-02-08,Medium,47,714.46000,0.07,Regular Air,-268.65,15.98,8.99
6881,56581,485887,21904093,2009-02-08,High,20,2026.01000,0.10,Express Air,580.43,105.98,13.99
1471,40128,861428,43859307,2009-02-09,Low,43,10318.72000,0.01,Delivery Truck,1445.36,240.98,60.20
285,52258,680802,8230900,2009-02-10,Low,5,63.85000,0.04,Regular Air,40.44,12.22,2.85
2528,41604,1012355,86395368,2009-02-10,Medium,22,138.24000,0.06,Regular Air,-48.22,6.37,5.19
3181,44325,643318,30809672,2009-02-10,Medium,44,951.33000,0.00,Regular Air,-60.66,20.28,14.39
6610,31078,250373,48663618,2009-02-10,Critical,7,104.46000,0.01,Regular Air,-36.77,13.99,7.51
7258,9222,103518,74076626,2009-02-10,High,41,473.67000,0.04,Regular Air,78.20,11.34,5.01
2237,45414,179381,83750888,2009-02-11,Critical,17,1002.73000,0.08,Regular Air,-563.86,60.98,49.00
2984,47493,192660,38671459,2009-02-11,Critical,36,9757.48000,0.07,Delivery Truck,-96.05,270.98,50.00
3673,18790,629536,59440797,2009-02-11,High,7,13253.93000,0.01,Delivery Truck,-1596.75,2036.48,14.70
5545,14983,314388,96063089,2009-02-11,High,48,8475.96200,0.05,Express Air,2497.94,205.99,8.99
5546,14983,240546,96063089,2009-02-11,High,18,3015.49400,0.08,Regular Air,251.54,205.99,8.99
1982,833,150664,104516246,2009-02-12,Medium,1,19.32000,0.03,Regular Air,-20.32,12.53,7.17
2735,59104,962312,48889817,2009-02-12,High,13,197.61000,0.08,Express Air,3.46,14.27,7.27
3136,14211,56287,83738891,2009-02-12,Not Specified,22,3220.58000,0.04,Regular Air,1046.69,150.98,13.99
3137,14211,454214,83738891,2009-02-12,Not Specified,14,2367.99000,0.04,Regular Air,320.10,176.19,11.87
3572,57856,951158,40615970,2009-02-12,Medium,31,92.18000,0.02,Regular Air,5.70,2.78,0.97
5789,14823,459865,49413655,2009-02-12,Low,15,103.62000,0.10,Regular Air,39.98,7.31,0.49
5791,14823,523179,49413655,2009-02-12,Low,20,124.84000,0.08,Regular Air,10.56,6.70,1.56
6114,59104,102816,48889817,2009-02-12,High,22,68.92000,0.04,Regular Air,2.63,2.98,1.58
6115,59104,1037740,48889817,2009-02-12,High,38,3594.74350,0.05,Regular Air,1016.97,115.99,2.50
6967,57856,523991,40615970,2009-02-12,Medium,17,127.45000,0.06,Regular Air,-42.17,7.10,6.05
7008,42339,981266,95284420,2009-02-12,Critical,31,206.54000,0.02,Regular Air,-178.82,6.48,9.68
7308,52227,1017940,2378178,2009-02-12,Medium,37,240.52000,0.05,Regular Air,-164.18,6.48,8.19
2438,21572,120431,94803589,2009-02-13,Critical,42,8549.04000,0.03,Regular Air,2861.01,194.30,11.54
4026,54055,764509,88555704,2009-02-13,Critical,44,5483.96000,0.02,Delivery Truck,-1330.50,120.98,58.64
4112,16612,789291,67636836,2009-02-13,High,45,3699.22000,0.05,Delivery Truck,565.18,80.97,30.06
5765,57506,761908,18074009,2009-02-13,Medium,48,332.55000,0.10,Regular Air,-66.87,7.28,5.47
7343,16612,653263,67636836,2009-02-13,High,6,48.93000,0.00,Regular Air,-38.72,6.48,10.05
2246,56452,73324,13719044,2009-02-14,Not Specified,34,6686.34400,0.00,Delivery Truck,1192.04,236.97,59.24
6113,13408,161786,65028410,2009-02-14,Low,4,256.77000,0.04,Regular Air,173.89,60.65,12.23
6595,14913,410393,30320771,2009-02-14,High,47,1003.43000,0.01,Regular Air,208.06,19.98,8.68
130,34498,789601,60181220,2009-02-15,Low,4,47.12000,0.09,Express Air,10.80,8.74,1.39
526,46119,783568,11934383,2009-02-15,Critical,20,154.13000,0.07,Regular Air,57.31,7.98,1.25
1908,34498,1003701,60181220,2009-02-15,Low,3,62.89000,0.09,Regular Air,-23.20,18.97,9.03
2132,46119,301122,11934383,2009-02-15,Critical,46,18824.42000,0.07,Delivery Truck,-575.35,417.40,75.23
2133,46119,49841,11934383,2009-02-15,Critical,23,93.05000,0.03,Regular Air,15.27,3.80,1.49
2244,32741,278621,77243589,2009-02-15,Low,13,136.24000,0.07,Regular Air,-81.77,9.71,9.45
4984,33095,381438,21051246,2009-02-15,Not Specified,30,4846.74000,0.01,Regular Air,1689.93,159.99,5.50
4985,33095,206992,21051246,2009-02-15,Not Specified,34,2548.30000,0.10,Regular Air,875.57,78.69,19.99
176,32037,182998,66378277,2009-02-16,Low,37,311.66000,0.04,Regular Air,-63.81,8.60,6.19
1937,32037,920949,66378277,2009-02-16,Low,15,9862.51000,0.07,Regular Air,325.29,699.99,24.49
5129,55874,401561,70190430,2009-02-16,Medium,41,228.30000,0.01,Express Air,-111.72,4.98,4.62
5599,55874,209997,65762504,2009-02-16,Medium,24,129.53000,0.06,Regular Air,33.01,5.68,1.39
5814,48998,957636,82597127,2009-02-16,Low,15,180.39000,0.04,Regular Air,-8.11,11.58,6.97
7930,55874,523991,70190430,2009-02-16,Medium,28,208.83000,0.00,Regular Air,-60.15,7.10,6.05
1324,22083,159149,44424960,2009-02-17,Critical,2,16.81000,0.05,Express Air,-4.14,6.04,2.14
2117,59170,931500,102008024,2009-02-17,High,10,607.77000,0.04,Regular Air,232.00,62.18,10.84
2119,59170,760319,102008024,2009-02-17,High,22,954.57000,0.03,Regular Air,-380.90,41.47,34.20
5498,59170,388220,102008024,2009-02-17,High,5,8767.62000,0.04,Regular Air,-1510.89,1938.02,13.99
7105,59170,500519,102008024,2009-02-17,High,44,242.46000,0.02,Regular Air,9.30,5.34,2.99
4687,16547,476021,28822817,2009-02-18,Not Specified,30,10554.63000,0.09,Delivery Truck,1240.25,355.98,58.92
503,36455,851117,102008024,2009-02-19,High,48,1838.19000,0.03,Regular Air,561.43,39.48,1.99
4083,18471,134191,55895790,2009-02-19,Not Specified,4,10.96000,0.02,Regular Air,-8.02,2.08,2.56
4084,18471,308520,55895790,2009-02-19,Not Specified,37,226.65000,0.00,Regular Air,46.41,5.98,0.96
7237,47011,852845,76978560,2009-02-19,High,33,373.13000,0.05,Regular Air,-35.26,11.29,5.03
7330,18471,333937,55895790,2009-02-19,Not Specified,29,185.61000,0.02,Regular Air,-47.12,5.98,5.46
7625,56483,59843,6499919,2009-02-19,High,37,158.62000,0.05,Regular Air,-104.57,4.28,5.17
843,55300,816179,98758480,2009-02-20,High,48,180.48000,0.01,Regular Air,82.38,3.75,0.50
2323,55300,542188,98758480,2009-02-20,High,31,350.48000,0.02,Regular Air,-231.05,10.68,13.04
2324,55300,392324,98758480,2009-02-20,High,37,159.89000,0.03,Regular Air,-185.17,4.06,6.89
3329,53511,134249,66098717,2009-02-20,Medium,49,491.93000,0.04,Regular Air,-53.62,9.65,6.22
3330,53511,918216,66098717,2009-02-20,Medium,41,241.10000,0.07,Regular Air,-243.24,5.81,8.49
3400,58182,1050983,10582134,2009-02-20,High,24,479.13000,0.05,Express Air,166.92,19.23,6.15
1554,57509,175474,82540287,2009-02-21,Low,39,199.39000,0.10,Express Air,101.13,4.91,0.50
7571,38087,90051,99377938,2009-02-21,Critical,18,901.81000,0.02,Regular Air,-76.89,49.99,19.99
4752,39072,1006899,83808705,2009-02-22,High,50,1633.37000,0.08,Regular Air,144.69,34.99,7.73
4998,54947,524096,23558649,2009-02-22,Not Specified,42,1498.46000,0.02,Regular Air,565.37,34.23,5.02
4999,54947,401561,23558649,2009-02-22,Not Specified,27,132.36000,0.05,Regular Air,-98.35,4.98,4.62
6632,6368,105743,66362746,2009-02-22,Not Specified,40,19100.45000,0.00,Delivery Truck,6839.95,442.14,14.70
738,36643,539744,45316579,2009-02-23,Critical,17,240.87000,0.01,Regular Air,-36.77,13.79,8.78
2253,36643,775181,45316579,2009-02-23,Critical,30,1025.02000,0.04,Regular Air,87.03,33.29,8.74
3213,58310,386136,38157437,2009-02-23,Critical,22,834.81000,0.03,Regular Air,1.98,37.76,12.90
6585,28256,947094,88719131,2009-02-23,High,19,467.40000,0.01,Delivery Truck,-851.09,20.98,53.03
1778,18816,196600,49594142,2009-02-24,Critical,12,580.46000,0.03,Express Air,108.96,48.58,3.99
4967,37441,279374,15048550,2009-02-24,Critical,46,14740.51000,0.00,Delivery Truck,3407.73,300.98,164.73
4968,37441,933643,15048550,2009-02-24,Critical,1,3.77000,0.09,Regular Air,-1.84,2.94,0.96
6316,11008,126366,90439294,2009-02-24,Critical,17,2545.89000,0.01,Regular Air,-321.51,138.14,35.00
809,49123,564279,97965401,2009-02-25,High,3,25.48000,0.06,Regular Air,-26.80,8.33,1.99
811,49123,312562,97965401,2009-02-25,High,31,305.76000,0.10,Regular Air,-22.53,10.44,5.75
2677,48230,322672,53648269,2009-02-25,Not Specified,31,2645.80000,0.00,Regular Air,-684.78,80.98,35.00
2678,48230,592044,53648269,2009-02-25,Not Specified,39,1140.26000,0.04,Express Air,387.20,29.18,8.55
2846,18819,661590,42701778,2009-02-25,Low,22,1102.30000,0.10,Regular Air,98.12,50.98,22.24
252,30564,803900,101777049,2009-02-26,Critical,20,606.39850,0.09,Regular Air,126.13,35.99,5.99
292,18279,564279,19890992,2009-02-26,Medium,22,184.35000,0.07,Regular Air,11.95,8.33,1.99
1304,30215,424146,81910228,2009-02-26,Medium,20,125.84000,0.10,Regular Air,18.42,6.88,2.00
3304,57890,559984,101448325,2009-02-26,Critical,15,803.04000,0.08,Regular Air,282.32,55.48,6.79
5380,18279,472903,19890992,2009-02-26,Medium,20,10281.79000,0.03,Regular Air,3272.90,499.99,24.49
6205,43846,707900,29025972,2009-02-26,High,9,31.36000,0.10,Regular Air,-8.28,3.60,2.20
6904,30215,538394,41926635,2009-02-26,Medium,23,3637.72800,0.06,Regular Air,349.47,195.99,8.99
7142,1059,500519,81275177,2009-02-26,Critical,22,127.33000,0.02,Regular Air,5.30,5.34,2.99
7143,1059,450484,81275177,2009-02-26,Critical,24,990.10000,0.03,Regular Air,310.22,40.98,7.47
473,51937,738036,10136898,2009-02-27,High,39,11613.13000,0.05,Delivery Truck,2816.21,294.62,42.52
3543,39846,401561,2717381,2009-02-27,Low,14,71.47000,0.06,Regular Air,-62.73,4.98,4.62
4180,39846,34354,12566604,2009-02-27,Low,10,1372.14000,0.06,Delivery Truck,-340.98,130.98,54.74
5532,6979,217793,36255546,2009-02-27,Critical,28,334.89000,0.03,Regular Air,-1.44,11.99,5.99
6187,14916,746290,7210830,2009-02-27,Low,16,1685.94100,0.07,Express Air,21.02,125.99,8.80
1943,41888,87215,41989638,2009-02-28,Low,18,1979.47000,0.10,Regular Air,690.27,120.98,9.07
3600,41888,500073,41989638,2009-02-28,Low,23,187.80000,0.08,Express Air,-41.83,8.32,2.38
6992,41888,412186,41989638,2009-02-28,Low,29,2823.03700,0.10,Regular Air,372.40,125.99,4.20
7882,57958,538069,24718220,2009-02-28,Critical,46,1419.83000,0.07,Express Air,385.80,30.98,8.74
2596,22917,360858,59645894,2009-03-01,Medium,1,3550.28000,0.06,Express Air,-11769.17,3499.99,24.49
3367,22851,332624,34402979,2009-03-01,Critical,13,32.37000,0.00,Regular Air,-48.55,2.08,5.33
4871,22851,878513,34402979,2009-03-01,Critical,38,1409.08750,0.06,Express Air,233.56,45.99,4.99
4872,22851,677142,34402979,2009-03-01,Critical,25,667.36000,0.09,Regular Air,218.89,28.48,1.99
5157,11302,419790,87335700,2009-03-01,Low,10,866.66000,0.09,Delivery Truck,35.29,90.97,14.00
5481,8258,844963,10136898,2009-03-01,High,37,434.77000,0.02,Regular Air,-155.21,11.34,11.25
7677,19042,450484,20282629,2009-03-01,Critical,8,327.61000,0.07,Regular Air,54.90,40.98,7.47
614,21703,344239,9479478,2009-03-02,Not Specified,15,2211.73400,0.02,Express Air,80.76,175.99,4.99
615,21703,481924,9479478,2009-03-02,Not Specified,3,12.01000,0.00,Regular Air,-1.08,3.69,0.50
812,54369,564279,9630170,2009-03-02,Not Specified,47,421.08000,0.00,Express Air,82.31,8.33,1.99
1940,41153,279720,30354681,2009-03-02,Medium,29,862.20000,0.10,Regular Air,-45.10,30.73,4.00
2187,21703,1007032,9479478,2009-03-02,Not Specified,20,1846.76000,0.03,Regular Air,3.14,92.23,39.61
6629,46021,288283,76333349,2009-03-02,High,1,199.48000,0.08,Delivery Truck,-120.24,170.98,35.89
2165,12544,332624,17332515,2009-03-03,Low,34,74.30000,0.08,Regular Air,-129.01,2.08,5.33
3639,28291,661224,27242353,2009-03-04,Critical,14,3950.60000,0.02,Delivery Truck,-477.66,280.98,57.00
5499,10022,245758,24223712,2009-03-04,Low,1,12.18000,0.06,Regular Air,-3.88,10.14,2.27
5687,20166,240546,97965401,2009-03-04,Low,6,973.86200,0.10,Regular Air,-693.33,205.99,8.99
713,53152,275481,77243589,2009-03-05,Medium,36,2051.82350,0.01,Express Air,350.36,65.99,8.80
3413,53152,661762,77916927,2009-03-05,Medium,5,185.79000,0.02,Regular Air,-159.68,34.98,7.53
3638,12934,695980,14548487,2009-03-05,Not Specified,27,96.99000,0.02,Express Air,-66.35,3.28,3.97
4870,20773,672241,34402979,2009-03-05,Not Specified,44,479.96000,0.08,Regular Air,122.54,10.91,2.99
5045,5828,839366,91550526,2009-03-05,Low,21,6005.21000,0.08,Delivery Truck,-450.70,296.18,54.12
6615,53152,410393,77916927,2009-03-05,Medium,9,186.67000,0.02,Regular Air,2.06,19.98,8.68
6616,53152,453581,77916927,2009-03-05,Medium,9,196.41000,0.01,Regular Air,27.91,19.99,11.17
6806,2466,612619,71617670,2009-03-05,Critical,25,2553.84000,0.05,Regular Air,553.70,107.53,5.81
2566,24391,490695,38079848,2009-03-06,Low,14,3236.80000,0.08,Delivery Truck,501.69,230.98,23.78
2591,49154,179381,67755932,2009-03-06,Medium,26,1523.50000,0.07,Regular Air,-807.89,60.98,49.00
4642,1799,461227,19652649,2009-03-06,Not Specified,10,1187.12000,0.06,Delivery Truck,-127.30,113.98,30.00
7712,1799,814247,19652649,2009-03-06,Not Specified,16,108.31000,0.05,Regular Air,-52.77,6.48,6.86
5924,49412,515534,40344994,2009-03-07,Critical,20,9418.14000,0.09,Delivery Truck,909.36,517.48,16.63
134,13542,789601,96145776,2009-03-08,Low,33,310.44000,0.03,Regular Air,-90.21,8.74,8.29
2129,37510,711463,21396956,2009-03-08,Critical,15,2466.02000,0.02,Regular Air,243.73,161.55,19.99
2410,8709,681369,49508194,2009-03-08,High,50,2451.41000,0.07,Regular Air,773.36,51.98,10.17
3576,13542,279374,96145776,2009-03-08,Low,11,3571.84000,0.01,Delivery Truck,403.81,300.98,64.73
4045,8709,102341,49508194,2009-03-08,High,11,851.24000,0.10,Delivery Truck,-149.46,80.97,33.60
172,59776,547380,28130934,2009-03-09,Low,35,285.01000,0.01,Express Air,124.82,7.64,1.39
1147,59879,771470,44725860,2009-03-09,Not Specified,33,987.31750,0.04,Express Air,368.56,35.99,3.30
2184,52870,50693,61795149,2009-03-09,Not Specified,21,118.51000,0.03,Regular Air,-948.71,3.25,49.00
3401,58434,1050983,87509764,2009-03-09,High,42,843.53000,0.04,Regular Air,268.32,19.23,6.15
3592,59776,366386,28130934,2009-03-09,Low,33,12215.43000,0.07,Delivery Truck,5255.45,400.97,48.26
1458,13632,930660,23386707,2009-03-10,Medium,6,608.93000,0.01,Express Air,-193.96,99.99,19.99
5592,37095,147664,70910022,2009-03-10,Low,3,18888.00000,0.09,Regular Air,-14140.70,6783.02,24.49
8003,34497,1073132,18723161,2009-03-10,Medium,36,175.35000,0.10,Regular Air,-174.18,4.98,7.54
8004,34497,621870,18723161,2009-03-10,Medium,25,590.60000,0.00,Regular Air,117.73,22.84,8.18
836,27111,933326,46184923,2009-03-11,High,44,774.05250,0.08,Express Air,-96.34,20.99,3.30
1689,2373,182998,54575080,2009-03-11,Not Specified,36,317.59000,0.06,Regular Air,-46.12,8.60,6.19
2321,27111,226162,46184923,2009-03-11,High,18,3497.05000,0.00,Regular Air,282.18,193.17,19.99
7250,27111,690859,46184923,2009-03-11,High,11,1064.23000,0.06,Regular Air,-127.56,99.99,19.99
511,14176,803900,96628821,2009-03-12,Low,39,1233.47750,0.01,Regular Air,453.80,35.99,5.99
2704,45987,207567,77123402,2009-03-12,Not Specified,31,131.43000,0.01,Regular Air,37.25,4.00,1.30
2796,33217,681369,23905406,2009-03-12,High,34,1806.65000,0.05,Regular Air,599.04,51.98,10.17
2836,25574,762722,77009680,2009-03-12,Not Specified,46,5074.07000,0.00,Delivery Truck,-1390.53,100.98,57.38
2837,25574,640984,77009680,2009-03-12,Not Specified,31,1526.67000,0.01,Express Air,118.82,47.98,3.61
1234,40518,341229,102100618,2009-03-13,Critical,3,17.52000,0.05,Regular Air,-12.16,4.13,5.04
4188,28258,585386,12997708,2009-03-13,Critical,2,201.17800,0.07,Regular Air,-604.41,125.99,2.50
7405,28258,690859,12997708,2009-03-13,Critical,25,2493.24000,0.03,Regular Air,293.66,99.99,19.99
7623,23398,620362,83021824,2009-03-13,Medium,19,123.10000,0.06,Regular Air,-75.44,6.48,7.37
204,24193,529796,43018738,2009-03-14,Not Specified,19,1426.51250,0.04,Regular Air,-175.18,85.99,0.99
2177,46241,931500,28609672,2009-03-14,Not Specified,34,1932.58000,0.10,Regular Air,356.48,62.18,10.84
4005,7776,674050,56549626,2009-03-14,Medium,36,7223.59000,0.07,Delivery Truck,1769.81,200.98,23.76
5147,28647,272345,65794635,2009-03-14,Critical,38,5679.59000,0.09,Express Air,-1763.75,154.13,69.00
5338,24193,623126,43018738,2009-03-14,Not Specified,45,9539.60000,0.02,Delivery Truck,-163.63,200.98,55.96
6999,24193,59843,43018738,2009-03-14,Not Specified,24,109.86000,0.02,Regular Air,-63.87,4.28,5.17
1340,26855,213268,59450419,2009-03-15,High,13,396.04000,0.08,Regular Air,230.02,30.93,3.92
1468,11585,841915,81466627,2009-03-15,Medium,17,281.84000,0.10,Regular Air,-99.55,17.98,4.00
2686,53573,1016325,61100400,2009-03-15,Not Specified,6,93.73000,0.03,Regular Air,51.14,14.20,5.30
4515,1952,839366,38075002,2009-03-15,High,24,7287.55000,0.04,Delivery Truck,-715.78,296.18,54.12
5208,28480,592380,36982496,2009-03-15,Medium,17,30.62000,0.01,Regular Air,-1.56,1.76,0.70
6856,11585,748835,74478263,2009-03-15,Medium,2,200.75300,0.09,Regular Air,-605.37,125.99,8.99
3034,57476,361951,45783303,2009-03-16,High,17,357.91000,0.04,Regular Air,-52.12,21.38,8.99
4657,9383,725611,57458136,2009-03-16,Not Specified,11,82.42000,0.07,Regular Air,18.53,7.59,4.00
4666,57476,475585,45783303,2009-03-16,High,20,1351.43000,0.08,Delivery Truck,-550.43,68.81,60.00
6659,36807,845743,69566389,2009-03-16,Medium,14,211.88000,0.10,Regular Air,78.45,15.57,1.39
1721,39906,357620,36470311,2009-03-17,Medium,25,82.21000,0.04,Regular Air,15.25,3.38,1.09
4768,6498,665810,55460332,2009-03-17,Medium,38,336.85000,0.01,Express Air,-40.76,8.12,2.83
8039,9733,484348,97921616,2009-03-17,Not Specified,39,223.64000,0.10,Regular Air,-90.26,5.98,5.35
307,15170,518917,13884388,2009-03-18,Critical,19,356.46450,0.01,Regular Air,-9.11,20.99,4.81
1543,19299,533786,31307134,2009-03-18,Not Specified,10,29.23000,0.05,Regular Air,8.10,2.88,0.50
3098,23751,921326,55462305,2009-03-18,Medium,44,10364.36000,0.01,Delivery Truck,1049.03,220.98,64.66
4924,9894,476021,50274012,2009-03-18,High,16,5403.75000,0.08,Delivery Truck,103.83,355.98,58.92
5075,31941,277631,36554514,2009-03-18,Medium,32,2564.45000,0.01,Express Air,650.73,78.65,13.99
5742,53920,947094,56055651,2009-03-18,Critical,18,433.31000,0.05,Delivery Truck,-815.79,20.98,53.03
7404,43140,183960,88926329,2009-03-18,Critical,23,130.16000,0.10,Regular Air,-49.53,5.98,5.14
7913,31941,981266,36554514,2009-03-18,Medium,7,53.55000,0.07,Regular Air,-43.50,6.48,9.68
859,23429,767830,85718014,2009-03-19,Critical,19,1063.35000,0.07,Express Air,107.08,65.99,5.26
3377,49216,852926,8881763,2009-03-19,High,9,2503.86000,0.06,Delivery Truck,-172.48,270.97,28.06
3480,49216,642280,23852786,2009-03-19,High,11,259.69000,0.10,Regular Air,-45.82,24.92,12.98
3993,49216,793720,13226298,2009-03-19,High,28,96.71000,0.01,Regular Air,-72.44,3.28,3.97
5701,16676,632964,98758480,2009-03-19,High,39,936.80200,0.07,Regular Air,-12.08,28.99,8.59
5714,23429,953860,85718014,2009-03-19,Critical,28,154.61000,0.06,Regular Air,-82.82,5.34,5.63
6590,49216,223319,8881763,2009-03-19,High,29,374.67000,0.00,Express Air,30.63,12.28,6.35
90,38084,704553,47450738,2009-03-20,Not Specified,11,100.36000,0.02,Regular Air,18.41,9.11,2.15
362,2530,605916,65181272,2009-03-20,Medium,9,23.46000,0.06,Regular Air,4.58,2.61,0.50
1737,6116,284312,78253758,2009-03-20,Medium,7,150.77000,0.01,Regular Air,-72.23,19.98,4.00
3553,38084,489031,47450738,2009-03-20,Not Specified,33,404.91000,0.06,Regular Air,65.63,12.64,4.98
3557,6116,171277,89759693,2009-03-20,Medium,6,9620.82000,0.04,Regular Air,-1759.58,1637.53,24.49
5477,11077,1007862,10407796,2009-03-20,Low,30,4620.05000,0.06,Delivery Truck,-229.68,160.98,35.02
2640,26470,648476,69252035,2009-03-21,High,41,18081.76000,0.03,Regular Air,8822.28,420.98,19.99
6263,7719,747572,60937343,2009-03-21,Low,37,522.62000,0.02,Regular Air,34.52,13.48,4.51
6422,29766,147664,39007820,2009-03-21,Medium,13,89061.05000,0.00,Regular Air,27220.69,6783.02,24.49
6423,29766,240546,39007820,2009-03-21,Medium,40,6636.66400,0.08,Regular Air,1623.70,205.99,8.99
7226,13825,202436,31343539,2009-03-21,High,30,186.79000,0.09,Regular Air,-88.60,6.48,6.35
790,7136,851117,30491084,2009-03-22,High,17,642.90000,0.07,Regular Air,88.72,39.48,1.99
791,7136,175474,30491084,2009-03-22,High,9,47.28000,0.00,Regular Air,17.05,4.91,0.50
1142,39301,260010,89677213,2009-03-22,Medium,4,33.54000,0.08,Regular Air,-29.49,6.84,8.37
2054,48900,131291,61555104,2009-03-22,Not Specified,42,636.34000,0.08,Regular Air,-99.26,15.14,4.53
2400,8257,425256,80357374,2009-03-22,Low,5,7486.09000,0.05,Delivery Truck,-2561.32,1500.97,29.70
4038,8257,519574,80357374,2009-03-22,Low,5,22.77000,0.03,Regular Air,-6.20,4.28,1.60
5339,13252,953470,108626146,2009-03-22,Not Specified,44,7312.86000,0.03,Delivery Truck,1279.37,160.98,30.00
5441,48900,223319,61555104,2009-03-22,Not Specified,27,337.61000,0.03,Regular Air,15.61,12.28,6.35
5877,55776,399912,23462469,2009-03-22,Not Specified,32,4856.10000,0.01,Delivery Truck,1096.64,145.45,17.85
7299,8257,985428,80357374,2009-03-22,Low,18,881.32000,0.02,Regular Air,373.67,48.04,5.09
20,34017,293693,58046234,2009-03-23,High,20,103.39000,0.05,Express Air,29.17,4.84,0.71
2211,43650,710507,101792006,2009-03-23,Not Specified,3,1759.65000,0.06,Regular Air,-2213.75,599.99,24.49
5241,34017,382748,58046234,2009-03-23,High,28,435.39000,0.01,Regular Air,-48.97,14.98,7.69
5578,43650,361692,101792006,2009-03-23,Not Specified,7,88.59000,0.05,Regular Air,-26.29,11.97,5.81
5603,57382,249175,83750888,2009-03-23,Medium,25,106.04000,0.09,Regular Air,16.90,4.55,1.49
6870,50338,250373,37603216,2009-03-23,Not Specified,36,551.44000,0.00,Regular Air,28.70,13.99,7.51
783,32451,835501,97492463,2009-03-24,Not Specified,42,580.56000,0.10,Regular Air,163.63,14.28,2.99
1410,58628,736799,28941888,2009-03-24,Medium,23,2527.79200,0.09,Delivery Truck,-335.32,138.75,52.42
1860,57415,221926,74639533,2009-03-24,Medium,6,101.52000,0.02,Regular Air,-16.37,15.42,5.41
2598,37794,285119,81921479,2009-03-24,Low,6,60.67000,0.08,Regular Air,10.29,9.48,7.29
2600,37794,226162,81921479,2009-03-24,Low,32,6195.87000,0.03,Regular Air,781.03,193.17,19.99
3453,38721,56825,36409723,2009-03-24,Critical,17,107.56000,0.10,Regular Air,-25.00,6.64,54.95
6641,38721,639545,36409723,2009-03-24,Critical,15,1386.69000,0.05,Regular Air,363.00,90.48,19.99
2442,38565,370731,55895790,2009-03-25,Critical,20,234.09000,0.01,Express Air,-11.69,10.64,5.16
2698,51266,56287,59478070,2009-03-25,Not Specified,11,1610.29000,0.04,Regular Air,221.38,150.98,13.99
2699,51266,1003701,59478070,2009-03-25,Not Specified,30,617.51000,0.01,Regular Air,98.10,18.97,9.03
2874,10148,174009,10575811,2009-03-25,Low,27,14357.85000,0.02,Delivery Truck,3309.55,500.98,41.44
4327,51266,1006899,59478070,2009-03-25,Not Specified,46,1605.22000,0.05,Express Air,230.03,34.99,7.73
4693,1892,1067744,100500169,2009-03-25,Low,47,193.63000,0.05,Regular Air,-152.52,3.98,5.26
6487,323,209997,12756390,2009-03-25,Critical,20,108.09000,0.07,Regular Air,25.76,5.68,1.39
7514,51266,140003,59478070,2009-03-25,Not Specified,23,278.83000,0.03,Regular Air,35.16,12.28,4.86
7734,1892,1044002,100500169,2009-03-25,Low,9,64.29000,0.01,Regular Air,-18.85,6.48,5.40
7777,323,209703,12756390,2009-03-25,Critical,2,55.34000,0.06,Regular Air,-31.24,22.84,11.54
3655,51554,475585,85518221,2009-03-26,Medium,7,545.04000,0.05,Delivery Truck,-210.06,68.81,60.00
3657,51554,326842,85518221,2009-03-26,Medium,29,606.91000,0.09,Regular Air,-271.77,20.89,11.52
4373,31174,229792,29705839,2009-03-26,Not Specified,20,4520.60000,0.07,Regular Air,1944.38,225.04,11.79
5258,3653,475614,104239922,2009-03-26,Critical,41,271.11000,0.08,Regular Air,64.79,6.68,1.50
7547,31174,996641,29705839,2009-03-26,Not Specified,29,225.25000,0.03,Regular Air,-7.59,7.84,4.71
7950,46407,352478,57428241,2009-03-26,Not Specified,7,38.37000,0.10,Regular Air,-29.00,5.18,5.74
381,32869,250333,95816282,2009-03-27,Medium,39,5250.66250,0.10,Regular Air,930.99,175.99,8.99
2037,32869,998209,95816282,2009-03-27,Medium,49,2470.84000,0.05,Regular Air,25.04,51.65,18.45
2171,21633,739811,36255546,2009-03-27,Medium,29,547.82000,0.08,Regular Air,69.63,18.70,8.99
3143,39750,445991,83808705,2009-03-27,High,7,140.59000,0.01,Regular Air,-35.88,17.98,8.51
3697,32869,665810,95816282,2009-03-27,Medium,41,322.03000,0.06,Regular Air,-82.83,8.12,2.83
3808,33319,990587,40571381,2009-03-27,Not Specified,11,1736.26000,0.01,Delivery Truck,-505.76,150.89,60.20
4866,50816,209835,80914914,2009-03-27,High,26,733.92000,0.03,Regular Air,302.80,28.53,1.49
4867,50816,678670,80914914,2009-03-27,High,6,99.11000,0.01,Regular Air,-12.46,15.28,1.99
4959,22562,41129,30509837,2009-03-27,Medium,3,57.48000,0.00,Regular Air,-28.09,16.06,8.34
5431,32869,475614,95816282,2009-03-27,Medium,2,15.26000,0.01,Regular Air,-7.51,6.68,1.50
6580,50816,607882,80914914,2009-03-27,High,25,286.07000,0.07,Regular Air,-35.94,11.97,4.98
6662,22562,738097,30509837,2009-03-27,Medium,46,9304.20000,0.08,Delivery Truck,1981.17,213.45,14.70
6825,53953,836171,24337046,2009-03-27,Not Specified,36,307.65000,0.07,Regular Air,91.73,8.95,2.01
7887,22562,196575,30509837,2009-03-27,Medium,31,1685.05000,0.10,Regular Air,518.07,55.98,13.88
616,2144,344239,58189342,2009-03-28,Medium,40,5945.36750,0.08,Regular Air,1585.48,175.99,4.99
1862,48357,56287,99328710,2009-03-28,Not Specified,16,2365.43000,0.04,Regular Air,619.71,150.98,13.99
2922,9478,286374,78118572,2009-03-28,High,48,522.97000,0.04,Regular Air,29.98,10.40,5.40
3803,58116,870163,13226561,2009-03-28,Critical,6,171.77000,0.01,Delivery Truck,-59.88,25.98,14.36
4078,4516,308871,12932634,2009-03-28,Medium,42,294.78000,0.05,Regular Air,-113.45,6.68,6.93
4170,52576,419790,102020359,2009-03-28,Low,10,958.18000,0.03,Delivery Truck,126.81,90.97,14.00
7657,9478,857575,78118572,2009-03-28,High,48,199.46000,0.08,Regular Air,-121.20,4.28,4.79
451,16229,771470,17005974,2009-03-29,High,19,568.74350,0.05,Regular Air,143.79,35.99,3.30
4157,49125,1036331,86395368,2009-03-29,Not Specified,29,177.41000,0.05,Express Air,-116.05,5.78,7.64
5307,16229,760927,10374472,2009-03-29,High,27,1068.70000,0.04,Regular Air,-89.50,40.98,6.50
6200,58688,361692,33887422,2009-03-29,Not Specified,18,215.93000,0.08,Regular Air,-41.87,11.97,5.81
1128,22755,367450,57533478,2009-03-30,Medium,5,236.87800,0.06,Regular Air,-275.25,55.99,5.00
1130,22755,368543,57533478,2009-03-30,Medium,35,187.84000,0.00,Regular Air,-95.05,4.91,5.68
4437,2915,868096,63686255,2009-03-30,Low,23,987.17000,0.01,Regular Air,51.59,39.98,4.00
4438,2915,308520,63686255,2009-03-30,Low,41,231.26000,0.07,Regular Air,32.83,5.98,0.96
4862,10949,789291,97800678,2009-03-30,Medium,46,3449.26000,0.10,Delivery Truck,252.77,80.97,30.06
7364,22755,500519,57533478,2009-03-30,Medium,45,240.60000,0.04,Regular Air,3.45,5.34,2.99
7661,37859,103518,63476354,2009-03-30,Critical,2,29.03000,0.01,Regular Air,-11.83,11.34,5.01
311,48035,518917,85518221,2009-03-31,Critical,8,155.92400,0.09,Express Air,-63.12,20.99,4.81
1080,44772,259517,67912275,2009-03-31,Not Specified,1,54.07700,0.07,Express Air,-232.99,55.99,5.00
5537,29127,852778,28609672,2009-03-31,Critical,18,31.13000,0.06,Regular Air,-0.81,1.68,1.00
309,42242,930660,13884388,2009-04-01,Not Specified,23,2287.10000,0.07,Regular Air,231.49,99.99,19.99
531,8295,332331,25540872,2009-04-01,High,30,835.15050,0.09,Regular Air,158.18,35.99,1.10
3617,10978,526018,79755549,2009-04-01,Critical,9,566.53000,0.06,Delivery Truck,-209.60,60.98,30.00
3652,42242,23721,13884388,2009-04-01,Not Specified,15,1444.88000,0.10,Regular Air,236.61,100.97,7.18
3654,42242,663528,13884388,2009-04-01,Not Specified,23,265.31000,0.09,Express Air,-33.19,11.50,7.19
3775,8295,585386,25540872,2009-04-01,High,7,771.83400,0.01,Regular Air,-295.43,125.99,2.50
5029,17795,1012577,82491541,2009-04-01,Medium,1,17.62000,0.06,Regular Air,-15.92,11.33,6.12
3845,22978,295705,44297353,2009-04-02,Medium,28,1801.95000,0.03,Delivery Truck,-182.07,60.89,32.41
4562,53281,476021,78118572,2009-04-02,Critical,40,14075.99000,0.08,Delivery Truck,1894.14,355.98,58.92
4629,2754,330853,24699845,2009-04-02,High,16,1427.67000,0.04,Regular Air,422.80,90.24,0.99
5759,48518,455222,47862852,2009-04-02,Medium,17,585.47000,0.10,Express Air,178.14,37.94,5.08
7704,2754,712459,24699845,2009-04-02,High,11,499.26000,0.09,Express Air,144.05,47.90,5.86
3272,44225,931500,33115230,2009-04-03,High,29,1958.32000,0.00,Regular Air,632.29,62.18,10.84
107,46436,196162,44817590,2009-04-04,Low,46,1477.57200,0.00,Regular Air,840.05,35.99,0.99
1336,42693,460438,21729136,2009-04-04,High,33,2118.26000,0.01,Regular Air,554.22,59.76,9.71
1513,13959,175474,95652866,2009-04-04,Medium,47,228.46000,0.01,Regular Air,112.06,4.91,0.50
2760,13959,207567,95652866,2009-04-04,Medium,19,77.61000,0.09,Express Air,16.79,4.00,1.30
2780,22371,1047536,39501159,2009-04-04,High,8,70.55000,0.00,Regular Air,-66.17,7.38,11.51
7236,25475,938591,30491084,2009-04-04,Critical,49,305.96000,0.06,Regular Air,-191.49,6.48,7.49
1052,50016,72479,85106157,2009-04-05,High,15,1093.63550,0.05,Regular Air,119.17,85.99,0.99
1644,36452,877669,81815032,2009-04-05,High,26,564.98000,0.10,Regular Air,-107.51,22.38,15.10
2861,36452,168172,81815032,2009-04-05,High,18,129.48000,0.04,Regular Air,46.01,6.98,2.83
3286,13765,686278,100582712,2009-04-05,Not Specified,45,1553.38000,0.10,Regular Air,180.88,36.55,13.89
21,26918,293693,9130094,2009-04-06,Low,16,77.96000,0.05,Regular Air,16.65,4.84,0.71
605,42599,355734,54579533,2009-04-06,Medium,31,9459.94000,0.04,Delivery Truck,2023.75,300.98,54.92
697,10851,580148,57944229,2009-04-06,High,14,570.52850,0.02,Express Air,3.96,45.99,4.99
1359,14114,302517,33819770,2009-04-06,Critical,29,65.16000,0.03,Regular Air,-7.04,2.18,1.38
2078,35361,1003701,94892175,2009-04-06,Medium,40,746.93000,0.09,Express Air,67.03,18.97,9.03
2553,14530,192481,6954303,2009-04-06,High,17,1556.61000,0.06,Regular Air,-485.55,89.83,35.00
2554,14530,657927,6954303,2009-04-06,High,49,645.14000,0.10,Regular Air,-26.32,13.43,5.50
2908,5921,657927,30256039,2009-04-06,Low,27,384.74000,0.01,Express Air,2.69,13.43,5.50
3246,14114,176425,59398695,2009-04-06,Critical,41,241.90000,0.05,Regular Air,-136.70,5.77,5.92
5187,10851,238464,45040261,2009-04-06,High,50,608.21000,0.09,Regular Air,-175.13,12.88,4.59
5460,35361,674000,94892175,2009-04-06,Medium,37,313.40000,0.00,Regular Air,-5.05,8.34,4.82
6447,40544,161786,55459419,2009-04-06,Low,39,2413.53000,0.06,Regular Air,544.04,60.65,12.23
6533,14114,288283,59398695,2009-04-06,Critical,38,6532.48000,0.01,Delivery Truck,538.52,170.98,35.89
1532,34432,641495,76590642,2009-04-07,Not Specified,20,244.39000,0.08,Regular Air,114.10,12.53,0.50
2444,5509,408433,24098604,2009-04-07,Low,21,885.23000,0.03,Regular Air,78.98,40.89,18.98
2813,3777,1100539,78620006,2009-04-07,Medium,14,244.85000,0.06,Express Air,38.06,17.67,8.99
2940,10277,195341,52863444,2009-04-07,Medium,36,2144.92400,0.00,Regular Air,542.25,65.99,5.26
3698,8994,375957,95816282,2009-04-07,Low,36,1423.35000,0.10,Regular Air,-580.32,40.48,19.99
4407,34432,314204,76590642,2009-04-07,Not Specified,3,581.42000,0.02,Regular Air,-129.97,178.47,19.99
5815,5509,497806,24098604,2009-04-07,Low,11,68.46000,0.02,Regular Air,-22.48,5.58,5.30
1603,36838,428893,97936435,2009-04-08,Low,3,32.76000,0.06,Express Air,11.29,6.30,0.50
1769,12768,778385,34667672,2009-04-08,Critical,34,1562.97000,0.01,Express Air,501.59,42.98,4.62
4361,1189,727825,48889817,2009-04-08,Critical,27,129.10000,0.00,Regular Air,-59.82,4.42,4.99
5931,2722,491548,43284892,2009-04-08,Low,46,1895.55000,0.06,Regular Air,807.62,40.97,1.99
6816,31171,249175,49310468,2009-04-08,Not Specified,37,161.02000,0.08,Regular Air,32.19,4.55,1.49
7581,13028,940550,6913864,2009-04-08,Critical,39,1357.53000,0.05,Regular Air,562.92,35.44,5.09
659,39815,251489,99084990,2009-04-09,Low,43,4075.37600,0.05,Regular Air,841.73,115.99,8.99
2630,27491,532104,35080446,2009-04-09,Not Specified,36,350.71000,0.02,Regular Air,-15.30,9.77,6.02
2761,58914,712849,95652866,2009-04-09,Low,46,99.94000,0.07,Regular Air,-55.84,2.12,1.99
4237,27491,1006899,35080446,2009-04-09,Not Specified,2,75.23000,0.09,Regular Air,-51.50,34.99,7.73
4383,58914,828731,95652866,2009-04-09,Low,11,18.70000,0.07,Regular Air,-3.36,1.76,0.70
4830,40258,947059,64312175,2009-04-09,Not Specified,31,449.47000,0.05,Regular Air,-190.49,14.81,13.32
4831,40258,924995,64312175,2009-04-09,Not Specified,29,80.61000,0.08,Regular Air,-8.77,2.78,1.25
4972,8646,884090,29307407,2009-04-09,High,41,14377.78000,0.06,Delivery Truck,4161.98,350.99,39.00
4973,8646,242307,29307407,2009-04-09,High,8,85.85000,0.03,Regular Air,-327.65,4.48,49.00
5019,45120,366386,61502376,2009-04-09,Critical,39,14591.44000,0.07,Delivery Truck,5475.80,400.97,48.26
5981,27491,639545,35080446,2009-04-09,Not Specified,11,985.01000,0.04,Regular Air,186.05,90.48,19.99
6665,8646,37176,29307407,2009-04-09,High,29,9558.65000,0.09,Delivery Truck,2154.07,349.45,60.00
6667,8646,760927,29307407,2009-04-09,High,26,994.27000,0.09,Express Air,-127.11,40.98,6.50
6679,11174,992059,50465044,2009-04-09,Medium,30,3197.00300,0.07,Regular Air,603.46,125.99,7.69
335,20519,229356,79337791,2009-04-10,High,7,124.19000,0.03,Regular Air,-53.30,15.99,11.28
1948,51047,760319,3704525,2009-04-10,Medium,38,1685.07000,0.03,Regular Air,-681.97,41.47,34.20
2098,43269,351447,10136898,2009-04-10,Critical,24,3978.02000,0.08,Regular Air,1336.96,165.98,19.99
2148,20838,567128,28382862,2009-04-10,Not Specified,21,235.98000,0.03,Regular Air,11.82,10.98,3.37
3787,20838,793720,28382862,2009-04-10,Not Specified,5,20.17000,0.05,Regular Air,-15.42,3.28,3.97
4672,19975,216645,39007820,2009-04-10,Not Specified,33,362.17000,0.08,Regular Air,-83.96,11.70,6.96
5335,51047,786593,3704525,2009-04-10,Medium,28,65.70000,0.02,Express Air,-83.54,1.76,4.86
5617,27456,967842,73939563,2009-04-10,Not Specified,29,9492.92000,0.05,Delivery Truck,772.04,328.14,91.05
5671,29219,942547,97492463,2009-04-10,Not Specified,29,203.40000,0.04,Regular Air,24.59,7.08,2.35
7100,43269,905789,10136898,2009-04-10,Critical,16,843.15000,0.00,Regular Air,355.00,48.91,5.81
305,36706,506813,71604925,2009-04-11,Not Specified,7,355.97000,0.03,Regular Air,-4.46,48.04,19.99
306,36706,178608,71604925,2009-04-11,Not Specified,47,887.45000,0.10,Regular Air,365.79,20.98,1.49
1374,56677,680802,96387888,2009-04-11,High,35,430.55000,0.00,Regular Air,120.01,12.22,2.85
6683,58279,255922,61502376,2009-04-11,Medium,44,1317.34000,0.03,Regular Air,555.93,30.56,2.99
1289,55040,858912,47742901,2009-04-12,High,24,191.79000,0.10,Regular Air,-6.34,8.34,2.64
2606,55040,913152,47742901,2009-04-12,High,2,4692.26000,0.08,Delivery Truck,-7373.13,2550.14,29.70
2607,55040,515586,47742901,2009-04-12,High,34,290.01000,0.03,Regular Air,-160.28,8.04,8.94
5960,55040,316838,47742901,2009-04-12,High,8,292.38000,0.05,Regular Air,6.11,35.51,6.31
286,55046,494051,8230900,2009-04-13,Critical,2,29.32000,0.08,Express Air,-12.93,7.28,11.15
4851,44448,315687,20434205,2009-04-13,Critical,28,951.06000,0.02,Regular Air,331.27,33.98,1.99
6891,9635,357719,67873838,2009-04-13,Critical,1,3.42000,0.05,Regular Air,-2.91,1.88,1.49
1175,8422,658101,89179979,2009-04-14,Medium,33,1003.71000,0.01,Express Air,-22.82,29.10,4.00
2957,32999,160678,97525521,2009-04-14,Low,14,1386.65000,0.09,Delivery Truck,-193.58,100.98,35.84
3761,8422,839366,72728792,2009-04-14,Medium,18,4212.75200,0.06,Delivery Truck,-715.78,296.18,54.12
277,33220,709485,27242353,2009-04-15,Not Specified,40,736.96000,0.10,Regular Air,-34.29,19.98,10.49
2616,35041,564488,104752832,2009-04-15,Not Specified,28,443.73000,0.01,Regular Air,-200.86,15.16,15.09
4397,58818,367410,74510177,2009-04-15,Critical,20,4353.02000,0.10,Delivery Truck,661.77,226.67,28.16
4400,58818,87900,74510177,2009-04-15,Critical,41,998.05000,0.01,Regular Air,391.14,22.98,1.99
5372,33220,181963,27242353,2009-04-15,Not Specified,49,3291.13000,0.09,Regular Air,925.95,70.97,3.50
2258,19584,913152,86285514,2009-04-16,Critical,6,14535.80000,0.05,Delivery Truck,-3971.06,2550.14,29.70
3375,50337,913152,29962626,2009-04-16,Not Specified,6,14734.71000,0.10,Delivery Truck,-3798.01,2550.14,29.70
5529,96,748835,36255546,2009-04-16,High,37,4158.12350,0.01,Regular Air,1228.89,125.99,8.99
7844,50337,601310,29962626,2009-04-16,Not Specified,37,122.99000,0.00,Express Air,21.48,2.78,1.49
602,2756,656848,12859907,2009-04-17,Critical,42,248.54000,0.07,Regular Air,111.75,6.30,0.50
3709,11013,156820,50111887,2009-04-17,High,2,226.88200,0.01,Regular Air,-582.65,125.99,8.99
5366,30407,98988,4221093,2009-04-17,Low,41,17853.64000,0.02,Regular Air,6227.33,419.19,19.99
1053,11553,72479,55895790,2009-04-18,Medium,20,1531.41100,0.03,Regular Air,365.42,85.99,0.99
2440,11553,762722,55895790,2009-04-18,Medium,8,861.26000,0.07,Delivery Truck,-429.86,100.98,57.38
3744,2817,888848,69981415,2009-04-18,Medium,14,3830.14000,0.10,Regular Air,202.25,300.97,7.18
4081,11553,993502,55895790,2009-04-18,Medium,28,1350.34000,0.10,Express Air,-517.17,52.99,19.99
4708,8259,1083564,95436894,2009-04-18,Medium,25,2130.22000,0.09,Delivery Truck,-584.60,89.99,42.00
5475,2817,522924,69981415,2009-04-18,Medium,40,1559.86000,0.06,Regular Air,672.37,39.89,3.04
6346,54753,101065,38030197,2009-04-18,Medium,36,4711.24400,0.06,Regular Air,1380.32,155.99,3.90
6448,4674,905242,5091209,2009-04-18,Critical,23,3041.33000,0.02,Delivery Truck,-260.41,130.98,30.00
1898,30176,581893,80727603,2009-04-19,Low,30,2504.41000,0.01,Regular Air,-547.89,79.52,48.20
2229,59745,686879,25873692,2009-04-19,Not Specified,36,18092.66000,0.09,Regular Air,7917.76,525.98,19.99
2498,53798,381761,89677213,2009-04-19,Low,41,4987.73000,0.08,Delivery Truck,-1867.97,122.99,70.20
2626,48135,1100539,22307990,2009-04-19,High,40,750.14000,0.02,Regular Air,93.68,17.67,8.99
2781,48135,1039462,45703891,2009-04-19,High,20,3960.99000,0.09,Express Air,631.33,199.99,24.49
4143,53798,277631,89677213,2009-04-19,Low,29,2317.65000,0.00,Regular Air,568.60,78.65,13.99
6348,994,154899,34667672,2009-04-19,Low,38,132.07000,0.06,Regular Air,14.00,3.58,1.63
3111,41474,160678,57583255,2009-04-20,Not Specified,35,3640.83000,0.00,Delivery Truck,-6.80,100.98,35.84
3208,49511,697651,6669395,2009-04-20,High,35,150.29000,0.03,Express Air,5.04,3.69,2.50
4733,41474,231193,57583255,2009-04-20,Not Specified,50,225.94000,0.09,Regular Air,-89.13,4.77,2.39
6963,19367,73356,80727603,2009-04-20,High,20,112.42000,0.09,Regular Air,7.40,5.98,2.50
7091,44834,153113,30521001,2009-04-20,Medium,13,248.76000,0.10,Express Air,35.09,19.98,5.77
1770,56807,778385,48318195,2009-04-21,High,1,47.04000,0.06,Regular Air,-24.63,42.98,4.62
1893,40997,479067,44817590,2009-04-21,Low,37,881.74000,0.05,Regular Air,18.27,22.99,8.99
4888,35813,689598,10582134,2009-04-21,Critical,21,7841.57000,0.05,Express Air,2347.18,363.25,19.99
4889,35813,725611,10582134,2009-04-21,Critical,21,156.31000,0.06,Express Air,-9.81,7.59,4.00
5292,40997,109003,44817590,2009-04-21,Low,1,22.61000,0.03,Regular Air,-8.40,14.97,7.51
6962,40997,528466,44817590,2009-04-21,Low,12,382.29000,0.05,Express Air,61.47,30.98,9.18
8025,28736,709916,19747030,2009-04-21,High,26,1029.29000,0.06,Regular Air,109.16,40.99,17.48
1177,25927,416583,51472989,2009-04-22,Medium,14,422.83000,0.02,Regular Air,-21.06,29.74,6.64
3027,25927,614969,22856565,2009-04-22,Medium,43,945.90000,0.08,Regular Air,105.70,22.01,5.53
3261,9669,678382,43339092,2009-04-22,Medium,18,292.11000,0.04,Express Air,-91.95,15.42,10.68
4715,48257,386038,5091209,2009-04-22,Low,45,221.06000,0.02,Regular Air,-124.28,4.57,5.42
4852,13056,1019643,20434205,2009-04-22,Not Specified,33,3387.32000,0.05,Regular Air,1413.52,100.98,7.18
7872,17315,675603,34211408,2009-04-22,Low,29,159.11000,0.07,Regular Air,64.01,5.43,0.95
59,3808,484597,104239922,2009-04-23,Critical,2,6.13000,0.08,Regular Air,-2.83,2.89,0.49
504,50625,607679,102008024,2009-04-23,Medium,10,29.12000,0.08,Regular Air,7.13,2.88,0.50
1348,9665,91978,18174109,2009-04-23,Low,50,2348.66000,0.02,Regular Air,921.41,46.89,5.10
6004,9665,698263,18174109,2009-04-23,Low,19,2657.12000,0.05,Delivery Truck,-373.09,140.98,36.09
6928,44517,258761,63834266,2009-04-23,Medium,5,32.50000,0.03,Regular Air,-16.67,5.28,5.61
1186,51943,659453,96713610,2009-04-24,High,28,140.02000,0.03,Regular Air,66.71,4.91,0.50
2544,51943,962312,96713610,2009-04-24,High,13,196.04000,0.04,Regular Air,2.13,14.27,7.27
3559,24870,118378,56764115,2009-04-24,Low,38,1396.58000,0.03,Regular Air,600.72,35.41,1.99
3560,24870,872550,56764115,2009-04-24,Low,45,6448.69000,0.00,Regular Air,1663.35,142.86,19.99
4426,18336,116812,23344923,2009-04-24,Not Specified,1,7.96000,0.00,Express Air,-0.11,2.88,0.70
5895,51943,999980,96713610,2009-04-24,High,11,113.19000,0.04,Regular Air,-53.25,9.06,9.86
7041,55459,621870,51065809,2009-04-25,Critical,5,126.95000,0.00,Regular Air,-4.17,22.84,8.18
1673,13606,318215,73053407,2009-04-26,Not Specified,34,109.86000,0.07,Regular Air,19.04,3.38,0.85
3498,34567,507788,15639214,2009-04-26,Low,18,3344.11000,0.03,Delivery Truck,588.54,180.98,26.20
5220,11712,269026,50035826,2009-04-26,Low,9,38.96000,0.06,Regular Air,0.37,4.28,0.94
5623,23042,98988,19346760,2009-04-26,Medium,20,8048.45000,0.04,Regular Air,1947.67,419.19,19.99
832,43330,892166,46187622,2009-04-27,Not Specified,40,2205.75850,0.03,Regular Air,337.04,65.99,8.99
1492,12642,346151,40318451,2009-04-27,Critical,10,564.85000,0.09,Express Air,181.02,58.10,1.49
4365,12642,326421,40318451,2009-04-27,Critical,14,572.33000,0.01,Regular Air,-62.28,39.98,7.12
4986,14342,888848,75296554,2009-04-27,Low,38,10823.84000,0.09,Regular Air,3857.43,300.97,7.18
7115,29380,140003,11286401,2009-04-27,Not Specified,13,150.13000,0.09,Regular Air,1.73,12.28,4.86
391,23524,871664,76162149,2009-04-28,High,28,129.33000,0.04,Express Air,48.25,4.13,0.99
1290,54595,858912,60849801,2009-04-28,Medium,30,250.29000,0.02,Regular Air,6.79,8.34,2.64
3357,28839,858401,80914914,2009-04-28,Low,30,102.95000,0.06,Express Air,-175.86,3.34,7.49
5961,54595,905242,60849801,2009-04-28,Medium,41,5258.94000,0.09,Delivery Truck,-421.76,130.98,30.00
7064,23524,175765,76162149,2009-04-28,High,46,2461.23000,0.06,Regular Air,748.20,55.48,14.30
7162,38501,307544,88328172,2009-04-28,Critical,11,78.68000,0.05,Regular Air,-29.07,6.48,6.22
4420,44320,272345,102857204,2009-04-29,Medium,49,7002.08000,0.10,Regular Air,-1640.51,154.13,69.00
5030,17669,1067150,37231359,2009-04-29,High,32,1116.03000,0.04,Regular Air,203.44,34.76,5.49
5172,55940,1019643,10035142,2009-04-29,Not Specified,29,2925.78000,0.03,Regular Air,1041.29,100.98,7.18
5929,4514,992059,25165064,2009-04-29,Medium,28,2841.43950,0.08,Regular Air,374.63,125.99,7.69
716,45380,275481,13719044,2009-04-30,Critical,34,1912.98450,0.06,Express Air,288.09,65.99,8.80
3894,45380,781610,13719044,2009-04-30,Critical,24,4170.86500,0.00,Express Air,1030.51,195.99,4.20
6786,41154,625704,88389057,2009-04-30,Low,43,938.37000,0.02,Regular Air,251.17,21.98,2.87
2472,15815,445951,58915465,2009-05-01,Critical,43,528.60000,0.01,Regular Air,52.59,11.70,5.63
2693,31364,674664,11928127,2009-05-01,Not Specified,2,789.01000,0.07,Regular Air,-539.59,415.88,11.37
3341,7431,335488,74561513,2009-05-01,Medium,33,78.81000,0.03,Regular Air,-93.25,2.23,4.57
5001,10146,524096,50465044,2009-05-01,Low,19,596.21000,0.10,Regular Air,211.59,34.23,5.02
5850,15815,249175,58915465,2009-05-01,Critical,24,107.41000,0.03,Regular Air,20.68,4.55,1.49
7495,13635,584472,14961350,2009-05-01,Critical,28,149.00000,0.06,Regular Air,-119.48,4.98,7.44
7497,13635,620362,14961350,2009-05-01,Critical,49,334.29000,0.01,Regular Air,-157.28,6.48,7.37
2668,40998,207567,76281881,2009-05-02,Medium,39,144.82000,0.08,Regular Air,28.40,4.00,1.30
4223,39460,585386,19317610,2009-05-02,Not Specified,19,2033.92250,0.02,Regular Air,251.20,125.99,2.50
7438,39460,523991,19317610,2009-05-02,Not Specified,25,172.42000,0.09,Regular Air,-71.60,7.10,6.05
7485,40998,247078,76281881,2009-05-02,Medium,43,1233.22000,0.05,Regular Air,385.46,29.89,1.99
7868,59363,598592,24754584,2009-05-02,High,24,158.91000,0.06,Regular Air,-38.57,6.68,5.20
684,6310,793455,82471832,2009-05-03,Not Specified,27,216.95000,0.08,Regular Air,-88.82,8.09,7.96
1742,36224,16735,62607421,2009-05-03,Medium,15,1765.45000,0.09,Express Air,374.82,120.98,3.99
2255,39141,91652,4569162,2009-05-03,Low,47,2259.66000,0.03,Regular Air,554.77,49.34,10.25
5638,39141,888317,4569162,2009-05-03,Low,49,1400.91000,0.09,Regular Air,-163.53,30.98,19.51
186,4389,397917,21462074,2009-05-04,Medium,42,2455.27600,0.04,Express Air,693.06,65.99,5.63
2329,1824,743734,64444841,2009-05-04,Critical,2,17.06000,0.09,Regular Air,-5.20,6.28,5.29
5088,2853,314204,77514197,2009-05-04,High,25,4253.65000,0.05,Express Air,943.00,178.47,19.99
5328,4389,953470,21462074,2009-05-04,Medium,49,7987.43000,0.03,Delivery Truck,1304.90,160.98,30.00
5329,4389,953860,21462074,2009-05-04,Medium,35,179.45000,0.07,Regular Air,-116.35,5.34,5.63
5435,49607,240546,19984778,2009-05-04,Medium,6,1056.64350,0.06,Regular Air,-586.20,205.99,8.99
5705,1824,165300,64444841,2009-05-04,Critical,39,10656.26000,0.06,Regular Air,3116.54,276.20,24.49
905,38503,259517,33272196,2009-05-05,Low,10,503.29350,0.02,Regular Air,-222.82,55.99,5.00
907,38503,16735,33272196,2009-05-05,Low,47,5567.79000,0.04,Regular Air,1726.66,120.98,3.99
2890,962,83432,73053407,2009-05-05,Low,33,4064.05000,0.06,Regular Air,1408.19,122.99,19.99
4519,962,475585,73053407,2009-05-05,Low,47,3213.87000,0.08,Delivery Truck,-1069.72,68.81,60.00
7171,27938,528466,45914050,2009-05-05,Medium,40,1233.51000,0.05,Regular Air,308.67,30.98,9.18
7275,38503,752280,33272196,2009-05-05,Low,32,796.03000,0.05,Delivery Truck,-133.71,23.99,15.68
1503,51873,704553,29705839,2009-05-06,High,29,265.92000,0.04,Regular Air,79.67,9.11,2.15
3062,50850,301122,54177895,2009-05-06,Critical,2,942.42000,0.02,Delivery Truck,-634.87,417.40,75.23
7738,50850,450484,54177895,2009-05-06,Critical,37,1599.54000,0.00,Regular Air,578.14,40.98,7.47
1062,1665,332331,18517094,2009-05-07,High,26,755.60750,0.05,Regular Air,149.17,35.99,1.10
1773,33696,428422,70199009,2009-05-07,High,2,57.73000,0.06,Regular Air,-101.41,27.48,4.00
3816,41253,888848,5044115,2009-05-07,Medium,5,1455.49000,0.07,Regular Air,-807.59,300.97,7.18
3836,11426,536153,104503994,2009-05-07,Medium,19,333.68000,0.01,Regular Air,81.96,16.48,1.99
6035,38756,623868,20427219,2009-05-07,Critical,43,2251.49700,0.09,Express Air,308.93,65.99,8.99
7080,24452,102789,102101268,2009-05-07,High,18,115.71000,0.08,Regular Air,-91.61,6.48,8.40
7449,17313,1010521,83620837,2009-05-07,High,27,130.49000,0.07,Express Air,47.09,4.76,0.88
8017,1829,601310,85276518,2009-05-07,High,48,133.04000,0.07,Regular Air,6.73,2.78,1.49
3092,7364,134974,103492523,2009-05-08,High,15,260.39000,0.09,Regular Air,-48.57,16.98,12.39
4798,55525,888848,107565533,2009-05-08,Low,1,291.40000,0.06,Regular Air,-763.16,300.97,7.18
6722,30759,390796,84793691,2009-05-08,Not Specified,2,64.79000,0.03,Regular Air,-41.32,29.34,7.87
1535,42631,641495,94347685,2009-05-09,High,18,211.40000,0.09,Regular Air,91.63,12.53,0.50
4408,42631,138468,94347685,2009-05-09,High,22,1148.03550,0.08,Express Air,21.98,65.99,8.99
6153,42631,994793,94347685,2009-05-09,High,41,257.66000,0.05,Regular Air,-69.23,6.48,2.74
7253,4839,723460,98758480,2009-05-09,Critical,24,159.43000,0.05,Regular Air,-120.59,6.48,8.73
7569,42631,1022569,94347685,2009-05-09,High,44,287.22000,0.06,Regular Air,-72.93,6.68,5.41
4364,39908,1006899,40318451,2009-05-10,Low,23,753.75000,0.10,Regular Air,31.17,34.99,7.73
6419,45218,994793,39765174,2009-05-10,Low,49,309.46000,0.08,Regular Air,-82.64,6.48,2.74
95,23360,234470,96327900,2009-05-11,Low,30,512.97000,0.01,Express Air,261.29,15.67,1.39
940,33317,335550,83933572,2009-05-11,High,13,602.42050,0.09,Regular Air,10.98,55.99,1.25
2046,56197,448604,23988283,2009-05-11,High,11,28.63000,0.09,Express Air,-21.17,1.74,4.08
2380,33317,278621,83933572,2009-05-11,High,5,58.90000,0.03,Regular Air,-36.90,9.71,9.45
2827,49984,49841,102974960,2009-05-11,Low,14,57.28000,0.02,Regular Air,7.31,3.80,1.49
3704,56197,530121,23988283,2009-05-11,High,45,8014.62400,0.08,Delivery Truck,1366.10,227.55,32.48
4015,33317,242307,83933572,2009-05-11,High,35,203.35000,0.08,Regular Air,-1605.73,4.48,49.00
5746,33317,1029916,83933572,2009-05-11,High,18,44.52000,0.03,Regular Air,-90.59,2.16,6.05
7593,49984,102789,102974960,2009-05-11,Low,32,227.87000,0.02,Regular Air,-130.61,6.48,8.40
4894,27460,584340,48663618,2009-05-12,Not Specified,31,196.58000,0.04,Regular Air,-102.16,5.98,4.38
5090,48772,206992,42911135,2009-05-12,Medium,44,3202.25000,0.09,Regular Air,991.26,78.69,19.99
5091,48772,611039,42911135,2009-05-12,Medium,18,57.17000,0.08,Regular Air,-24.03,3.28,2.31
5092,48772,448778,42911135,2009-05-12,Medium,12,41.97000,0.05,Regular Air,-37.03,3.28,4.20
6609,27460,715054,48663618,2009-05-12,Not Specified,7,855.03000,0.08,Regular Air,-1.68,128.24,12.65
6706,48772,154899,42911135,2009-05-12,Medium,10,35.64000,0.05,Regular Air,-0.71,3.58,1.63
7329,1314,79826,55895790,2009-05-12,Medium,4,42.58000,0.00,Regular Air,-7.61,9.27,4.39
7917,48772,563334,42911135,2009-05-12,Medium,11,81.25000,0.01,Regular Air,-44.54,6.48,7.86
1074,4647,863849,80187376,2009-05-13,Medium,34,482.93000,0.06,Regular Air,-67.59,13.90,7.59
1132,4647,367450,25562063,2009-05-13,Medium,33,1590.16300,0.01,Regular Air,-57.54,55.99,5.00
2891,28097,735084,81859317,2009-05-13,Medium,43,2438.70000,0.00,Regular Air,-1413.18,55.50,52.20
3415,36358,719525,40300751,2009-05-13,Not Specified,28,865.35000,0.06,Regular Air,-159.25,30.42,8.65
5209,4647,685823,58381259,2009-05-13,Medium,7,1203.73000,0.03,Regular Air,293.14,162.93,19.99
6483,13314,430465,67300487,2009-05-13,High,34,89.40000,0.08,Express Air,22.22,2.62,0.80
6620,36358,455222,40300751,2009-05-13,Not Specified,22,823.07000,0.02,Regular Air,318.25,37.94,5.08
6762,4647,957636,58381259,2009-05-13,Medium,6,75.19000,0.01,Regular Air,-6.61,11.58,5.72
4899,8132,391118,10166893,2009-05-14,Low,46,229.35000,0.08,Express Air,-165.45,4.89,4.93
5798,30852,908570,28395632,2009-05-14,Critical,35,2827.14250,0.01,Regular Air,713.88,95.99,4.90
7859,8132,904715,10166893,2009-05-14,Low,45,294.86000,0.07,Regular Air,-141.12,6.68,6.92
7888,10659,258761,10820132,2009-05-14,Critical,40,227.37000,0.00,Regular Air,-92.07,5.28,5.61
7942,43553,195368,85598616,2009-05-14,Not Specified,29,143.29000,0.05,Regular Air,-55.54,4.98,4.72
8040,36609,761140,65251160,2009-05-14,Not Specified,8,45.73000,0.00,Regular Air,-23.29,4.98,5.49
63,10048,114426,17033987,2009-05-15,Not Specified,21,78.57000,0.02,Regular Air,-20.65,3.68,1.32
1763,18496,145931,85804202,2009-05-15,High,30,991.01000,0.01,Regular Air,46.29,30.98,6.50
2661,41793,766415,22050539,2009-05-15,High,48,1286.87000,0.05,Regular Air,384.38,26.48,6.93
4275,8353,500073,56674083,2009-05-15,Medium,34,286.90000,0.06,Regular Air,-36.63,8.32,2.38
4276,8353,933643,56674083,2009-05-15,Medium,16,46.40000,0.08,Regular Air,-2.12,2.94,0.96
5112,6656,207098,37199328,2009-05-15,Critical,45,1802.00000,0.02,Regular Air,508.96,39.06,10.55
7674,18496,267787,85804202,2009-05-15,High,29,1267.42000,0.01,Regular Air,177.79,40.99,19.99
7922,6656,604095,37199328,2009-05-15,Critical,50,1832.22000,0.10,Regular Air,805.43,37.70,2.99
541,263,89922,79235541,2009-05-16,High,25,136.77000,0.09,Regular Air,-136.25,5.40,7.78
3822,21286,540818,12859907,2009-05-16,Critical,17,280.39000,0.00,Express Air,9.33,14.42,6.75
4409,13218,209835,49819071,2009-05-16,High,18,513.08000,0.03,Regular Air,198.94,28.53,1.49
6292,24358,587889,73881886,2009-05-16,Critical,27,7333.45000,0.07,Regular Air,-207.28,279.48,35.00
7570,13218,781408,49819071,2009-05-16,High,16,98.80000,0.07,Regular Air,-62.00,5.98,7.15
4764,3553,933643,91977284,2009-05-17,Medium,7,20.50000,0.06,Regular Air,-4.04,2.94,0.96
5016,59779,461227,60780393,2009-05-17,Low,30,3575.23000,0.04,Delivery Truck,87.88,113.98,30.00
6819,36131,479758,71138125,2009-05-17,High,26,493.43000,0.07,Regular Air,120.18,19.84,4.10
6826,36131,510440,94522709,2009-05-17,High,43,354.96000,0.07,Regular Air,151.27,8.34,1.43
7968,36131,239066,94522709,2009-05-17,High,26,130.97000,0.09,Regular Air,-83.42,4.98,6.07
995,38341,106849,35278592,2009-05-18,Medium,38,623.12650,0.09,Regular Air,122.29,20.99,0.99
2412,38341,821997,35278592,2009-05-18,Medium,15,62.62000,0.10,Express Air,-67.06,3.36,6.27
5442,58147,864079,61555104,2009-05-18,High,41,470.74000,0.04,Regular Air,24.09,10.98,3.99
5979,59207,102816,35080446,2009-05-18,Critical,3,10.12000,0.09,Regular Air,-4.07,2.98,1.58
7305,38341,140003,35278592,2009-05-18,Medium,5,64.25000,0.07,Regular Air,-7.94,12.28,4.86
3426,55909,657927,89960282,2009-05-19,Low,2,32.60000,0.03,Regular Air,-20.57,13.43,5.50
4989,8930,687346,91159117,2009-05-19,Medium,14,145.86000,0.04,Regular Air,-92.32,9.99,11.59
5111,55909,1006802,89287020,2009-05-19,Low,3,526.76000,0.07,Regular Air,-93.83,172.99,19.99
96,5698,234470,38344188,2009-05-20,Medium,7,108.26000,0.06,Regular Air,25.51,15.67,1.39
639,2725,986755,15369322,2009-05-20,Not Specified,39,2178.43100,0.01,Express Air,396.97,65.99,8.99
2611,20261,945043,40629636,2009-05-20,Medium,25,751.52000,0.09,Express Air,67.11,31.74,12.62
3114,20903,160678,40872584,2009-05-20,High,4,442.99000,0.04,Delivery Truck,-152.76,100.98,35.84
3555,5698,813730,38344188,2009-05-20,Medium,15,297.05000,0.09,Regular Air,-16.89,20.48,6.32
5964,20261,623868,40629636,2009-05-20,Medium,21,1259.45350,0.02,Express Air,168.24,65.99,8.99
5965,20261,444836,40629636,2009-05-20,Medium,36,220.48000,0.04,Regular Air,81.91,6.35,1.02
6044,32355,72789,61100400,2009-05-20,Not Specified,34,211.86000,0.01,Regular Air,-239.32,5.94,9.92
7511,32355,490474,61100400,2009-05-20,Not Specified,50,355.03000,0.00,Regular Air,-33.31,6.48,5.11
175,13735,547380,66378277,2009-05-21,Medium,36,281.71000,0.02,Regular Air,117.38,7.64,1.39
1083,39040,259517,19652929,2009-05-21,Critical,26,1204.50950,0.03,Regular Air,-221.25,55.99,5.00
1356,42949,352062,22050539,2009-05-21,Not Specified,40,202.11000,0.08,Regular Air,-17.49,5.00,3.39
1414,28069,954944,71827888,2009-05-21,Low,1,10.17000,0.02,Express Air,-4.09,5.18,2.04
1416,28069,793081,71827888,2009-05-21,Low,4,23.58000,0.09,Regular Air,-2.87,5.84,0.83
2654,38726,1036156,18174109,2009-05-21,Medium,44,92.86000,0.04,Regular Air,-11.28,2.08,1.49
3083,39040,649343,67831942,2009-05-21,Critical,7,19.36000,0.04,Express Air,-1.00,1.98,0.70
4269,42949,122114,22050539,2009-05-21,Not Specified,49,630.99000,0.07,Regular Air,-114.64,12.99,9.44
4436,23170,251746,63686255,2009-05-21,Not Specified,20,4252.89000,0.06,Express Air,969.42,218.08,18.06
4923,31810,340286,8347794,2009-05-21,Critical,46,355.55000,0.03,Regular Air,-166.74,7.28,7.98
6713,25472,990083,67791714,2009-05-21,High,40,194.02000,0.03,Regular Air,80.35,4.98,0.80
1090,22818,284312,70928312,2009-05-22,Low,19,360.24000,0.08,Regular Air,-53.82,19.98,4.00
3173,25509,392183,28399266,2009-05-22,Critical,43,212.28000,0.06,Regular Air,-103.22,4.98,4.95
4499,46853,945646,81815032,2009-05-22,Low,22,5648.69000,0.03,Regular Air,1489.80,256.99,11.25
4858,834,250765,40929835,2009-05-22,Medium,15,1813.04000,0.01,Delivery Truck,-164.40,115.99,56.14
5344,57666,947094,17767864,2009-05-22,Not Specified,44,941.99000,0.10,Delivery Truck,-2111.36,20.98,53.03
5841,22818,905242,70928312,2009-05-22,Critical,50,6277.75000,0.10,Delivery Truck,-592.43,130.98,30.00
1151,10663,464128,52327242,2009-05-23,High,40,104.39000,0.07,Regular Air,38.45,2.61,0.50
4203,19431,649376,48810863,2009-05-23,Not Specified,4,16.82000,0.08,Regular Air,-5.54,4.13,1.17
4389,26758,785102,31848876,2009-05-23,Not Specified,46,3519.12000,0.09,Express Air,315.33,77.51,4.00
4390,26758,116812,31848876,2009-05-23,Not Specified,37,108.33000,0.00,Regular Air,17.00,2.88,0.70
7227,55908,464694,50955308,2009-05-23,High,44,1844.97000,0.03,Regular Air,807.38,42.80,2.99
674,23205,593570,57407328,2009-05-24,High,26,7208.80000,0.02,Delivery Truck,-633.44,262.11,62.74
2843,5760,240897,18334625,2009-05-24,Not Specified,34,5261.73000,0.05,Delivery Truck,650.30,150.98,43.71
3570,12516,102341,40615970,2009-05-24,Low,31,2360.43000,0.10,Delivery Truck,66.22,80.97,33.60
3864,23205,665810,57407328,2009-05-24,High,32,263.39000,0.08,Express Air,-59.73,8.12,2.83
3865,23205,587480,57407328,2009-05-24,High,8,319.62000,0.08,Express Air,-16.64,40.98,7.20
5162,41091,251746,81685115,2009-05-24,Medium,32,6310.69000,0.10,Express Air,1318.83,218.08,18.06
6969,12516,490474,40615970,2009-05-24,Low,22,154.60000,0.02,Regular Air,-23.53,6.48,5.11
1095,59072,528379,69306501,2009-05-25,Not Specified,2,35.66600,0.06,Regular Air,-112.19,20.99,2.50
2051,9476,166184,50111887,2009-05-25,Not Specified,10,165.04000,0.08,Express Air,-66.59,15.99,13.18
2383,29637,445991,54172200,2009-05-25,High,34,598.19000,0.09,Regular Air,-6.61,17.98,8.51
4227,39335,231193,96580875,2009-05-25,Not Specified,24,113.23000,0.06,Regular Air,-45.64,4.77,2.39
5970,39335,1039077,96580875,2009-05-25,Not Specified,34,889.84000,0.10,Regular Air,204.49,27.18,8.23
6635,25445,255922,56607056,2009-05-25,Low,48,1444.00000,0.08,Regular Air,617.06,30.56,2.99
6857,3589,573049,30084133,2009-05-25,High,23,72.93000,0.01,Regular Air,28.55,3.15,0.49
7346,59072,854031,69306501,2009-05-25,Not Specified,38,4191.56250,0.00,Regular Air,1286.53,125.99,2.50
7347,59072,923732,69306501,2009-05-25,Not Specified,12,78.94000,0.03,Express Air,-51.70,5.44,7.46
7349,59072,155893,69306501,2009-05-25,Not Specified,22,576.89000,0.08,Regular Air,175.03,26.38,5.58
7703,6880,712459,62872976,2009-05-25,Medium,5,235.49000,0.06,Regular Air,21.78,47.90,5.86
99,57153,234470,59981908,2009-05-26,Critical,45,698.10000,0.01,Regular Air,336.25,15.67,1.39
452,51815,1029214,30521001,2009-05-26,Low,21,2292.10150,0.02,Regular Air,398.36,125.99,3.00
3556,57153,1012577,59981908,2009-05-26,Critical,9,106.05000,0.02,Regular Air,-14.52,11.33,6.12
5463,51815,72789,30521001,2009-05-26,Low,37,227.50000,0.01,Regular Air,-256.52,5.94,9.92
5862,39426,430465,86678719,2009-05-26,Critical,21,56.21000,0.05,Regular Air,12.71,2.62,0.80
6433,5222,37176,56692640,2009-05-26,Not Specified,40,14451.75000,0.01,Delivery Truck,4503.63,349.45,60.00
312,17408,518917,77579377,2009-05-27,Not Specified,41,728.12700,0.02,Regular Air,49.79,20.99,4.81
313,17408,89922,77579377,2009-05-27,Not Specified,26,149.70000,0.05,Express Air,-132.63,5.40,7.78
338,22402,259517,79337791,2009-05-27,Critical,1,51.83300,0.01,Regular Air,-235.90,55.99,5.00
1868,23076,1016325,44905147,2009-05-27,Critical,50,742.21000,0.03,Regular Air,122.21,14.20,5.30
7045,22402,604095,79337791,2009-05-27,Critical,33,1194.34000,0.04,Regular Air,497.11,37.70,2.99
2534,58337,896019,51472989,2009-05-28,Low,18,106.45000,0.03,Regular Air,-5.08,5.85,2.27
2703,6464,265590,97790785,2009-05-28,Medium,42,3991.99000,0.00,Regular Air,-1014.11,90.98,56.20
5761,16225,823075,88611817,2009-05-28,Critical,30,550.29000,0.03,Regular Air,-82.50,17.70,9.47
6063,6464,226603,97790785,2009-05-28,Medium,1,57.84000,0.07,Regular Air,-41.77,60.97,4.50
6116,21190,1029312,48889817,2009-05-28,Medium,28,1062.69000,0.01,Regular Air,401.80,35.94,6.66
6937,56486,484348,75726086,2009-05-28,Critical,11,73.62000,0.03,Regular Air,-23.50,5.98,5.35
1103,22342,933326,49488637,2009-05-29,Low,13,241.70600,0.00,Regular Air,-92.96,20.99,3.30
6408,50501,191273,57458136,2009-05-29,High,31,801.45000,0.01,Regular Air,227.59,23.99,6.30
7345,1895,983577,58915465,2009-05-29,Medium,5,41.25000,0.02,Regular Air,-23.25,6.48,7.91
3169,42981,507331,29172730,2009-05-30,Critical,4,3510.82000,0.05,Regular Air,232.44,896.99,19.99
3170,50374,87215,29172730,2009-05-30,Not Specified,30,3482.41000,0.05,Regular Air,1443.35,120.98,9.07
66,35461,114426,8480164,2009-06-01,Critical,30,112.60000,0.04,Regular Air,-25.99,3.68,1.32
67,35461,943159,8480164,2009-06-01,Critical,11,48.75000,0.08,Regular Air,3.50,4.49,1.49
1041,42851,209111,94808461,2009-06-01,High,7,344.30100,0.04,Express Air,-22.90,55.99,1.25
1444,21766,640587,30236526,2009-06-01,High,32,535.24000,0.01,Regular Air,216.43,15.68,3.73
1526,2050,989878,74510177,2009-06-01,Not Specified,16,44.46000,0.06,Regular Air,5.27,2.89,0.99
1994,7398,161487,101656918,2009-06-01,Not Specified,6,55.77000,0.04,Regular Air,-4.37,9.11,2.25
3336,5639,887573,20434205,2009-06-01,Medium,31,501.38000,0.03,Regular Air,-71.95,15.31,8.78
4334,21766,844618,30236526,2009-06-01,High,41,5178.17000,0.03,Delivery Truck,531.69,120.98,30.00
5370,7398,462054,101656918,2009-06-01,Not Specified,34,2181.44000,0.07,Regular Air,-896.34,64.65,35.00
5803,42851,568048,94808461,2009-06-01,High,4,24.32000,0.05,Express Air,-2.97,4.71,0.70
6878,52487,438316,20807427,2009-06-01,Critical,17,124.06000,0.09,Regular Air,15.74,7.78,2.50
7561,2050,209703,74510177,2009-06-01,Not Specified,25,542.11000,0.08,Regular Air,-14.76,22.84,11.54
597,6179,924094,55417339,2009-06-02,Not Specified,15,2690.75150,0.00,Regular Air,234.61,200.99,8.08
2633,48455,203194,64147312,2009-06-02,Critical,2,25.96000,0.06,Regular Air,-29.29,9.99,6.24
3441,48455,567128,64891803,2009-06-02,Critical,17,182.47000,0.05,Regular Air,-3.18,10.98,3.37
7958,48455,209703,82568232,2009-06-02,Critical,34,817.53000,0.03,Regular Air,76.63,22.84,11.54
617,69,213268,58189342,2009-06-03,Not Specified,42,1186.06000,0.09,Regular Air,511.69,30.93,3.92
654,11748,95746,99518139,2009-06-03,Not Specified,23,3503.12000,0.01,Delivery Truck,-168.14,145.98,46.20
1559,8161,464128,23344923,2009-06-03,High,45,112.72000,0.09,Regular Air,39.19,2.61,0.50
2790,47457,711463,71078600,2009-06-03,Low,50,8230.77000,0.05,Regular Air,1577.02,161.55,19.99
3828,69,115501,58189342,2009-06-03,Not Specified,28,51.53000,0.03,Express Air,0.35,1.68,0.70
6853,44294,828775,23647299,2009-06-03,Low,8,447.04050,0.04,Regular Air,-206.15,65.99,8.99
6855,44294,945963,23647299,2009-06-03,Low,13,305.60000,0.09,Delivery Truck,-445.77,20.98,45.00
7979,44294,981266,23647299,2009-06-03,Low,15,107.86000,0.09,Express Air,-85.29,6.48,9.68
877,8614,238390,90386354,2009-06-04,Low,13,1289.12700,0.06,Regular Air,-16.34,115.99,5.92
5967,24647,637817,96580875,2009-06-04,Not Specified,3,3029.97000,0.00,Regular Air,-1820.00,999.99,13.99
7444,24647,299508,96580875,2009-06-04,Not Specified,34,241.04000,0.05,Express Air,-28.20,6.48,5.14
7805,47009,632804,31645785,2009-06-04,Critical,32,1587.16000,0.09,Express Air,-22.33,49.99,19.99
3964,21958,689598,98758480,2009-06-05,High,14,4998.03000,0.09,Regular Air,1092.94,363.25,19.99
6510,55392,853927,65383349,2009-06-06,Critical,39,104.97000,0.07,Regular Air,3.21,2.84,0.93
6888,55392,148598,57227532,2009-06-06,Critical,20,129.30000,0.02,Regular Air,40.20,6.47,1.22
1206,46499,772510,14110003,2009-06-07,Critical,1,46.94000,0.06,Regular Air,-26.54,44.01,3.50
1207,46499,154089,14110003,2009-06-07,Critical,10,12.95000,0.10,Regular Air,-6.78,1.26,0.70
1891,50432,622193,56764115,2009-06-07,Low,7,2161.36000,0.02,Delivery Truck,-92.37,284.98,69.55
2559,46499,392324,14110003,2009-06-07,Critical,22,89.96000,0.07,Regular Air,-115.21,4.06,6.89
2962,19010,158483,59254130,2009-06-07,Low,18,23792.93000,0.00,Regular Air,10951.31,1270.99,19.99
6091,39780,381085,81466627,2009-06-07,Low,48,2208.31000,0.04,Regular Air,569.08,45.98,4.80
6959,50432,175765,56764115,2009-06-07,Low,45,2494.92000,0.08,Regular Air,816.72,55.48,14.30
7055,6434,1010521,65181272,2009-06-07,High,13,59.58000,0.07,Regular Air,14.49,4.76,0.88
7681,39780,629734,84747948,2009-06-07,Low,33,1683.69000,0.02,Regular Air,809.97,48.04,5.79
22,54342,293693,60559394,2009-06-08,Low,2,10.48000,0.02,Regular Air,-5.65,4.84,0.71
3514,54342,23721,60559394,2009-06-08,Low,35,3439.39000,0.05,Express Air,1057.62,100.97,7.18
1291,17446,858912,100125926,2009-06-09,Critical,15,138.84000,0.00,Express Air,8.75,8.34,2.64
2153,24869,231361,93726727,2009-06-10,Not Specified,14,132.72000,0.05,Regular Air,-9.18,8.85,5.60
5121,36230,991205,1599613,2009-06-10,High,7,57.03000,0.00,Regular Air,-31.38,7.28,3.52
345,26466,803900,38797703,2009-06-11,Critical,29,909.72100,0.01,Regular Air,287.99,35.99,5.99
588,53476,899010,5044115,2009-06-11,Not Specified,24,93.85000,0.08,Regular Air,19.42,3.98,0.70
641,40707,986755,96421847,2009-06-11,High,26,1495.18400,0.00,Regular Air,211.09,65.99,8.99
860,46627,767830,82362036,2009-06-11,Critical,24,1388.62800,0.03,Regular Air,261.52,65.99,5.26
1690,59681,182998,23921769,2009-06-11,Critical,23,224.34000,0.02,Express Air,-11.95,8.60,6.19
2178,53476,226162,5044115,2009-06-11,Not Specified,42,8127.32000,0.01,Express Air,1141.07,193.17,19.99
3817,53476,592380,5044115,2009-06-11,Not Specified,47,85.87000,0.01,Regular Air,3.13,1.76,0.70
4864,5155,868096,58302349,2009-06-11,High,14,569.21000,0.01,Regular Air,-38.51,39.98,4.00
7147,53476,940550,5044115,2009-06-11,Not Specified,14,481.40000,0.04,Regular Air,150.72,35.44,5.09
7257,46627,736435,82362036,2009-06-11,Critical,3,21.46000,0.05,Regular Air,-14.22,5.28,6.26
1829,47872,91978,38922248,2009-06-12,Critical,38,1756.27000,0.09,Regular Air,649.05,46.89,5.10
3013,47872,56825,38922248,2009-06-12,Critical,50,345.58000,0.05,Regular Air,-38.04,6.64,4.95
3106,56582,450925,70860081,2009-06-12,Low,25,2612.89000,0.04,Regular Air,490.99,105.29,10.12
3335,42308,858159,25162682,2009-06-12,Medium,16,79.98000,0.09,Regular Air,-56.56,4.86,7.10
3841,56582,34354,96421847,2009-06-12,Low,36,4581.41000,0.04,Delivery Truck,-904.73,130.98,54.74
4725,56582,688094,70860081,2009-06-12,Low,47,1146.99200,0.07,Delivery Truck,-1643.74,31.76,45.51
5368,48096,266765,72489079,2009-06-12,High,22,383.33000,0.03,Regular Air,27.62,17.07,8.13
7023,48096,563334,72489079,2009-06-12,High,3,34.23000,0.02,Express Air,-9.50,6.48,7.86
7903,25347,373161,52563015,2009-06-12,Low,28,967.27000,0.07,Regular Air,309.31,35.44,7.50
7915,8999,175765,51927660,2009-06-12,High,28,1676.48000,0.00,Regular Air,590.35,55.48,14.30
1111,355,529796,93263069,2009-06-13,Low,16,1239.63150,0.00,Regular Air,-172.55,85.99,0.99
1367,37348,757487,34751059,2009-06-13,High,33,551.67000,0.08,Regular Air,25.44,17.15,4.96
2674,58339,1036156,17241550,2009-06-13,High,11,37.64000,0.01,Express Air,7.52,2.08,1.49
4285,58339,945326,17241550,2009-06-13,High,9,1608.87000,0.07,Regular Air,346.98,177.98,0.99
585,837,793081,81275177,2009-06-14,Not Specified,11,65.70000,0.01,Regular Air,13.41,5.84,0.83
2411,28001,120431,81638890,2009-06-14,Critical,21,4201.08000,0.01,Regular Air,1162.76,194.30,11.54
2743,53350,116470,16972966,2009-06-14,Not Specified,24,7046.61000,0.08,Regular Air,2595.18,315.98,19.99
5180,28001,475727,71235667,2009-06-14,Critical,41,8958.46000,0.02,Regular Air,2593.14,209.84,21.21
1657,14528,207983,5277556,2009-06-15,Critical,14,78.44000,0.09,Regular Air,11.02,5.98,1.49
1774,28161,428422,84747948,2009-06-15,Not Specified,41,1085.61000,0.04,Regular Air,-33.32,27.48,4.00
4596,28161,884527,84747948,2009-06-15,Not Specified,10,784.08000,0.02,Delivery Truck,-222.77,70.98,46.74
4753,40006,1084658,83808705,2009-06-15,Not Specified,48,141.59000,0.04,Regular Air,20.26,2.94,0.70
6354,28161,1045401,84747948,2009-06-15,Not Specified,15,5028.31000,0.06,Delivery Truck,664.88,350.98,30.00
6478,40006,272408,83808705,2009-06-15,Not Specified,35,157.99000,0.03,Regular Air,-105.55,4.24,5.41
7170,22242,265285,45914050,2009-06-15,Not Specified,50,329.91000,0.04,Regular Air,-279.93,6.48,9.54
3642,24199,375957,90097133,2009-06-16,Critical,16,706.53000,0.00,Regular Air,-314.42,40.48,19.99
555,8545,234415,63210192,2009-06-17,Low,25,113.75000,0.00,Regular Air,-77.34,4.13,5.34
1747,5984,681809,96299089,2009-06-17,Low,37,394.62000,0.06,Regular Air,-31.39,10.89,4.50
2224,57155,965118,57407328,2009-06-17,Critical,16,535.54000,0.04,Express Air,60.82,33.89,5.10
2934,5984,370731,96299089,2009-06-17,Low,42,464.64000,0.03,Regular Air,14.48,10.64,5.16
3263,224,678382,19847319,2009-06-17,Not Specified,33,528.50000,0.04,Regular Air,-149.92,15.42,10.68
3264,224,431822,19847319,2009-06-17,Not Specified,25,184.86000,0.09,Regular Air,-33.95,7.38,5.21
3798,8545,34354,63210192,2009-06-17,Low,24,3081.95000,0.10,Delivery Truck,-662.80,130.98,54.74
4447,32038,216645,6913864,2009-06-17,Low,26,342.40000,0.00,Express Air,-14.06,11.70,6.96
4896,48931,199159,21424768,2009-06-17,Low,42,2149.37000,0.03,Regular Air,217.87,51.75,19.99
6336,5984,1057069,96299089,2009-06-17,Low,11,96.68000,0.03,Regular Air,22.25,7.96,4.95
7187,57155,981266,57407328,2009-06-17,Critical,23,155.52000,0.05,Regular Air,-133.73,6.48,9.68
7810,224,591346,19847319,2009-06-17,Not Specified,44,267.85000,0.04,Regular Air,-65.43,5.98,5.15
5884,14276,325508,91785983,2009-06-18,Medium,11,110.79000,0.10,Regular Air,-11.13,10.48,2.89
2398,9954,456173,18074009,2009-06-19,Not Specified,30,115.81000,0.10,Regular Air,22.06,3.98,0.83
4036,9954,661224,18074009,2009-06-19,Not Specified,36,10122.72000,0.07,Delivery Truck,-381.16,280.98,57.00
4539,1218,540818,54575080,2009-06-19,Not Specified,3,46.46000,0.10,Regular Air,-25.13,14.42,6.75
7298,9954,584472,18074009,2009-06-19,Not Specified,39,203.60000,0.00,Regular Air,-166.44,4.98,7.44
568,42403,358060,13226561,2009-06-20,Not Specified,38,117.84000,0.04,Regular Air,30.76,3.08,0.99
1907,39812,515586,38038963,2009-06-20,Not Specified,40,323.63000,0.05,Regular Air,-205.49,8.04,8.94
3637,5446,694506,14548487,2009-06-20,Low,42,433.68000,0.07,Regular Air,44.10,10.98,4.80
3805,42403,924995,13226561,2009-06-20,Not Specified,47,121.20000,0.10,Regular Air,-20.20,2.78,1.25
7515,23303,307544,97790785,2009-06-20,Not Specified,39,238.49000,0.09,Regular Air,-110.56,6.48,6.22
564,6144,640880,20566789,2009-06-21,Critical,24,67.35000,0.07,Regular Air,22.63,2.88,0.50
2641,47168,621737,44510740,2009-06-21,Not Specified,24,2920.83000,0.02,Delivery Truck,1068.16,119.99,14.00
3134,26854,980324,51305287,2009-06-21,Not Specified,1,34.11000,0.02,Regular Air,-12.95,25.38,8.99
7465,47168,981266,44510740,2009-06-21,Not Specified,42,262.30000,0.09,Regular Air,-255.20,6.48,9.68
606,3397,186776,54579533,2009-06-22,Medium,11,30.61000,0.09,Regular Air,-3.38,2.88,1.49
1139,3397,284312,79845128,2009-06-22,Medium,43,815.89000,0.10,Regular Air,-20.25,19.98,4.00
1385,39488,315990,32605811,2009-06-22,Low,18,92.40000,0.04,Express Air,8.60,4.48,2.50
2102,18080,507788,103235308,2009-06-22,High,7,1211.98000,0.10,Delivery Truck,-80.83,180.98,26.20
3513,9088,518671,9130094,2009-06-22,Critical,50,15383.70000,0.03,Regular Air,6523.26,304.99,19.99
3898,29633,294775,87466123,2009-06-22,Critical,11,96.01000,0.01,Regular Air,-43.24,7.98,6.50
5609,14182,123797,8387950,2009-06-22,Low,23,2433.55000,0.05,Regular Air,355.93,125.99,8.08
6932,9088,781122,9130094,2009-06-22,Critical,31,1637.45700,0.09,Regular Air,118.15,65.99,8.99
3651,41606,529422,71604925,2009-06-23,High,30,79.14000,0.09,Regular Air,-4.73,2.78,0.97
4731,39078,945646,57583255,2009-06-23,Low,8,2155.84000,0.02,Regular Air,-267.63,256.99,11.25
4734,39078,695980,57583255,2009-06-23,Low,10,36.91000,0.07,Regular Air,-27.72,3.28,3.97
5386,41606,623126,71604925,2009-06-23,High,23,4514.86000,0.09,Delivery Truck,-641.09,200.98,55.96
5553,41799,784832,58189342,2009-06-23,High,21,1130.80600,0.04,Regular Air,95.15,65.99,4.99
7760,39078,299508,57583255,2009-06-23,Low,26,175.27000,0.01,Regular Air,-33.67,6.48,5.14
136,18119,789601,92369283,2009-06-24,Low,37,347.84000,0.00,Regular Air,-99.25,8.74,8.29
1097,47938,528379,60402655,2009-06-24,Low,17,283.65350,0.09,Regular Air,-113.05,20.99,2.50
2702,19073,370731,64639386,2009-06-24,Not Specified,16,178.40000,0.04,Regular Air,20.08,10.64,5.16
6882,52006,325508,85156954,2009-06-24,Medium,39,392.81000,0.10,Regular Air,13.91,10.48,2.89
6894,39136,967595,93406185,2009-06-24,High,49,2693.51400,0.02,Regular Air,662.05,65.99,3.99
7366,52006,236787,25562063,2009-06-24,Medium,42,375.76000,0.00,Regular Air,-241.63,8.37,10.16
358,12228,196617,100100202,2009-06-25,Not Specified,30,5015.05100,0.05,Regular Air,1090.43,200.99,4.20
3130,32582,728557,71445870,2009-06-25,Not Specified,27,2780.88000,0.07,Express Air,595.38,105.34,24.49
4585,33250,945326,86531956,2009-06-25,Not Specified,40,7381.19000,0.04,Regular Air,2998.88,177.98,0.99
5415,12228,905242,100100202,2009-06-25,Not Specified,1,159.51000,0.04,Delivery Truck,-103.63,130.98,30.00
2462,57507,995197,57813441,2009-06-26,Critical,10,155.45000,0.03,Regular Air,-19.68,15.01,8.40
1354,20322,540260,79088641,2009-06-28,Critical,46,160.27000,0.06,Regular Air,-183.36,3.58,5.47
1828,18919,899702,99519941,2009-06-28,Low,39,739.28000,0.00,Regular Air,43.97,17.52,8.17
2656,20322,160678,79088641,2009-06-28,Critical,46,4601.02000,0.09,Delivery Truck,-129.53,100.98,35.84
7481,20322,552704,79088641,2009-06-28,Critical,15,89.89000,0.10,Regular Air,-72.28,5.78,7.96
902,2211,737723,85555346,2009-06-29,High,23,80.38000,0.09,Regular Air,-71.11,3.57,4.17
1149,25063,771470,52327242,2009-06-29,Not Specified,24,711.87500,0.04,Regular Air,217.33,35.99,3.30
7273,2211,781408,85555346,2009-06-29,High,14,95.89000,0.00,Regular Air,-46.31,5.98,7.15
7596,31877,236787,104393625,2009-06-29,Medium,34,285.06000,0.08,Regular Air,-211.54,8.37,10.16
8055,55429,621412,53897432,2009-06-29,High,43,260.59000,0.09,Regular Air,-157.76,6.48,7.03
13,36647,114426,63834266,2009-06-30,High,16,55.44000,0.09,Regular Air,-21.91,3.68,1.32
814,34374,564279,101147911,2009-06-30,Low,42,344.57000,0.04,Regular Air,37.41,8.33,1.99
1484,20135,464128,98068071,2009-06-30,Critical,44,115.24000,0.03,Regular Air,43.23,2.61,0.50
1849,36647,278621,63834266,2009-06-30,High,18,174.62000,0.10,Regular Air,-119.77,9.71,9.45
3965,40224,924921,98758480,2009-06-30,Low,14,890.90000,0.05,Express Air,404.29,63.94,14.48
5240,36647,380477,63834266,2009-06-30,High,21,179.98000,0.01,Regular Air,38.70,7.89,2.82
6106,20135,37176,98068071,2009-06-30,Critical,28,9601.94000,0.08,Delivery Truck,2428.59,349.45,60.00
7069,55746,852845,19984778,2009-06-30,Not Specified,29,324.75000,0.07,Regular Air,-36.87,11.29,5.03
24,34275,293693,21939120,2009-07-01,Low,27,123.46000,0.07,Regular Air,26.66,4.84,0.71
1805,41216,612766,23920877,2009-07-01,Not Specified,8,253.26000,0.02,Regular Air,49.66,29.17,6.27
2617,54019,651577,31543089,2009-07-01,Low,35,4233.15000,0.08,Delivery Truck,1219.87,120.97,26.30
3764,34275,629536,89600502,2009-07-01,Low,3,6041.01000,0.04,Delivery Truck,-4793.00,2036.48,14.70
4103,8997,757246,35678860,2009-07-01,Low,20,120.30000,0.01,Regular Air,20.38,5.84,1.20
7878,47494,403940,51326221,2009-07-01,High,42,1967.83000,0.04,Regular Air,659.60,45.19,1.99
7879,47494,239066,51326221,2009-07-01,High,9,52.59000,0.03,Regular Air,-28.14,4.98,6.07
1819,29287,730110,23188468,2009-07-02,High,50,281.39000,0.10,Regular Air,-106.40,5.74,5.01
2609,11527,700485,100125926,2009-07-02,Medium,45,4629.67000,0.04,Regular Air,2860.71,99.23,8.99
2688,50373,711463,61907970,2009-07-02,Critical,9,1455.04000,0.06,Regular Air,-7.58,161.55,19.99
2976,57827,160678,34181262,2009-07-02,Medium,24,2453.30000,0.05,Delivery Truck,-111.40,100.98,35.84
3005,29287,852926,23188468,2009-07-02,High,49,12593.91000,0.09,Delivery Truck,2699.67,270.97,28.06
4670,46244,457455,99605711,2009-07-02,Medium,9,157.42000,0.05,Regular Air,-18.68,17.48,1.99
4671,46244,526018,99605711,2009-07-02,Medium,10,601.57000,0.09,Delivery Truck,-247.25,60.98,30.00
5323,7782,226603,28130934,2009-07-02,Critical,20,1205.73000,0.07,Express Air,310.93,60.97,4.50
7691,57827,761140,34181262,2009-07-02,Medium,29,147.02000,0.02,Regular Air,-77.03,4.98,5.49
881,47713,238390,106390011,2009-07-03,High,34,3419.15050,0.00,Regular Air,858.58,115.99,5.92
1812,43172,746518,100787002,2009-07-03,Low,19,28.34000,0.09,Regular Air,1.68,1.48,0.70
2504,27840,331372,97394565,2009-07-03,High,8,1209.37000,0.09,Delivery Truck,-407.85,150.98,66.27
6382,37987,161247,38671459,2009-07-03,High,26,299.07000,0.10,Regular Air,137.47,12.53,0.49
6642,22695,468265,34211408,2009-07-03,Low,44,444.52000,0.02,Regular Air,161.13,10.06,2.06
6766,30785,717095,67565029,2009-07-03,High,38,373.07000,0.07,Regular Air,149.53,9.93,1.09
7957,30785,723460,67565029,2009-07-03,High,7,55.81000,0.03,Regular Air,-35.04,6.48,8.73
1863,41282,642280,99328710,2009-07-04,Medium,39,916.05000,0.08,Regular Air,-21.90,24.92,12.98
1918,53312,858401,90514203,2009-07-04,Medium,30,105.45000,0.06,Regular Air,-173.36,3.34,7.49
2471,1287,450925,58915465,2009-07-04,High,39,3908.65000,0.06,Regular Air,480.57,105.29,10.12
2712,36067,742923,75446618,2009-07-04,High,37,6176.29000,0.04,Express Air,1499.94,165.20,19.99
2844,56002,711463,50890784,2009-07-04,Low,9,1497.93000,0.05,Regular Air,35.31,161.55,19.99
3584,53312,689598,90514203,2009-07-04,Medium,23,8413.23000,0.05,Regular Air,2464.75,363.25,19.99
4488,56002,116703,50890784,2009-07-04,Low,14,3857.56000,0.07,Regular Air,-377.81,290.98,69.00
6210,32706,582987,48564444,2009-07-04,Critical,5,2017.50000,0.03,Delivery Truck,-663.51,399.98,12.06
6232,56002,470802,50890784,2009-07-04,Low,21,514.53000,0.04,Regular Air,149.31,23.99,6.71
7605,56002,985033,50890784,2009-07-04,Low,14,748.84000,0.09,Regular Air,286.70,55.98,4.86
340,3649,774939,79337791,2009-07-05,Low,26,75.60000,0.06,Regular Air,17.14,2.88,0.99
2024,3649,539739,79337791,2009-07-05,Low,8,79.42000,0.01,Regular Air,-15.46,8.88,6.28
2488,27013,224170,57533478,2009-07-05,Low,28,2232.15000,0.05,Regular Air,-746.44,80.98,35.00
5873,27013,587889,57533478,2009-07-05,Low,26,7007.19000,0.05,Regular Air,-274.95,279.48,35.00
368,39744,330371,75322156,2009-07-06,Medium,9,519.95350,0.00,Regular Air,-107.99,65.99,5.92
1623,23844,189993,22838558,2009-07-06,Not Specified,11,33.02000,0.08,Regular Air,8.40,3.15,0.50
1624,23844,778385,22838558,2009-07-06,Not Specified,40,1861.36000,0.00,Regular Air,627.85,42.98,4.62
2029,39744,677137,75322156,2009-07-06,Medium,41,5636.30750,0.04,Regular Air,1595.67,155.99,8.99
2358,58727,766415,85555346,2009-07-06,Medium,20,525.78000,0.03,Regular Air,180.64,26.48,6.93
4082,24132,207098,55895790,2009-07-06,Low,31,1252.89000,0.05,Regular Air,339.75,39.06,10.55
4477,23844,919940,22838558,2009-07-06,Not Specified,42,937.62000,0.03,Regular Air,187.20,21.78,5.94
5421,39744,468265,75322156,2009-07-06,Medium,6,63.61000,0.01,Regular Air,7.59,10.06,2.06
5811,24132,957535,55895790,2009-07-06,Low,12,47.79000,0.04,Regular Air,-57.75,3.52,6.83
5813,24132,934862,55895790,2009-07-06,Low,3,63.84000,0.02,Regular Air,-47.97,15.51,17.78
7326,24132,734492,55895790,2009-07-06,Low,4,31.01000,0.03,Regular Air,-4.49,6.75,2.99
7327,24132,523991,55895790,2009-07-06,Low,46,331.83000,0.05,Regular Air,-101.25,7.10,6.05
7731,48416,1054832,82716098,2009-07-06,Not Specified,23,167.66000,0.01,Regular Air,-15.48,6.68,4.91
600,53894,924094,14111599,2009-07-07,Critical,29,5159.37250,0.02,Express Air,1252.48,200.99,8.08
2180,53894,1016325,14111599,2009-07-07,Critical,47,691.52000,0.03,Regular Air,107.02,14.20,5.30
2947,36932,965118,53838315,2009-07-07,Low,20,668.80000,0.04,Regular Air,92.34,33.89,5.10
3818,12480,402732,5044115,2009-07-07,Medium,8,1187.01000,0.00,Delivery Truck,-203.27,137.48,32.18
3821,53894,690604,14111599,2009-07-07,Critical,37,2756.17000,0.04,Regular Air,-1561.72,71.37,69.00
4255,10305,344017,19646165,2009-07-07,Low,12,65.89000,0.03,Regular Air,20.60,5.08,2.03
5973,20513,853927,31543089,2009-07-07,High,13,42.27000,0.01,Express Air,4.56,2.84,0.93
7780,40902,523991,29172730,2009-07-07,Low,25,192.18000,0.02,Regular Air,-48.88,7.10,6.05
2206,37447,918216,45914050,2009-07-08,Low,23,139.45000,0.02,Regular Air,-137.49,5.81,8.49
591,28933,899010,56068175,2009-07-09,Critical,38,156.20000,0.03,Regular Air,43.00,3.98,0.70
1187,37696,604088,37673316,2009-07-09,Not Specified,5,24.09000,0.04,Regular Air,-20.23,3.81,5.44
2013,49830,403494,20700273,2009-07-09,Critical,16,519.65000,0.03,Express Air,26.36,30.98,8.99
2545,37696,207567,37673316,2009-07-09,Not Specified,41,173.27000,0.02,Regular Air,51.29,4.00,1.30
3461,49830,686879,93780882,2009-07-09,Critical,31,16949.44000,0.01,Regular Air,7858.08,525.98,19.99
5543,28933,497806,56068175,2009-07-09,Critical,1,11.16000,0.01,Regular Air,-7.25,5.58,5.30
8000,40547,641174,23808541,2009-07-09,Critical,45,6944.09200,0.06,Express Air,1820.95,179.99,13.99
2745,26629,710507,29705839,2009-07-10,High,38,21956.03000,0.10,Regular Air,5903.09,599.99,24.49
4375,26629,924995,29705839,2009-07-10,High,32,89.89000,0.06,Regular Air,-8.16,2.78,1.25
3212,47621,1016325,37723659,2009-07-11,Critical,16,230.74000,0.08,Express Air,27.23,14.20,5.30
351,19457,403726,33888882,2009-07-12,High,33,5638.79800,0.09,Express Air,1406.05,205.99,3.00
353,19457,428893,33888882,2009-07-12,High,34,203.49000,0.05,Regular Air,90.35,6.30,0.50
566,20706,217285,21047871,2009-07-12,High,41,5583.27000,0.04,Express Air,1539.59,136.98,24.49
718,23877,275481,19346760,2009-07-12,Not Specified,31,1624.59650,0.07,Regular Air,109.84,65.99,8.80
1475,19232,329429,7031126,2009-07-12,Low,28,7157.16000,0.09,Delivery Truck,1150.33,260.98,41.91
2727,19232,845978,7031126,2009-07-12,Low,43,265.38000,0.04,Regular Air,-107.59,6.24,5.22
4317,33635,499951,17803888,2009-07-12,High,5,477.76000,0.04,Delivery Truck,-173.10,90.97,28.00
5624,23877,219708,19346760,2009-07-12,Not Specified,35,381.36000,0.00,Express Air,128.03,10.01,1.99
6054,33635,572974,17803888,2009-07-12,High,4,112.18000,0.07,Regular Air,-96.16,20.34,35.00
6099,19232,475614,7031126,2009-07-12,Low,5,33.41000,0.09,Regular Air,-3.48,6.68,1.50
7131,26372,247078,20566789,2009-07-12,Low,1,31.96000,0.01,Regular Air,-74.64,29.89,1.99
37,57412,560855,45311141,2009-07-13,Low,34,223.49900,0.06,Regular Air,-122.13,7.99,5.03
4059,41696,242307,91345374,2009-07-13,Not Specified,45,237.28000,0.03,Express Air,-2088.68,4.48,49.00
4454,34565,952312,58178202,2009-07-13,Medium,47,4815.86200,0.08,Regular Air,1316.79,125.99,4.20
4491,23778,242307,101248528,2009-07-13,Low,13,105.94000,0.06,Regular Air,-566.00,4.48,49.00
3028,48034,614969,39765174,2009-07-14,Not Specified,47,945.86000,0.10,Regular Air,31.59,22.01,5.53
3029,48034,73324,39765174,2009-07-14,Not Specified,12,2340.50400,0.04,Delivery Truck,243.16,236.97,59.24
3188,3175,742923,87126998,2009-07-14,Low,23,3553.62000,0.07,Regular Air,521.69,165.20,19.99
7027,41189,812196,19890992,2009-07-14,Low,30,189.04000,0.03,Regular Air,66.28,6.45,1.34
945,31043,877175,76482154,2009-07-15,High,3,221.46750,0.00,Regular Air,-302.23,85.99,3.30
1944,32199,360858,26995184,2009-07-15,High,1,3672.89000,0.01,Regular Air,-3061.82,3499.99,24.49
3602,32199,757246,26995184,2009-07-15,High,8,46.97000,0.03,Regular Air,-0.01,5.84,1.20
3863,13380,691011,47872917,2009-07-15,Critical,24,66.12000,0.09,Regular Air,4.85,2.88,0.70
4020,31043,678670,76482154,2009-07-15,High,49,772.42000,0.02,Regular Air,299.33,15.28,1.99
5331,32199,985540,26995184,2009-07-15,High,40,196.50000,0.08,Regular Air,-99.76,4.91,4.97
1258,13313,865125,6763230,2009-07-16,Not Specified,45,592.73000,0.02,Regular Air,75.01,12.98,3.14
2379,46656,642280,14751244,2009-07-16,High,27,636.70000,0.10,Regular Air,-29.91,24.92,12.98
3772,5572,463313,11286401,2009-07-16,High,37,288.55000,0.03,Regular Air,-133.70,7.37,5.53
3795,54560,677142,63210192,2009-07-16,Critical,22,604.38000,0.09,Regular Air,167.58,28.48,1.99
3796,54560,75029,63210192,2009-07-16,Critical,45,2404.59900,0.08,Express Air,496.89,65.99,4.99
5025,13313,581262,71142278,2009-07-16,Not Specified,47,1020.61000,0.04,Regular Air,-209.61,21.66,13.99
5936,13313,452225,6763230,2009-07-16,Not Specified,18,243.51000,0.02,Regular Air,-159.86,12.99,14.37
7424,13313,373161,6763230,2009-07-16,Not Specified,22,755.60000,0.05,Regular Air,223.44,35.44,7.50
303,4321,961470,56352213,2009-07-17,Medium,47,1505.57000,0.02,Express Air,-54.63,30.53,19.99
1048,22919,659453,102737308,2009-07-17,Critical,21,98.77000,0.07,Regular Air,41.33,4.91,0.50
4251,38982,677142,18173108,2009-07-17,Not Specified,43,1114.42000,0.09,Regular Air,425.07,28.48,1.99
4490,11843,1048806,55591205,2009-07-17,Medium,42,4993.42000,0.03,Delivery Truck,190.14,119.99,56.14
5520,24228,704958,78769548,2009-07-17,Low,31,60.64000,0.05,Regular Air,-66.62,1.86,2.58
5640,55553,209997,28773850,2009-07-17,Medium,32,177.52000,0.05,Regular Air,52.61,5.68,1.39
5663,32070,786593,79423257,2009-07-17,Medium,50,86.70000,0.07,Regular Air,-185.34,1.76,4.86
5749,18147,357719,54172200,2009-07-17,Not Specified,42,82.03000,0.00,Regular Air,-15.56,1.88,1.49
7289,18147,971876,54172200,2009-07-17,Not Specified,50,290.91000,0.06,Regular Air,-108.19,5.78,5.67
7607,11843,958232,55591205,2009-07-17,Medium,9,1059.30000,0.05,Regular Air,67.60,115.79,1.99
398,55847,358060,23988283,2009-07-20,Not Specified,45,136.71000,0.04,Regular Air,34.72,3.08,0.99
1368,5441,757487,56674083,2009-07-20,Not Specified,16,278.92000,0.04,Regular Air,6.11,17.15,4.96
2047,55847,487738,23988283,2009-07-20,Not Specified,21,133.15000,0.05,Regular Air,-51.43,6.28,5.36
2142,25060,158483,17328667,2009-07-20,Not Specified,6,7767.02000,0.03,Regular Air,2070.62,1270.99,19.99
3779,25060,629536,17328667,2009-07-20,Not Specified,1,1893.93000,0.07,Delivery Truck,-4654.73,2036.48,14.70
6477,37542,992059,83808705,2009-07-20,Medium,26,2546.52350,0.09,Express Air,210.00,125.99,7.69
7392,55846,523991,66658318,2009-07-20,Not Specified,30,221.05000,0.02,Regular Air,-66.38,7.10,6.05
7489,5441,160229,56674083,2009-07-20,Not Specified,34,226.83000,0.02,Regular Air,-92.05,6.48,6.60
489,41316,529361,61395005,2009-07-21,Not Specified,4,700.36600,0.00,Regular Air,-787.70,205.99,5.99
491,41316,835501,61395005,2009-07-21,Not Specified,8,121.74000,0.01,Regular Air,21.00,14.28,2.99
3403,43079,279720,57930738,2009-07-21,Medium,40,1184.03000,0.04,Regular Air,-20.79,30.73,4.00
3710,6823,224619,57347993,2009-07-21,Not Specified,31,524.19000,0.00,Regular Air,-135.46,15.98,8.99
3711,6823,444448,57347993,2009-07-21,Not Specified,50,1262.72000,0.01,Regular Air,490.28,24.95,2.99
3838,33350,918904,86967557,2009-07-21,Not Specified,1,1786.04000,0.10,Regular Air,-924.99,1889.99,19.99
3967,50917,687259,98758480,2009-07-21,Low,33,1422.31000,0.02,Regular Air,498.15,43.98,1.99
4485,50823,1019643,18334625,2009-07-21,Low,12,1244.72000,0.04,Regular Air,269.94,100.98,7.18
5487,42310,240546,6767935,2009-07-21,Critical,20,3361.75850,0.04,Regular Air,394.35,205.99,8.99
5496,48961,382748,43122374,2009-07-21,Not Specified,25,358.78000,0.10,Express Air,-76.90,14.98,7.69
5874,43813,934862,25562063,2009-07-21,Not Specified,23,384.21000,0.04,Regular Air,-266.22,15.51,17.78
7104,48961,384417,43122374,2009-07-21,Not Specified,24,520.68000,0.09,Regular Air,-143.66,22.84,16.87
281,56612,238390,31379257,2009-07-22,High,38,4008.72750,0.00,Regular Air,1219.34,115.99,5.92
1313,37825,30902,22307990,2009-07-22,Low,41,286.75000,0.06,Regular Air,98.44,6.98,1.60
1628,13030,642251,18334625,2009-07-22,Medium,32,136.20000,0.09,Express Air,-154.31,3.89,7.01
5724,16451,255922,42941089,2009-07-22,Not Specified,9,252.79000,0.09,Regular Air,58.23,30.56,2.99
5975,37825,607882,22307990,2009-07-22,Low,44,505.01000,0.06,Regular Air,-43.52,11.97,4.98
762,34087,414885,74945261,2009-07-24,Low,31,3077.73100,0.05,Regular Air,745.48,115.99,5.26
3389,22119,520419,48678937,2009-07-24,Low,20,939.39000,0.07,Regular Air,-122.77,49.43,19.99
3391,14112,199819,101407390,2009-07-24,Low,1,68.45000,0.02,Express Air,-25.76,50.98,13.66
5607,34882,357719,95577022,2009-07-24,Critical,43,84.61000,0.03,Regular Air,-15.10,1.88,1.49
6443,29667,1041463,67831942,2009-07-24,Not Specified,14,215.31000,0.09,Regular Air,-51.75,15.28,10.91
6847,9092,908570,75286027,2009-07-24,Not Specified,8,599.20750,0.10,Regular Air,-268.66,95.99,4.90
6848,9092,795486,75286027,2009-07-24,Not Specified,33,3644.24000,0.00,Express Air,-457.73,101.41,35.00
1026,16768,681809,28395632,2009-07-25,High,9,101.47000,0.03,Regular Air,-18.64,10.89,4.50
359,10692,196617,65181272,2009-07-26,Low,48,8101.98750,0.05,Regular Air,2369.84,200.99,4.20
360,10692,382992,65181272,2009-07-26,Low,8,1313.81100,0.07,Regular Air,-457.16,195.99,8.99
364,10692,737723,65181272,2009-07-26,Low,26,100.41000,0.04,Regular Air,-69.91,3.57,4.17
2147,24933,762722,28382862,2009-07-26,Low,32,3416.38000,0.01,Delivery Truck,-1142.20,100.98,57.38
3499,33699,381761,52636682,2009-07-26,Low,13,1619.51000,0.05,Delivery Truck,-722.23,122.99,70.20
4160,902,74067,39471769,2009-07-26,Not Specified,10,1925.83000,0.09,Regular Air,359.83,207.48,0.99
4503,44867,528974,58852314,2009-07-26,High,40,21425.91000,0.01,Delivery Truck,7360.43,500.98,26.00
5283,48453,1057069,47450738,2009-07-26,Medium,50,387.03000,0.04,Regular Air,-7.73,7.96,4.95
5518,24933,245758,28382862,2009-07-26,Low,14,142.81000,0.01,Regular Air,39.64,10.14,2.27
6639,33699,331004,36409723,2009-07-26,Low,18,290.07000,0.07,Regular Air,-114.20,16.74,7.04
6987,57794,239066,66378277,2009-07-26,Low,16,88.84000,0.02,Regular Air,-46.92,4.98,6.07
7871,33699,812196,36409723,2009-07-26,Low,31,196.81000,0.06,Regular Air,70.39,6.45,1.34
1417,9606,954944,17803888,2009-07-27,Not Specified,37,192.15000,0.07,Express Air,37.31,5.18,2.04
1514,53029,656848,54579803,2009-07-27,Low,39,223.34000,0.10,Regular Air,95.42,6.30,0.50
2394,44708,448604,55827442,2009-07-27,Not Specified,15,30.68000,0.02,Regular Air,-37.39,1.74,4.08
3672,3459,64446,90627719,2009-07-27,Not Specified,24,2152.40400,0.10,Express Air,218.87,110.99,8.99
4587,21538,933643,101710424,2009-07-27,Medium,31,87.32000,0.08,Regular Air,-1.18,2.94,0.96
6052,9606,161247,17803888,2009-07-27,Not Specified,39,493.26000,0.02,Regular Air,263.40,12.53,0.49
6385,19078,607882,19477891,2009-07-27,Critical,21,256.12000,0.03,Regular Air,-18.19,11.97,4.98
2572,24644,381761,29954303,2009-07-28,Critical,46,5897.47000,0.00,Delivery Truck,-1764.29,122.99,70.20
5628,29286,394339,55426523,2009-07-28,Critical,4,13070.20000,0.07,Delivery Truck,-6923.60,3502.14,8.73
6921,24644,226603,69496209,2009-07-28,Critical,40,2550.12000,0.01,Express Air,882.45,60.97,4.50
1169,8551,729684,39471769,2009-07-29,Critical,25,185.64000,0.10,Regular Air,-69.87,7.45,6.28
4787,32420,661224,65383349,2009-07-29,Medium,19,5369.46000,0.07,Delivery Truck,-439.62,280.98,57.00
4788,32420,125017,65383349,2009-07-29,Medium,35,175.08000,0.07,Regular Air,-168.72,5.02,5.14
7386,8551,563334,39471769,2009-07-29,Critical,34,225.98000,0.01,Regular Air,-135.74,6.48,7.86
150,26279,577469,90514203,2009-07-30,Not Specified,7,211.74350,0.04,Regular Air,-33.31,35.99,1.25
2943,28130,166184,86531956,2009-07-30,Low,23,404.24000,0.02,Express Air,-76.99,15.99,13.18
3679,43399,744609,32775334,2009-07-30,High,35,59.66000,0.05,Regular Air,-33.34,1.68,1.57
4584,28130,633903,86531956,2009-07-30,Low,32,1381.88000,0.09,Express Air,598.20,46.94,6.77
7047,43399,5889,32775334,2009-07-30,High,8,124.70000,0.00,Regular Air,31.94,15.04,1.97
1390,33959,736726,34104001,2009-07-31,Critical,23,367.53000,0.03,Delivery Truck,11.65,15.23,27.75
3442,29187,567128,98104164,2009-07-31,Low,42,477.53000,0.03,Regular Air,51.17,10.98,3.37
3443,29187,642280,98104164,2009-07-31,Low,5,142.30000,0.03,Regular Air,-24.18,24.92,12.98
4919,29187,49746,98104164,2009-07-31,Low,35,26095.13000,0.03,Delivery Truck,12606.81,808.49,55.30
5645,18753,953470,103048242,2009-07-31,Medium,33,5394.40000,0.01,Delivery Truck,788.79,160.98,30.00
5649,18753,715054,103048242,2009-07-31,Medium,31,3945.95000,0.03,Regular Air,1031.32,128.24,12.65
6636,29187,1029916,98104164,2009-07-31,Low,8,21.93000,0.09,Regular Air,-37.79,2.16,6.05
7866,29187,1017940,98104164,2009-07-31,Low,10,75.58000,0.00,Regular Air,-43.26,6.48,8.19
1123,18179,358060,27211235,2009-08-01,Not Specified,24,73.37000,0.04,Regular Air,16.10,3.08,0.99
3049,26881,594189,82716098,2009-08-01,Low,26,10692.97000,0.05,Delivery Truck,-410.39,424.21,110.20
3123,14311,1012355,3724839,2009-08-01,Critical,30,192.41000,0.03,Regular Air,-55.95,6.37,5.19
4133,18179,219802,27211235,2009-08-01,Not Specified,50,3075.83000,0.03,Regular Air,1207.91,60.98,1.99
5866,18179,1023942,27211235,2009-08-01,Not Specified,50,527.60000,0.00,Regular Air,221.59,10.31,1.79
246,39589,659453,104516246,2009-08-02,Critical,20,95.08000,0.06,Regular Air,39.91,4.91,0.50
1674,45539,318215,59426264,2009-08-02,Not Specified,27,87.33000,0.08,Regular Air,13.82,3.38,0.85
2541,54567,115110,45692573,2009-08-02,Medium,31,196.74000,0.09,Regular Air,-61.59,6.28,5.41
3624,39589,290269,104516246,2009-08-02,Critical,42,577.42000,0.00,Regular Air,253.50,12.97,1.49
4346,24294,266000,61874205,2009-08-02,Not Specified,24,4865.72000,0.03,Delivery Truck,1951.30,200.97,15.59
4522,45539,536153,59426264,2009-08-02,Not Specified,15,269.20000,0.02,Express Air,69.61,16.48,1.99
4969,55298,279374,100527781,2009-08-02,Critical,1,368.66000,0.01,Delivery Truck,-165.60,300.98,64.73
5017,56516,585386,60780393,2009-08-03,Medium,24,2560.93950,0.06,Regular Air,457.79,125.99,2.50
5018,56516,1067744,60780393,2009-08-03,Medium,6,27.89000,0.08,Regular Air,-23.81,3.98,5.26
5525,38978,251563,13226561,2009-08-03,Low,24,4547.26000,0.00,Delivery Truck,468.27,180.98,30.00
652,11714,911552,99518139,2009-08-04,Critical,9,141.83000,0.06,Regular Air,-35.69,15.73,7.42
1065,37319,681809,81380802,2009-08-04,Critical,37,388.90000,0.10,Regular Air,-37.11,10.89,4.50
2175,50981,677137,81275177,2009-08-04,Critical,42,5678.55250,0.01,Regular Air,1550.88,155.99,8.99
4820,12389,588162,28030760,2009-08-04,Medium,34,2560.59000,0.07,Regular Air,670.96,80.98,7.18
5576,11714,394339,99518139,2009-08-04,Critical,1,3501.79000,0.01,Delivery Truck,-7838.33,3502.14,8.73
5743,57504,219855,107067931,2009-08-04,Not Specified,44,357.48000,0.01,Regular Air,160.02,7.64,1.39
6551,12389,674377,28030760,2009-08-04,Medium,16,189.04000,0.08,Regular Air,-74.77,11.35,8.60
7875,16419,971876,34211408,2009-08-04,Not Specified,43,241.19000,0.08,Regular Air,-103.65,5.78,5.67
3215,33090,386136,71256328,2009-08-05,Medium,26,1033.93000,0.00,Regular Air,63.41,37.76,12.90
4166,20007,744609,45692573,2009-08-05,Not Specified,49,82.61000,0.08,Regular Air,-46.25,1.68,1.57
4293,23333,540818,32605811,2009-08-05,Medium,44,634.12000,0.04,Regular Air,-21.65,14.42,6.75
5106,31426,585386,93732944,2009-08-05,Low,40,4054.05800,0.09,Regular Air,914.19,125.99,2.50
6031,23333,623868,32605811,2009-08-05,Medium,16,886.89000,0.03,Regular Air,-23.83,65.99,8.99
6037,25507,462054,23169608,2009-08-05,Not Specified,8,555.20000,0.06,Regular Air,-267.86,64.65,35.00
6599,34435,325508,56693633,2009-08-05,Low,42,447.36000,0.01,Regular Air,40.92,10.48,2.89
7503,23333,337774,32605811,2009-08-05,Medium,32,196.84000,0.04,Regular Air,-69.29,5.98,5.79
102,56960,748546,56764115,2009-08-06,High,48,2784.82950,0.01,Express Air,788.29,65.99,4.20
1235,39367,341229,40344994,2009-08-06,Critical,45,177.88000,0.07,Regular Air,-146.97,4.13,5.04
1236,39367,315990,40344994,2009-08-06,Critical,30,139.59000,0.00,Regular Air,5.90,4.48,2.50
1297,49666,559119,104752832,2009-08-06,Low,46,259.25000,0.10,Express Air,-64.03,5.68,3.60
4192,42309,813730,49950601,2009-08-06,Low,41,854.23000,0.01,Regular Air,67.14,20.48,6.32
5193,25638,391118,31445683,2009-08-06,High,31,163.89000,0.02,Regular Air,-108.55,4.89,4.93
5919,42309,704958,49950601,2009-08-06,Low,26,47.91000,0.09,Regular Air,-58.83,1.86,2.58
6748,25638,468265,31445683,2009-08-06,High,12,115.45000,0.07,Regular Air,23.53,10.06,2.06
6874,44995,632964,104955257,2009-08-06,High,46,1219.24850,0.01,Regular Air,132.79,28.99,8.59
7407,42309,550577,49950601,2009-08-06,Low,38,6427.25800,0.08,Regular Air,1636.41,205.99,2.50
7835,29252,155203,80914914,2009-08-06,Low,9,65.81000,0.01,Regular Air,-15.44,6.48,5.19
1707,57381,686443,67518302,2009-08-07,High,13,515.23000,0.10,Regular Air,171.40,41.94,2.99
2910,57381,649343,67518302,2009-08-07,High,22,41.65000,0.06,Regular Air,-13.86,1.98,0.70
4429,24231,607575,23905406,2009-08-07,Not Specified,48,2482.03400,0.08,Regular Air,421.89,65.99,5.92
4589,53410,947059,38030197,2009-08-07,Critical,44,642.80000,0.08,Regular Air,-253.11,14.81,13.32
5827,38886,523179,81380802,2009-08-07,High,26,172.01000,0.06,Express Air,27.47,6.70,1.56
6612,47941,908570,48663618,2009-08-08,High,15,1187.15250,0.03,Regular Air,33.19,95.99,4.90
84,48388,730110,87034117,2009-08-09,High,3,21.64000,0.08,Regular Air,-13.33,5.74,5.01
103,39521,871664,56764115,2009-08-09,Low,28,112.35000,0.10,Regular Air,31.27,4.13,0.99
1854,3136,403494,58046234,2009-08-09,Not Specified,8,238.74000,0.10,Regular Air,-38.89,30.98,8.99
833,21636,925732,46187622,2009-08-10,Low,35,1665.03950,0.02,Regular Air,366.51,55.99,3.30
946,45731,877175,90771128,2009-08-10,Critical,35,2506.26750,0.03,Regular Air,1160.58,85.99,3.30
1645,21636,877669,51145168,2009-08-10,Low,16,376.65000,0.00,Express Air,-52.65,22.38,15.10
3868,48327,192351,38326802,2009-08-10,Not Specified,14,89.93000,0.03,Regular Air,-44.82,5.98,3.85
5047,45731,839366,58724414,2009-08-10,Critical,44,12689.87000,0.04,Delivery Truck,-169.23,296.18,154.12
6147,54949,947094,37575390,2009-08-10,Low,7,192.02000,0.09,Delivery Truck,-293.74,20.98,53.03
6242,21636,539839,51145168,2009-08-10,Low,6,40.06000,0.07,Regular Air,-24.44,5.98,4.69
7288,45731,307544,90771128,2009-08-10,Critical,19,146.63000,0.01,Express Air,-30.06,6.48,6.22
7488,10464,239066,56674083,2009-08-10,Critical,23,121.73000,0.01,Regular Air,-69.07,4.98,6.07
7564,54949,694962,37575390,2009-08-10,Low,32,210.94000,0.08,Regular Air,-94.59,6.48,6.81
1122,20389,329429,27211235,2009-08-11,High,31,7477.78000,0.09,Delivery Truck,883.29,260.98,41.91
1545,20709,871664,25774862,2009-08-11,High,4,16.60000,0.10,Regular Air,-2.06,4.13,0.99
1546,20709,1000550,25774862,2009-08-11,High,5,25.10000,0.04,Regular Air,2.98,4.98,0.49
4387,46018,419790,31848876,2009-08-11,Medium,31,2797.41000,0.06,Delivery Truck,984.30,90.97,14.00
6270,56163,455222,81859317,2009-08-11,Not Specified,3,119.90000,0.03,Regular Air,-14.47,37.94,5.08
7359,20389,541296,27211235,2009-08-11,High,24,270.39000,0.01,Regular Air,-30.42,10.52,7.94
7360,20389,414906,27211235,2009-08-11,High,30,201.35000,0.02,Express Air,-107.37,5.98,7.50
805,18723,904387,15087878,2009-08-12,Medium,1,52.09650,0.00,Regular Air,-232.80,55.99,2.50
1412,5894,346719,68423234,2009-08-12,High,3,239.03000,0.01,Regular Air,-68.22,80.48,4.50
1413,5894,346151,68423234,2009-08-12,High,7,384.33000,0.10,Regular Air,87.68,58.10,1.49
3239,55330,126813,12027757,2009-08-12,Medium,49,633.91000,0.00,Regular Air,141.17,12.58,5.16
3926,45573,844618,93141025,2009-08-12,High,5,627.64000,0.05,Delivery Truck,-151.46,120.98,30.00
1438,52867,491105,79197180,2009-08-13,High,15,1917.61000,0.03,Delivery Truck,-286.90,124.49,51.94
7471,18049,333937,18173108,2009-08-13,Medium,10,65.52000,0.07,Regular Air,-22.57,5.98,5.46
384,15971,250333,36773200,2009-08-14,High,15,2172.51500,0.06,Regular Air,32.75,175.99,8.99
461,41636,217058,72691604,2009-08-14,Critical,27,2762.85700,0.03,Regular Air,722.24,115.99,4.23
517,14115,490866,56266301,2009-08-14,Not Specified,46,3296.06200,0.06,Regular Air,591.91,85.99,10.78
815,37760,564279,102118415,2009-08-14,High,18,157.85000,0.01,Regular Air,10.74,8.33,1.99
816,37760,72479,102118415,2009-08-14,High,38,2773.03150,0.04,Regular Air,897.87,85.99,0.99
1250,11840,315990,25165064,2009-08-14,Critical,43,181.50000,0.08,Regular Air,-6.24,4.48,2.50
2130,14115,115110,56266301,2009-08-14,Not Specified,24,158.78000,0.04,Regular Air,-38.38,6.28,5.41
4740,6406,134191,65592088,2009-08-14,Critical,43,92.63000,0.05,Regular Air,-70.80,2.08,2.56
4921,29956,642034,71683979,2009-08-14,Critical,48,80.33000,0.09,Regular Air,-12.95,1.82,0.83
5469,41636,806839,72691604,2009-08-14,Critical,25,423.15000,0.05,Regular Air,-47.28,16.98,7.78
5472,41636,612619,72691604,2009-08-14,Critical,47,5294.48000,0.03,Regular Air,1521.31,107.53,5.81
6515,42343,248300,95501313,2009-08-14,Critical,46,3412.08000,0.04,Delivery Truck,239.23,70.98,26.85
7794,42343,709916,95501313,2009-08-14,Critical,31,1311.68000,0.03,Regular Air,230.37,40.99,17.48
343,38598,229356,73805224,2009-08-15,Low,27,451.52000,0.01,Regular Air,-70.52,15.99,11.28
894,15751,328029,89205766,2009-08-15,Critical,21,397.73200,0.01,Regular Air,-26.05,20.99,0.99
898,15751,1000550,89205766,2009-08-15,Critical,37,189.60000,0.02,Regular Air,89.65,4.98,0.49
1098,34177,528379,27137028,2009-08-15,High,50,853.16200,0.10,Regular Air,-83.95,20.99,2.50
1099,34177,464128,27137028,2009-08-15,High,13,34.42000,0.02,Regular Air,9.47,2.61,0.50
1771,50310,778385,95928627,2009-08-15,Medium,42,1811.30000,0.07,Express Air,520.41,42.98,4.62
2025,38598,579387,73805224,2009-08-15,Low,24,324.97000,0.07,Regular Air,113.98,13.40,4.95
2753,30467,648476,32302821,2009-08-15,Critical,5,2019.65000,0.05,Regular Air,289.88,420.98,19.99
3255,26949,285119,91220663,2009-08-15,Critical,48,460.69000,0.06,Regular Air,-103.48,9.48,7.29
4593,50310,1083564,95928627,2009-08-15,Medium,43,4095.76000,0.03,Delivery Truck,-444.14,89.99,42.00
4650,47910,314204,38922248,2009-08-15,High,30,5290.57000,0.08,Regular Air,1389.18,178.47,19.99
5404,38598,751161,73805224,2009-08-15,Low,17,14665.15000,0.04,Delivery Truck,2860.31,880.98,44.55
5854,34177,459865,27137028,2009-08-15,High,26,172.76000,0.10,Regular Air,73.18,7.31,0.49
7864,56260,983577,21613461,2009-08-15,Not Specified,34,223.76000,0.03,Regular Air,-139.66,6.48,7.91
2875,37830,934530,65757696,2009-08-16,Not Specified,39,977.92000,0.05,Express Air,148.89,25.99,5.37
4754,46469,1018354,83808705,2009-08-16,Critical,17,1210.72000,0.05,Delivery Truck,-382.43,70.98,30.00
4958,23392,884845,30509837,2009-08-16,Medium,24,4276.09600,0.00,Regular Air,-505.98,209.37,69.00
5311,9893,953470,90514203,2009-08-16,Medium,1,192.49000,0.02,Delivery Truck,-98.30,160.98,30.00
6476,46469,766319,83808705,2009-08-16,Critical,18,93.26000,0.05,Regular Air,-35.36,4.98,4.70
6768,29346,957636,95323982,2009-08-16,Low,2,29.06000,0.10,Regular Air,-16.15,11.58,6.97
6965,40647,267787,59062935,2009-08-17,High,47,1982.16000,0.03,Regular Air,267.10,40.99,19.99
7350,55840,994750,72854769,2009-08-17,Medium,11,59.03000,0.04,Regular Air,-25.21,4.98,4.86
622,53254,344239,85401643,2009-08-18,Medium,34,5442.14200,0.00,Regular Air,1640.30,175.99,4.99
1418,13536,954944,65158225,2009-08-18,Medium,23,123.15000,0.05,Regular Air,22.98,5.18,2.04
2345,10437,166184,42941089,2009-08-18,Critical,50,820.52000,0.01,Regular Air,-191.22,15.99,13.18
2644,2790,614969,93758371,2009-08-18,High,15,330.24000,0.03,Express Air,8.48,22.01,5.53
2648,21861,640984,96376660,2009-08-18,Critical,5,244.90000,0.06,Regular Air,-135.40,47.98,3.61
4246,2790,398909,93758371,2009-08-18,High,15,520.65000,0.09,Regular Air,30.63,34.76,8.22
5996,2790,339698,93758371,2009-08-18,High,41,22319.58000,0.02,Delivery Truck,-734.31,549.99,49.00
7468,2790,923732,93758371,2009-08-18,High,7,45.91000,0.01,Regular Air,-35.54,5.44,7.46
356,1762,332331,75234630,2009-08-19,Not Specified,43,1279.50500,0.10,Express Air,384.20,35.99,1.10
502,19175,781795,102008024,2009-08-19,Low,19,1133.44950,0.01,Regular Air,169.16,65.99,5.31
2700,45410,735275,59478070,2009-08-19,Low,19,991.36000,0.10,Regular Air,-103.11,54.10,19.99
3683,1762,318385,75234630,2009-08-19,Not Specified,29,857.11000,0.07,Regular Air,285.20,31.78,1.99
7052,1762,73356,75234630,2009-08-19,Not Specified,11,69.60000,0.00,Regular Air,6.46,5.98,2.50
3959,33888,680591,46184923,2009-08-20,Not Specified,3,58.33000,0.02,Regular Air,-35.08,15.70,11.25
3960,33888,663528,46184923,2009-08-20,Not Specified,31,349.43000,0.04,Regular Air,-44.92,11.50,7.19
5697,33888,299699,46184923,2009-08-20,Not Specified,47,10377.22000,0.05,Delivery Truck,965.48,225.02,28.66
3189,9187,677137,60748072,2009-08-21,High,8,994.22800,0.09,Regular Air,-446.58,155.99,8.99
3190,9187,210383,60748072,2009-08-21,High,40,174.64000,0.04,Regular Air,-143.23,4.37,5.15
4451,2433,629536,7210830,2009-08-21,Not Specified,14,24105.87000,0.07,Delivery Truck,4073.25,2036.48,14.70
5181,43779,475727,14093031,2009-08-21,High,20,3878.49000,0.09,Regular Air,1397.86,209.84,21.21
5271,43301,802135,69563791,2009-08-21,Critical,33,3537.84000,0.00,Delivery Truck,-80.86,100.89,42.00
5276,43301,845612,69563791,2009-08-21,Critical,43,2221.20000,0.01,Regular Air,-1127.22,48.91,35.00
501,44196,781795,72112650,2009-08-22,Not Specified,12,653.78600,0.09,Regular Air,-83.47,65.99,5.31
1419,44196,954944,8553190,2009-08-22,Not Specified,10,56.91000,0.01,Regular Air,7.50,5.18,2.04
2450,57542,559984,18517094,2009-08-22,High,23,1256.29000,0.04,Regular Air,517.03,55.48,6.79
4966,41825,990587,104516903,2009-08-22,Critical,50,7817.45000,0.03,Delivery Truck,-1303.60,150.89,60.20
7040,52897,712459,51065809,2009-08-22,Medium,40,2055.98000,0.00,Regular Air,1016.86,47.90,5.86
7860,24162,949585,60748220,2009-08-22,Not Specified,1,10.94000,0.08,Regular Air,-4.35,9.68,2.03
438,6112,330371,15571411,2009-08-23,Medium,31,1753.95800,0.06,Regular Air,382.39,65.99,5.92
2074,6112,779048,15571411,2009-08-23,Medium,10,1597.37000,0.02,Delivery Truck,-533.69,146.05,80.20
3351,10886,448604,24482846,2009-08-23,Critical,36,65.42000,0.04,Regular Air,-112.92,1.74,4.08
3791,25031,884845,39916227,2009-08-23,High,24,4636.62000,0.10,Regular Air,-318.45,209.37,69.00
4655,43206,118378,57458136,2009-08-23,Medium,16,587.88000,0.00,Express Air,135.37,35.41,1.99
4857,10886,1048806,24482846,2009-08-23,Critical,47,5750.94000,0.01,Delivery Truck,432.98,119.99,56.14
5522,25031,766319,39916227,2009-08-23,High,20,100.11000,0.07,Regular Air,-41.70,4.98,4.70
1790,19429,491105,37216054,2009-08-24,Not Specified,2,240.24000,0.05,Delivery Truck,-84.93,124.49,51.94
1989,28897,392324,100099945,2009-08-24,Medium,35,146.15000,0.02,Regular Air,-180.26,4.06,6.89
2168,49799,136430,36255546,2009-08-24,High,4,1614.97000,0.05,Delivery Truck,-593.15,376.13,85.63
5365,28897,954683,100099945,2009-08-24,Medium,14,877.47000,0.07,Regular Air,151.24,60.98,19.99
5531,49799,538394,36255546,2009-08-24,High,12,2119.04150,0.00,Regular Air,-6.57,195.99,8.99
6027,31111,334736,86931361,2009-08-24,Not Specified,27,217.93000,0.03,Regular Air,-29.02,7.64,5.83
7806,53441,629734,31645785,2009-08-24,Medium,7,345.37000,0.01,Regular Air,84.34,48.04,5.79
584,17670,464128,81275177,2009-08-25,Medium,14,36.52000,0.07,Regular Air,10.05,2.61,0.50
2762,29350,686278,74011642,2009-08-25,High,46,1634.17000,0.05,Express Air,232.80,36.55,13.89
2763,29350,131291,74011642,2009-08-25,High,10,150.33000,0.10,Regular Air,-47.88,15.14,4.53
4391,29350,672681,74011642,2009-08-25,High,47,2519.55000,0.05,Regular Air,592.53,52.40,16.11
2362,28486,674664,10181449,2009-08-26,High,2,811.13000,0.08,Regular Air,-517.47,415.88,11.37
3534,21985,367410,104239922,2009-08-26,Critical,1,255.83000,0.07,Delivery Truck,-132.74,226.67,28.16
5259,21985,947094,104239922,2009-08-26,Critical,45,947.66000,0.08,Delivery Truck,-2175.09,20.98,53.03
6948,13927,780990,44905147,2009-08-26,Low,26,188.05000,0.04,Express Air,-21.41,6.48,5.16
693,10658,66293,34113194,2009-08-27,Low,17,1332.97000,0.09,Regular Air,4.75,95.99,8.99
694,10658,314991,34113194,2009-08-27,Low,12,190.73000,0.10,Regular Air,-69.64,15.99,9.40
2803,32611,1036156,104494645,2009-08-27,Medium,16,33.76000,0.04,Regular Air,-7.15,2.08,1.49
3874,10658,93844,34113194,2009-08-27,Low,31,262.54000,0.04,Regular Air,29.24,8.50,1.99
4440,32611,705599,104494645,2009-08-27,Medium,18,986.24000,0.02,Express Air,68.90,53.98,5.50
6182,32611,251563,104494645,2009-08-27,Medium,19,3537.39000,0.00,Delivery Truck,232.78,180.98,30.00
7107,15108,709916,24223712,2009-08-27,High,50,2066.16000,0.02,Regular Air,372.36,40.99,17.48
7578,32611,371815,104494645,2009-08-27,Medium,15,81.66000,0.05,Regular Air,-31.99,4.98,5.02
7624,47813,165314,25488283,2009-08-27,High,50,343.00000,0.00,Regular Air,-76.94,6.68,5.66
314,37281,518917,72058336,2009-08-28,Medium,25,453.24550,0.05,Regular Air,3.31,20.99,4.81
2627,33569,1016325,35713813,2009-08-28,Low,9,123.92000,0.09,Regular Air,45.83,14.20,5.30
2929,33732,134249,60230536,2009-08-28,Not Specified,33,332.95000,0.05,Regular Air,-28.16,9.65,6.22
3054,47877,591499,12964455,2009-08-28,Medium,16,273.36000,0.04,Regular Air,32.25,17.24,3.26
4688,47877,884845,12964455,2009-08-28,Medium,49,8058.96000,0.08,Regular Air,-1621.38,209.37,69.00
7467,21479,995207,45162841,2009-08-28,Medium,41,291.16000,0.01,Express Air,-89.47,6.48,6.57
1573,6727,155970,6913864,2009-08-29,Low,12,33.43000,0.06,Regular Air,8.47,2.89,0.50
1887,18402,622193,16666221,2009-08-29,Low,5,1548.45000,0.03,Delivery Truck,-224.20,284.98,69.55
5286,18402,452225,16666221,2009-08-29,Low,3,56.07000,0.00,Regular Air,10.49,12.99,14.37
4829,23652,855099,47505924,2009-08-30,Not Specified,27,305.48000,0.10,Regular Air,47.14,11.55,2.36
2282,20390,661762,23649246,2009-08-31,Not Specified,35,1271.12000,0.05,Express Air,-62.82,34.98,7.53
2328,53123,990993,3722643,2009-08-31,Not Specified,25,265.75000,0.06,Regular Air,14.00,10.98,5.14
2432,20128,271693,40482968,2009-08-31,Not Specified,5,515.22000,0.03,Regular Air,-152.54,95.43,19.99
2764,1031,1012355,25911898,2009-08-31,Medium,34,226.10000,0.00,Regular Air,-52.21,6.37,5.19
2878,14756,1050983,91042485,2009-08-31,Low,2,42.30000,0.06,Regular Air,-25.38,19.23,6.15
4067,20128,93844,40482968,2009-08-31,Not Specified,32,279.43000,0.00,Regular Air,48.47,8.50,1.99
5669,20390,701718,23649246,2009-08-31,Not Specified,17,58.50000,0.00,Regular Air,-25.26,3.14,1.92
19,47173,560855,82335880,2009-09-01,Not Specified,41,277.07450,0.03,Regular Air,-128.44,7.99,5.03
280,54464,709485,31379257,2009-09-01,High,11,227.41000,0.06,Regular Air,44.29,19.98,10.49
2173,14055,211351,36255546,2009-09-01,High,21,441.70000,0.08,Regular Air,167.18,22.23,3.63
3318,45988,265590,87094459,2009-09-01,Critical,43,3832.24000,0.09,Express Air,-1570.32,90.98,56.20
3379,1985,272273,55332006,2009-09-01,Not Specified,33,15464.01000,0.05,Delivery Truck,4407.44,535.64,14.70
3691,27555,780236,47273840,2009-09-01,Critical,32,209.42000,0.10,Regular Air,65.41,6.74,1.72
5374,54464,786593,31379257,2009-09-01,High,50,87.44000,0.08,Regular Air,-184.60,1.76,4.86
7955,1985,971876,92171058,2009-09-01,Not Specified,1,11.35000,0.09,Regular Air,-7.96,5.78,5.67
1286,51619,642251,19317610,2009-09-02,Not Specified,2,14.75000,0.07,Regular Air,-11.42,3.89,7.01
1325,54151,635598,64147312,2009-09-02,Critical,35,205.87000,0.03,Regular Air,65.88,5.68,1.46
2603,51619,742923,19317610,2009-09-02,Not Specified,6,958.06000,0.09,Regular Air,-77.09,165.20,19.99
4222,51619,476021,19317610,2009-09-02,Not Specified,31,11262.04000,0.06,Delivery Truck,1660.92,355.98,58.92
5957,51619,616627,19317610,2009-09-02,Not Specified,46,100.60000,0.03,Regular Air,11.55,2.21,1.00
5983,54151,852778,64147312,2009-09-02,Critical,38,65.12000,0.07,Regular Air,1.42,1.68,1.00
4019,52357,694506,76482154,2009-09-03,Not Specified,49,541.47000,0.05,Regular Air,90.62,10.98,4.80
385,11680,250333,18716501,2009-09-04,Medium,50,7312.03150,0.06,Regular Air,2031.51,175.99,8.99
480,26567,364705,103235308,2009-09-04,Critical,48,6109.81700,0.04,Regular Air,1374.95,155.99,8.08
481,26567,89922,103235308,2009-09-04,Critical,8,50.70000,0.08,Regular Air,-44.07,5.40,7.78
2101,26567,548833,103235308,2009-09-04,Critical,22,338.52000,0.21,Regular Air,-17.75,14.98,8.99
2722,25824,136430,43859307,2009-09-04,Medium,39,15341.46000,0.00,Delivery Truck,394.52,376.13,85.63
3757,26567,124105,103235308,2009-09-04,Critical,10,90.06000,0.09,Express Air,-100.51,8.46,8.99
4353,25824,755639,43859307,2009-09-04,Medium,5,25.27000,0.01,Regular Air,-19.93,3.95,5.13
4354,25824,643210,43859307,2009-09-04,Medium,37,14410.78000,0.02,Regular Air,6365.58,367.99,19.99
6095,25824,908570,43859307,2009-09-04,Medium,6,507.56050,0.04,Regular Air,-258.23,95.99,4.90
6740,42342,952554,29764059,2009-09-04,Not Specified,43,9501.62400,0.07,Delivery Truck,-686.45,286.85,61.76
7889,42342,830130,77821610,2009-09-04,Not Specified,25,318.14000,0.01,Regular Air,49.67,12.28,5.09
1054,51968,72479,82597127,2009-09-05,Medium,43,3231.56400,0.03,Regular Air,1166.09,85.99,0.99
2725,34311,802904,86802122,2009-09-05,High,32,232.85000,0.03,Regular Air,-262.62,6.98,9.69
4263,36867,691011,99048732,2009-09-05,High,16,45.57000,0.09,Regular Air,2.81,2.88,0.70
4355,34311,793720,86802122,2009-09-05,High,39,132.79000,0.05,Regular Air,-100.24,3.28,3.97
6003,36867,165300,99048732,2009-09-05,High,21,5482.18000,0.06,Express Air,1167.38,276.20,24.49
6784,49990,105743,10328710,2009-09-05,Not Specified,11,5155.35000,0.00,Delivery Truck,501.51,442.14,14.70
6817,11392,249175,89257969,2009-09-05,Low,28,128.69000,0.04,Regular Air,28.29,4.55,1.49
7924,51714,120598,94666608,2009-09-05,Not Specified,33,194.09000,0.03,Regular Air,-63.35,5.78,5.37
1701,9668,846871,73881886,2009-09-06,Low,10,42.67000,0.06,Regular Air,-12.72,4.18,2.99
2679,48167,381761,53648269,2009-09-06,Critical,43,5041.46000,0.06,Delivery Truck,-2136.66,122.99,70.20
3487,38913,945043,65429002,2009-09-06,Not Specified,7,230.29000,0.03,Regular Air,-4.30,31.74,12.62
6026,48167,37176,53648269,2009-09-06,Critical,27,8817.71000,0.09,Delivery Truck,-2946.05,349.45,60.00
7025,48775,814247,101656918,2009-09-06,Low,17,108.11000,0.09,Regular Air,-62.23,6.48,6.86
7500,48167,467344,53648269,2009-09-06,Critical,45,282.98000,0.06,Regular Air,-237.47,6.48,8.88
8028,39845,87058,28787189,2009-09-06,Critical,44,447.42000,0.05,Regular Air,41.30,9.99,4.78
2845,10052,821997,42701778,2009-09-07,Not Specified,46,162.28000,0.02,Regular Air,-216.15,3.36,6.27
4489,10052,326423,42701778,2009-09-07,Not Specified,28,517.91000,0.08,Regular Air,107.11,19.90,5.29
7606,10052,827242,42701778,2009-09-07,Not Specified,16,95.90000,0.07,Regular Air,19.57,6.08,0.91
2871,5317,893965,10575811,2009-09-08,Low,10,1469.48000,0.07,Delivery Truck,-263.65,140.98,53.48
4286,37926,855099,17241550,2009-09-08,Critical,31,353.25000,0.02,Regular Air,60.06,11.55,2.36
4507,5317,391953,10575811,2009-09-08,Low,25,4279.24000,0.06,Regular Air,890.18,205.99,5.26
7619,5317,500519,10575811,2009-09-08,Low,38,212.57000,0.09,Express Air,9.49,5.34,2.99
4217,55648,691011,70050666,2009-09-09,Critical,5,14.74000,0.08,Regular Air,-2.58,2.88,0.70
730,3746,738011,55426523,2009-09-10,Not Specified,14,1463.09650,0.00,Regular Air,162.67,115.99,2.50
5991,43590,715054,69252035,2009-09-10,Critical,24,3118.60000,0.06,Express Air,804.20,128.24,12.65
7203,3746,337774,55426523,2009-09-10,Not Specified,38,246.30000,0.02,Regular Air,-67.49,5.98,5.79
247,56901,805629,104598944,2009-09-11,Critical,36,100.68000,0.00,Regular Air,-45.21,2.60,2.40
436,12099,605916,99434135,2009-09-11,Critical,1,17.59000,0.06,Express Air,10.85,2.61,0.50
1658,44836,207983,65757696,2009-09-11,Medium,21,125.79000,0.02,Regular Air,28.53,5.98,1.49
1780,13280,560855,59254130,2009-09-11,High,49,318.75850,0.10,Regular Air,-160.95,7.99,5.03
2960,13280,328938,59254130,2009-09-11,High,40,460.68000,0.01,Regular Air,-116.76,10.90,7.46
3359,44487,743734,107249296,2009-09-11,Critical,4,28.15000,0.09,Regular Air,-10.09,6.28,5.29
3360,44487,131291,107249296,2009-09-11,Critical,37,558.77000,0.03,Regular Air,-92.87,15.14,4.53
5457,12099,444836,99434135,2009-09-11,Critical,48,308.81000,0.01,Regular Air,128.28,6.35,1.02
7836,10629,236787,107249296,2009-09-11,Critical,39,341.55000,0.06,Regular Air,-255.65,8.37,10.16
7838,10629,1039422,107249296,2009-09-11,Critical,14,98.37000,0.09,Express Air,-76.54,6.48,9.17
262,40928,529796,4221093,2009-09-12,Low,4,292.34050,0.01,Regular Air,-420.59,85.99,0.99
1593,49891,659453,29055608,2009-09-12,Not Specified,19,88.40000,0.08,Regular Air,35.50,4.91,0.50
1594,49891,207983,29055608,2009-09-12,Not Specified,40,259.83000,0.00,Regular Air,80.73,5.98,1.49
2653,41221,224170,18174109,2009-09-12,Critical,4,345.57000,0.06,Regular Air,-218.77,80.98,35.00
5984,38145,357719,64147312,2009-09-12,Not Specified,33,60.92000,0.07,Regular Air,-17.20,1.88,1.49
5985,38145,381085,64147312,2009-09-12,Not Specified,8,387.17000,0.01,Regular Air,190.60,45.98,4.80
6479,9888,240546,83808705,2009-09-12,Low,48,8374.13200,0.06,Regular Air,2568.10,205.99,8.99
7342,1313,315030,67636836,2009-09-12,Critical,34,840.07000,0.00,Regular Air,-83.75,22.84,16.92
2582,46721,483546,37304343,2009-09-13,Medium,17,1912.76000,0.03,Regular Air,71.56,111.03,8.64
2584,46721,1047536,37304343,2009-09-13,Medium,17,142.94000,0.03,Regular Air,-129.56,7.38,11.51
4204,29860,314204,6763230,2009-09-13,Critical,48,8295.29000,0.08,Regular Air,2267.22,178.47,19.99
4458,4772,138468,55920460,2009-09-13,Critical,28,1560.61700,0.04,Regular Air,214.29,65.99,8.99
6061,10528,823075,59478070,2009-09-13,Medium,47,838.40000,0.02,Express Air,-132.91,17.70,9.47
7412,46721,983577,37304343,2009-09-13,Medium,35,240.61000,0.05,Regular Air,-133.12,6.48,7.91
4172,25831,878513,6954303,2009-09-14,Medium,6,250.37600,0.01,Regular Air,-131.85,45.99,4.99
5166,7297,860962,96945026,2009-09-14,High,26,936.95000,0.03,Regular Air,-0.74,33.98,19.99
5510,38080,766319,56266301,2009-09-14,Not Specified,26,125.01000,0.08,Regular Air,-56.35,4.98,4.70
6128,7269,967595,29705839,2009-09-14,Medium,29,1707.99000,0.00,Regular Air,391.19,65.99,3.99
7796,7297,403940,18255550,2009-09-14,High,7,296.84000,0.08,Regular Air,-71.83,45.19,1.99
524,35558,539744,11934383,2009-09-15,Critical,2,34.88000,0.09,Regular Air,-22.12,13.79,8.78
624,18855,69354,29419345,2009-09-15,High,31,229.43000,0.03,Regular Air,-127.05,7.30,7.72
1218,44352,638256,34287086,2009-09-15,Not Specified,25,81.76000,0.06,Regular Air,8.53,3.29,1.35
3225,53412,430810,64666110,2009-09-15,Critical,45,2544.73000,0.02,Regular Air,375.87,54.20,11.10
6455,46437,390796,40253199,2009-09-15,Medium,49,1488.66000,0.00,Regular Air,385.37,29.34,7.87
177,43974,547380,16627071,2009-09-16,Not Specified,8,64.23000,0.03,Regular Air,15.83,7.64,1.39
906,10371,911552,33272196,2009-09-16,High,10,156.15000,0.08,Express Air,-37.60,15.73,7.42
2652,27330,735084,70563874,2009-09-16,Low,8,507.74000,0.05,Regular Air,-118.54,55.50,52.20
2830,21121,616694,29483524,2009-09-16,Not Specified,50,20175.48000,0.00,Regular Air,9373.96,387.99,19.99
3093,57734,134974,24239354,2009-09-16,High,27,453.89000,0.10,Regular Air,-75.06,16.98,12.39
5148,54243,272345,28204770,2009-09-16,Low,6,907.24000,0.07,Express Air,-634.73,154.13,69.00
6002,27330,105743,70563874,2009-09-16,Low,30,12600.99000,0.05,Delivery Truck,2963.48,442.14,14.70
6450,57734,272408,24239354,2009-09-16,High,26,110.14000,0.05,Regular Air,-89.22,4.24,5.41
7535,17764,384417,73337961,2009-09-16,Low,27,644.40000,0.04,Regular Air,-97.28,22.84,16.87
7708,34880,155203,73634331,2009-09-16,High,44,284.38000,0.04,Regular Air,-62.43,6.48,5.19
542,41412,89922,28382862,2009-09-17,Not Specified,47,263.81000,0.03,Regular Air,-237.54,5.40,7.78
765,29410,192952,36785821,2009-09-17,Critical,36,6057.27000,0.00,Regular Air,1585.50,195.99,4.20
2275,29410,492210,36785821,2009-09-17,Critical,35,4186.53000,0.04,Regular Air,1929.58,120.97,7.11
3345,31619,275015,94607246,2009-09-17,Low,9,383.23000,0.01,Regular Air,146.51,39.98,9.20
4146,38915,669077,83349693,2009-09-17,Medium,12,96.73000,0.08,Regular Air,-83.65,7.77,9.23
4147,38915,725611,83349693,2009-09-17,Medium,34,253.60000,0.07,Regular Air,24.39,7.59,4.00
6305,31619,864079,106291700,2009-09-17,Low,11,114.87000,0.10,Regular Air,-21.03,10.98,3.99
274,18371,667910,72489079,2009-09-18,Medium,30,1394.36000,0.00,Regular Air,271.45,43.98,8.99
2276,19204,447798,36785821,2009-09-18,Medium,27,233.92000,0.10,Regular Air,-80.75,8.75,8.54
4272,48385,401561,71417179,2009-09-18,Medium,16,88.24000,0.01,Regular Air,-56.60,4.98,4.62
6663,37254,668688,15639214,2009-09-18,High,28,739.94000,0.01,Regular Air,370.23,26.17,1.39
7219,19204,985033,36785821,2009-09-18,Medium,28,1642.05000,0.03,Regular Air,829.73,55.98,4.86
23,21831,1000550,60559394,2009-09-19,Not Specified,6,28.39000,0.05,Regular Air,3.84,4.98,0.49
792,54436,851117,13314221,2009-09-19,High,17,705.85000,0.04,Express Air,151.67,39.48,1.99
1163,4645,923574,57991979,2009-09-19,Critical,7,104.20000,0.05,Regular Air,-8.53,14.56,3.50
2519,4645,743841,57991979,2009-09-19,Critical,11,3563.88000,0.00,Regular Air,285.95,299.99,11.64
2521,4645,279720,57991979,2009-09-19,Critical,30,920.00000,0.08,Regular Air,-45.07,30.73,4.00
3309,8320,279720,94752834,2009-09-19,Not Specified,35,1142.36000,0.02,Regular Air,72.78,30.73,4.00
3931,54436,665810,13314221,2009-09-19,High,37,321.30000,0.00,Regular Air,-47.23,8.12,2.83
3944,54694,46361,15087878,2009-09-19,Critical,43,112.63000,0.08,Regular Air,-201.60,2.66,6.35
5633,59238,930243,57987295,2009-09-19,High,11,455.88000,0.03,Express Air,9.15,40.97,8.99
6070,2816,625704,101893757,2009-09-19,High,35,787.56000,0.00,Regular Air,220.04,21.98,2.87
8057,8320,299508,45988213,2009-09-19,Not Specified,22,150.34000,0.06,Express Air,-28.45,6.48,5.14
1517,548,358060,26807355,2009-09-20,Critical,41,129.49000,0.04,Regular Air,36.02,3.08,0.99
1574,49059,155970,11321197,2009-09-20,Medium,48,128.00000,0.09,Regular Air,45.51,2.89,0.50
2254,960,556506,4569162,2009-09-20,Medium,46,605.97000,0.07,Regular Air,-22.72,13.73,6.85
7554,548,412186,26807355,2009-09-20,Critical,26,2753.19250,0.04,Regular Air,510.49,125.99,4.20
7555,548,940944,26807355,2009-09-20,Critical,29,202.95000,0.02,Regular Air,-50.64,6.48,5.90
7582,49059,905789,11321197,2009-09-20,Medium,5,252.66000,0.02,Regular Air,32.86,48.91,5.81
366,13378,535988,66496454,2009-09-21,Low,16,96.04000,0.05,Regular Air,-50.75,5.74,5.30
440,6020,774939,15571411,2009-09-21,Medium,23,66.09000,0.09,Regular Air,13.71,2.88,0.99
1555,41440,175474,71078600,2009-09-22,High,20,92.94000,0.09,Regular Air,37.77,4.91,0.50
4422,41440,839366,71078600,2009-09-22,High,19,6070.96000,0.01,Delivery Truck,173.48,296.18,54.12
958,55265,394140,47862852,2009-09-23,Low,39,706.39250,0.06,Regular Air,346.14,20.99,0.99
2251,53153,138181,57987295,2009-09-23,Critical,29,575.36000,0.10,Regular Air,84.05,20.27,3.99
5062,49088,665810,73720984,2009-09-23,Critical,16,130.11000,0.03,Regular Air,-47.69,8.12,2.83
5851,49735,226603,58915465,2009-09-23,Not Specified,32,1929.19000,0.04,Regular Air,570.67,60.97,4.50
6696,49088,587889,73720984,2009-09-23,Critical,15,4012.58000,0.05,Express Air,-425.14,279.48,35.00
7907,49088,709916,73720984,2009-09-23,Critical,31,1295.54000,0.06,Regular Air,214.23,40.99,17.48
239,29826,841915,95284420,2009-09-24,Critical,9,157.63000,0.06,Regular Air,-78.13,17.98,4.00
1346,42022,519606,18174109,2009-09-24,Medium,11,43.25000,0.06,Regular Air,-9.68,3.95,2.00
1347,42022,69354,18174109,2009-09-24,Medium,45,338.85000,0.04,Regular Air,-170.18,7.30,7.72
3595,4583,830831,28130934,2009-09-24,Medium,44,3021.64000,0.07,Delivery Truck,-720.20,70.98,30.00
4027,53190,209835,16907084,2009-09-24,Medium,10,268.18000,0.06,Regular Air,74.64,28.53,1.49
5237,28420,845743,68464052,2009-09-24,Low,2,45.64000,0.08,Express Air,-0.11,15.57,1.39
5754,53190,967595,16907084,2009-09-24,Medium,9,477.05400,0.10,Regular Air,-170.53,65.99,3.99
6916,55138,845612,96418490,2009-09-24,High,22,1132.54000,0.00,Regular Air,-628.38,48.91,35.00
931,12903,858029,38732068,2009-09-25,Critical,2,63.42700,0.07,Regular Air,-191.79,35.99,5.00
1259,28135,865125,2465224,2009-09-25,Critical,40,501.31000,0.05,Regular Air,38.23,12.98,3.14
1260,28135,91978,2465224,2009-09-25,Critical,37,1601.24000,0.08,Regular Air,520.69,46.89,5.10
2768,3522,179381,74510177,2009-09-25,Low,33,1935.17000,0.09,Regular Air,-991.07,60.98,49.00
3509,23136,401561,38512011,2009-09-25,Not Specified,43,220.47000,0.04,Regular Air,-135.16,4.98,4.62
3511,23136,251746,38512011,2009-09-25,Not Specified,41,9312.52000,0.01,Regular Air,3039.37,218.08,18.06
4621,16133,266000,34136970,2009-09-25,Critical,16,3083.04000,0.06,Delivery Truck,872.13,200.97,15.59
6276,18754,698263,61094278,2009-09-25,Not Specified,8,1217.62000,0.03,Delivery Truck,-221.50,140.98,36.09
6277,18754,623868,61094278,2009-09-25,Not Specified,32,1725.03250,0.08,Regular Air,206.35,65.99,8.99
6917,16133,228599,67546025,2009-09-25,Critical,1,27.96000,0.17,Regular Air,-9.13,14.89,13.56
7558,3522,247078,74510177,2009-09-25,Low,27,812.68000,0.05,Regular Air,235.88,29.89,1.99
1604,41542,491105,97936435,2009-09-26,High,47,6181.48000,0.03,Delivery Truck,-194.83,124.49,51.94
3228,20069,408433,25961578,2009-09-26,Critical,6,247.15000,0.07,Regular Air,-88.35,40.89,18.98
5165,19075,332937,35175537,2009-09-26,Critical,36,1841.60000,0.01,Regular Air,12.95,50.98,6.50
7177,31175,229862,101792006,2009-09-26,Critical,26,539.66000,0.00,Express Air,147.08,19.98,5.97
1537,12007,399302,49819071,2009-09-27,Not Specified,42,152.26000,0.04,Regular Air,64.99,3.69,0.50
3214,49441,135665,38157437,2009-09-27,Medium,49,1981.26000,0.07,Express Air,100.80,41.32,8.66
4249,25953,397638,18173108,2009-09-27,Critical,27,258.54000,0.10,Regular Air,-16.30,9.85,4.82
2095,16771,275015,34141840,2009-09-28,High,42,1737.06000,0.02,Regular Air,339.17,39.98,9.20
4018,55461,1005483,45307458,2009-09-28,Medium,16,84.01000,0.06,Regular Air,-34.12,4.82,5.72
4035,9219,332937,23074221,2009-09-28,Low,24,1239.81000,0.04,Regular Air,-13.28,50.98,6.50
4901,231,689598,60748220,2009-09-28,High,2,689.74000,0.06,Regular Air,-490.84,363.25,19.99
7297,9219,299508,23074221,2009-09-28,Low,41,273.32000,0.02,Regular Air,-48.68,6.48,5.14
782,19716,654261,97492463,2009-09-29,Low,5,616.10550,0.03,Regular Air,-458.74,140.99,4.20
2210,26689,700485,99518139,2009-09-29,High,2,198.44000,0.01,Regular Air,-87.46,99.23,8.99
2264,4354,431822,103048242,2009-09-29,Not Specified,6,49.04000,0.02,Regular Air,7.74,7.38,5.21
4370,58151,872550,47237797,2009-09-29,High,38,5601.10000,0.02,Express Air,1515.70,142.86,19.99
6172,44775,942547,23905406,2009-09-29,Medium,29,209.30000,0.07,Express Air,30.49,7.08,2.35
6714,26913,977308,12119240,2009-09-29,High,11,642.91450,0.01,Regular Air,-118.80,65.99,8.99
7543,58151,734492,47237797,2009-09-29,High,33,211.48000,0.10,Regular Air,18.15,6.75,2.99
612,19140,638256,61795149,2009-09-30,Medium,50,155.54000,0.09,Regular Air,15.66,3.29,1.35
861,30278,767830,74076626,2009-09-30,Low,50,2860.93000,0.03,Regular Air,832.62,65.99,5.26
1712,900,639682,11034951,2009-09-30,Not Specified,29,1193.65000,0.07,Regular Air,507.58,40.98,2.99
2754,4451,361951,41264800,2009-09-30,Critical,47,992.95000,0.04,Regular Air,-65.21,21.38,8.99
2883,41728,507331,38075002,2009-09-30,High,28,23106.46000,0.08,Regular Air,9527.47,896.99,19.99
4516,41728,575277,38075002,2009-09-30,High,10,2549.58000,0.02,Delivery Truck,41.53,243.98,62.94
7152,19140,655557,61795149,2009-09-30,Medium,47,314.00000,0.07,Regular Air,-66.04,6.54,5.27
7306,4708,938591,93537500,2009-09-30,Critical,29,180.38000,0.08,Regular Air,-119.32,6.48,7.49
53,37473,585679,28257713,2009-10-01,Low,42,88.23000,0.10,Regular Air,-195.93,2.18,5.00
1133,49056,367450,95361283,2009-10-01,High,5,248.39550,0.05,Regular Air,-260.35,55.99,5.00
1421,37473,954944,71683306,2009-10-01,Low,8,43.72000,0.06,Regular Air,2.12,5.18,2.04
1995,33701,442073,27242353,2009-10-01,Medium,35,2333.06000,0.08,Express Air,473.39,67.28,19.99
4761,16321,872550,91977284,2009-10-01,Not Specified,50,7156.56000,0.03,Regular Air,1871.26,142.86,19.99
4938,53797,724277,5417421,2009-10-01,Critical,10,623.71000,0.01,Delivery Truck,-213.32,58.14,36.61
8052,49056,102789,76323470,2009-10-01,High,46,300.07000,0.05,Regular Air,-209.58,6.48,8.40
1480,15654,355734,93796619,2009-10-02,Not Specified,27,7937.59000,0.03,Delivery Truck,1383.24,300.98,54.92
2730,15654,913152,93796619,2009-10-02,Not Specified,4,9396.41000,0.02,Delivery Truck,-4991.42,2550.14,29.70
2941,51072,711463,65993654,2009-10-02,Critical,43,7036.11000,0.00,Regular Air,1268.65,161.55,19.99
6657,18788,453581,60200887,2009-10-02,Not Specified,27,566.12000,0.03,Regular Air,-19.33,19.99,11.17
575,30214,312562,36255546,2009-10-04,Low,38,375.61000,0.10,Express Air,-21.26,10.44,5.75
818,19111,564279,22879750,2009-10-04,Low,24,195.83000,0.04,Regular Air,10.79,8.33,1.99
983,49313,577469,51909216,2009-10-04,Medium,36,1129.93050,0.05,Regular Air,574.16,35.99,1.25
1640,50051,504878,18361125,2009-10-04,Medium,17,103.72000,0.02,Regular Air,-72.06,5.53,6.98
2405,49313,660527,51909216,2009-10-04,Medium,34,307.76000,0.10,Express Air,-22.88,9.38,4.93
2856,50051,760319,18361125,2009-10-04,Medium,4,185.15000,0.09,Regular Air,10.20,41.47,34.20
2857,50051,1010112,18361125,2009-10-04,Medium,15,308.64000,0.03,Express Air,91.08,19.04,6.38
3078,44583,1016325,73763693,2009-10-04,Low,21,315.07000,0.02,Regular Air,95.00,14.20,5.30
3393,3841,179381,30770816,2009-10-04,Not Specified,19,1184.45000,0.02,Regular Air,-552.10,60.98,49.00
3394,3841,158483,30770816,2009-10-04,Not Specified,20,25409.63000,0.02,Regular Air,11535.28,1270.99,19.99
3846,15075,924921,83693488,2009-10-04,Medium,24,1548.43000,0.02,Regular Air,622.89,63.94,14.48
3847,15075,125017,83693488,2009-10-04,Medium,10,54.84000,0.01,Regular Air,-56.30,5.02,5.14
5080,44583,909475,50165765,2009-10-04,Low,6,17.59000,0.10,Regular Air,-19.74,2.22,5.00
6604,3841,434079,30770816,2009-10-04,Not Specified,43,7308.28300,0.05,Express Air,1680.23,205.99,8.99
365,20518,196617,66496454,2009-10-05,Critical,49,8252.36100,0.07,Regular Air,2418.56,200.99,4.20
2914,9923,332624,71736805,2009-10-05,High,27,63.71000,0.01,Regular Air,-96.03,2.08,5.33
6304,9923,79342,71736805,2009-10-05,High,14,5388.80000,0.03,Delivery Truck,-115.08,370.98,99.00
1036,57511,367450,51000782,2009-10-06,Critical,11,569.63600,0.00,Regular Air,-173.25,55.99,5.00
1037,57511,155970,51000782,2009-10-06,Critical,32,98.46000,0.01,Regular Air,41.54,2.89,0.50
7255,46881,352478,10406639,2009-10-06,Critical,31,176.28000,0.07,Express Air,-80.30,5.18,5.74
213,8162,428422,17767864,2009-10-07,Medium,25,670.39000,0.03,Regular Air,-82.26,27.48,4.00
1954,46533,735084,81843446,2009-10-07,High,3,215.24000,0.04,Regular Air,49.76,55.50,52.20
1959,8162,689019,17767864,2009-10-07,Medium,42,5450.60000,0.10,Regular Air,10.86,140.85,19.99
2829,47520,516201,5890384,2009-10-07,Not Specified,36,277.88000,0.09,Regular Air,-64.41,7.68,6.16
3611,8162,98806,17767864,2009-10-07,Medium,32,5618.40000,0.10,Regular Air,1314.12,179.99,19.99
4474,47520,470743,5890384,2009-10-07,Not Specified,13,3939.89000,0.05,Delivery Truck,598.24,291.73,48.80
4939,26016,878513,33483588,2009-10-07,High,44,1642.64200,0.08,Express Air,314.84,45.99,4.99
4940,26016,785102,33483588,2009-10-07,High,2,154.94000,0.09,Regular Air,-358.43,77.51,4.00
5337,46533,967595,81843446,2009-10-07,High,12,654.87400,0.10,Express Air,-82.06,65.99,3.99
7598,47520,153113,5890384,2009-10-07,Not Specified,47,925.30000,0.04,Regular Air,257.31,19.98,5.77
207,36739,680802,108626146,2009-10-08,Not Specified,27,331.17000,0.07,Regular Air,97.19,12.22,2.85
372,28675,330371,47273840,2009-10-08,Critical,15,822.84250,0.10,Regular Air,4.39,65.99,5.92
3606,36739,1067744,108626146,2009-10-08,Not Specified,16,68.04000,0.07,Regular Air,-55.52,3.98,5.26
3634,50147,996963,72489079,2009-10-08,Medium,42,1504.01000,0.05,Regular Air,211.04,35.89,14.72
4773,21541,77414,28399266,2009-10-08,Not Specified,43,3044.70000,0.04,Delivery Truck,-78.36,70.98,26.74
5367,50147,465557,72489079,2009-10-08,Medium,13,163.62000,0.00,Regular Air,16.34,11.48,5.43
6374,35136,117213,30238656,2009-10-08,Critical,23,68.73000,0.07,Regular Air,17.17,2.94,0.81
1295,13920,225839,93471011,2009-10-09,Critical,24,207.21000,0.06,Regular Air,-78.64,8.57,6.14
1556,14785,175474,76000431,2009-10-09,High,20,94.86000,0.08,Regular Air,39.69,4.91,0.50
1629,2791,642251,68157819,2009-10-09,High,47,191.67000,0.00,Regular Air,-236.27,3.89,7.01
2301,23008,87215,54628732,2009-10-09,Critical,10,1136.47000,0.10,Express Air,323.32,120.98,9.07
2306,18308,49841,49978976,2009-10-09,Not Specified,30,114.12000,0.05,Regular Air,15.73,3.80,1.49
2307,18308,279720,49978976,2009-10-09,Not Specified,15,436.05000,0.09,Regular Air,-92.58,30.73,4.00
2792,14785,736479,76000431,2009-10-09,High,25,744.12000,0.02,Regular Air,146.51,28.15,6.17
3867,59591,112415,38326802,2009-10-09,Not Specified,34,3361.84000,0.08,Delivery Truck,1211.76,100.97,14.00
4486,2791,844618,68157819,2009-10-09,High,49,5586.33000,0.09,Delivery Truck,80.44,120.98,30.00
4487,2791,940865,68157819,2009-10-09,High,18,507.64000,0.10,Regular Air,118.94,30.98,5.76
5686,18308,123797,49978976,2009-10-09,Not Specified,49,5247.48350,0.00,Regular Air,1465.87,125.99,8.08
5966,13920,455222,93471011,2009-10-09,Critical,25,901.32000,0.10,Express Air,338.01,37.94,5.08
7190,59591,218565,38326802,2009-10-09,Not Specified,29,195.82000,0.07,Regular Air,-91.70,6.48,7.07
132,54819,275481,60181220,2009-10-10,Low,46,2710.50550,0.03,Regular Air,624.12,65.99,8.80
1833,28002,704553,70121056,2009-10-10,Critical,5,43.55000,0.10,Regular Air,-3.64,9.11,2.15
1909,54819,482686,60181220,2009-10-10,Low,10,53.32000,0.07,Regular Air,-20.68,4.97,5.71
5305,54819,430465,60181220,2009-10-10,Low,26,64.03000,0.09,Regular Air,11.42,2.62,0.80
5391,16610,1029312,13884388,2009-10-10,High,19,659.13000,0.09,Regular Air,187.57,35.94,6.66
1431,46756,494051,64639386,2009-10-11,Medium,3,33.64000,0.01,Regular Air,-22.45,7.28,11.15
3017,26146,745182,57458136,2009-10-11,Low,13,1351.76000,0.03,Regular Air,107.31,104.65,18.93
3211,48420,1050983,95501313,2009-10-11,Low,46,863.26000,0.09,Express Air,229.60,19.23,6.15
3247,9926,176425,9175306,2009-10-11,High,25,158.83000,0.00,Regular Air,-56.97,5.77,5.92
4654,26146,730958,57458136,2009-10-11,Low,49,595.40000,0.03,Regular Air,-148.85,11.66,7.95
3321,50786,621737,20864775,2009-10-12,Low,4,487.72000,0.06,Delivery Truck,-192.30,119.99,14.00
5679,40708,475614,13314221,2009-10-12,Not Specified,15,103.55000,0.03,Regular Air,19.59,6.68,1.50
3,17024,778385,40732966,2009-10-13,Medium,31,1401.75000,0.02,Regular Air,426.44,42.98,4.62
474,8835,318979,10136898,2009-10-13,Critical,12,153.44000,0.05,Regular Air,-6.15,12.20,6.02
1801,53766,95746,57657373,2009-10-13,Not Specified,22,3122.55000,0.07,Delivery Truck,-574.56,145.98,46.20
2866,43360,332624,58852314,2009-10-13,Low,48,112.16000,0.00,Regular Air,-178.29,2.08,5.33
4560,22208,630917,36470311,2009-10-13,High,37,1138.43000,0.01,Regular Air,18.59,30.97,4.00
161,56995,730110,55283064,2009-10-15,Medium,27,157.57000,0.08,Express Air,-57.06,5.74,5.01
387,47108,250333,64043844,2009-10-15,Not Specified,9,1288.51500,0.08,Express Air,-382.57,175.99,8.99
388,47108,236065,64043844,2009-10-15,Not Specified,19,359.68000,0.07,Regular Air,187.15,18.65,3.77
2042,47108,445991,64043844,2009-10-15,Not Specified,7,131.55000,0.06,Regular Air,-43.74,17.98,8.51
2227,17028,934530,38326802,2009-10-15,High,19,513.50000,0.02,Regular Air,82.96,25.99,5.37
2423,57248,392183,4067436,2009-10-15,Critical,34,167.50000,0.04,Regular Air,-84.42,4.98,4.95
5097,40160,924921,38268269,2009-10-15,Critical,23,1404.22000,0.10,Regular Air,202.87,63.94,14.48
7062,47108,87058,64043844,2009-10-15,Not Specified,26,258.11000,0.10,Express Air,9.95,9.99,4.78
7584,8165,584472,7210830,2009-10-15,Low,35,183.45000,0.01,Regular Air,-149.66,4.98,7.44
329,31493,318979,90627719,2009-10-17,High,8,112.47000,0.00,Express Air,46.74,12.20,6.02
528,7906,114359,68223869,2009-10-17,Medium,37,1003.06000,0.03,Regular Air,271.78,25.98,5.37
5946,43044,147664,64392832,2009-10-17,Medium,3,19707.20000,0.04,Regular Air,-12558.00,6783.02,24.49
5947,43044,272408,64392832,2009-10-17,Medium,23,103.50000,0.06,Regular Air,-73.07,4.24,5.41
6505,13761,632743,61997425,2009-10-17,Low,32,2421.44000,0.09,Regular Air,-949.09,78.80,35.00
4690,26342,687346,35540504,2009-10-18,Low,24,265.35000,0.02,Regular Air,-128.69,9.99,11.59
6096,41255,161786,43859307,2009-10-18,Low,22,1333.19000,0.01,Regular Air,331.48,60.65,12.23
6582,2086,715054,88719131,2009-10-18,Critical,9,1246.68000,0.01,Regular Air,218.48,128.24,12.65
6584,2086,623868,88719131,2009-10-18,Critical,38,2115.24200,0.04,Regular Air,371.41,65.99,8.99
7732,26342,629734,35540504,2009-10-18,Low,41,1993.94000,0.02,Regular Air,931.70,48.04,5.79
7733,26342,1054832,35540504,2009-10-18,Low,3,24.73000,0.04,Regular Air,-10.77,6.68,4.91
7839,2086,985033,88719131,2009-10-18,Critical,24,1411.58000,0.01,Express Air,699.31,55.98,4.86
3126,39649,677137,60814472,2009-10-19,High,10,1351.65300,0.01,Express Air,-202.85,155.99,8.99
4030,28614,381438,88611817,2009-10-19,Critical,50,7827.51000,0.05,Regular Air,2992.80,159.99,5.50
5077,52615,242307,69473872,2009-10-19,Low,4,67.22000,0.05,Regular Air,-139.53,4.48,49.00
6702,52615,272408,69473872,2009-10-19,Low,18,76.85000,0.10,Regular Air,-64.08,4.24,5.41
7303,53222,265285,19748793,2009-10-19,Low,2,21.71000,0.07,Regular Air,-15.13,6.48,9.54
7765,39649,333937,60814472,2009-10-19,High,9,63.00000,0.01,Regular Air,-17.48,5.98,5.46
2219,19522,49841,55790716,2009-10-20,Medium,44,161.80000,0.06,Regular Air,21.34,3.80,1.49
2907,36835,116470,54239905,2009-10-20,Critical,39,12073.06000,0.03,Regular Air,5081.87,315.98,19.99
3154,50626,710507,11405224,2009-10-20,Medium,42,26126.92000,0.04,Regular Air,9498.60,599.99,24.49
3859,19522,592380,55790716,2009-10-20,Medium,37,64.36000,0.06,Regular Air,-1.53,1.76,0.70
4088,16196,332190,39020168,2009-10-20,High,44,14521.39000,0.03,Regular Air,5034.15,320.98,24.49
4547,36835,924921,54239905,2009-10-20,Critical,18,1175.53000,0.03,Regular Air,257.59,63.94,14.48
4789,12581,930353,27064579,2009-10-20,High,31,1768.96900,0.00,Express Air,341.10,65.99,5.99
5820,16196,746290,39020168,2009-10-20,High,39,3925.97150,0.06,Regular Air,671.95,125.99,8.80
6295,36835,165300,54239905,2009-10-20,Critical,25,6685.05000,0.09,Regular Air,1653.60,276.20,24.49
6484,50626,288283,11405224,2009-10-20,Medium,18,3267.41000,0.00,Delivery Truck,248.19,170.98,35.89
899,11335,1000550,89205766,2009-10-21,High,3,14.84000,0.08,Regular Air,-2.42,4.98,0.49
2356,11335,621737,89205766,2009-10-21,High,8,922.47000,0.09,Delivery Truck,-13.10,119.99,14.00
3237,58693,166184,26729175,2009-10-21,Low,50,876.64000,0.00,Regular Air,-126.68,15.99,13.18
6013,26565,98988,98340679,2009-10-21,Medium,49,21337.27000,0.02,Regular Air,7606.00,419.19,19.99
6392,6246,866383,24699845,2009-10-21,Not Specified,13,52.38000,0.06,Regular Air,11.72,3.93,0.99
7592,48929,712459,102974960,2009-10-22,High,45,2096.70000,0.03,Regular Air,939.67,47.90,5.86
8020,48929,574567,20370095,2009-10-22,High,1,55.43000,0.01,Regular Air,-48.91,35.44,19.99
2804,34918,507788,51328978,2009-10-23,Medium,12,2230.97000,0.06,Delivery Truck,273.27,180.98,26.20
2986,34631,205200,19477891,2009-10-23,Not Specified,19,12616.20000,0.07,Regular Air,2808.22,699.99,24.49
2987,34631,821997,19477891,2009-10-23,Not Specified,5,22.06000,0.06,Regular Air,-22.28,3.36,6.27
4441,34918,340286,51328978,2009-10-23,Medium,25,200.77000,0.01,Regular Air,-60.61,7.28,7.98
138,38887,463033,92369283,2009-10-24,Critical,25,378.90000,0.02,Regular Air,28.46,14.45,7.17
1910,38887,512058,92369283,2009-10-24,Critical,50,264.05000,0.07,Regular Air,25.05,5.58,1.99
4859,4835,192250,40929835,2009-10-24,Critical,3,9.40000,0.04,Regular Air,-7.60,2.52,1.92
2851,50656,126813,73221313,2009-10-25,Critical,39,485.97000,0.02,Regular Air,48.60,12.58,5.16
2852,50656,243623,73221313,2009-10-25,Critical,15,109.71000,0.10,Regular Air,-20.95,7.70,3.68
2853,50656,210383,73221313,2009-10-25,Critical,42,194.20000,0.00,Regular Air,-139.13,4.37,5.15
4495,50656,528974,73221313,2009-10-25,Critical,31,16451.33000,0.01,Delivery Truck,5325.14,500.98,56.00
6296,17124,701718,54239905,2009-10-25,Critical,39,128.31000,0.05,Express Air,-55.72,3.14,1.92
6092,38599,795486,81466627,2009-10-26,High,27,2651.23000,0.09,Regular Air,-741.81,101.41,35.00
636,17251,259219,5130941,2009-10-27,Not Specified,26,2951.43800,0.00,Regular Air,667.28,125.99,8.99
3565,15904,793720,48076280,2009-10-27,Not Specified,39,124.01000,0.08,Regular Air,-109.02,3.28,3.97
5293,15904,930243,48076280,2009-10-27,Not Specified,49,1836.84000,0.09,Express Air,129.95,40.97,8.99
3519,7623,1070903,75726086,2009-10-28,Critical,18,5459.32000,0.03,Regular Air,1603.12,300.65,24.49
3551,32737,209835,47450738,2009-10-28,High,14,367.11000,0.09,Regular Air,116.80,28.53,1.49
6934,7623,632804,75726086,2009-10-28,Critical,37,1793.42000,0.06,Regular Air,21.50,49.99,19.99
6936,7623,569266,75726086,2009-10-28,Critical,32,3080.07000,0.10,Regular Air,1480.15,104.85,4.65
7224,48896,473902,79423257,2009-10-28,Critical,43,856.90000,0.02,Regular Air,106.93,18.97,9.54
7551,19105,536441,54579803,2009-10-28,High,31,1370.56000,0.10,Regular Air,511.51,48.91,5.97
7552,19105,333937,54579803,2009-10-28,High,29,172.98000,0.08,Regular Air,-59.75,5.98,5.46
61,22628,682640,104239922,2009-10-29,Medium,30,2951.70000,0.02,Delivery Truck,-1111.45,95.95,74.35
235,3395,498918,95284420,2009-10-29,Not Specified,1,13.16000,0.03,Regular Air,-10.29,7.35,5.96
237,3395,432501,95284420,2009-10-29,Not Specified,31,181.17000,0.06,Express Air,-59.88,5.38,5.24
996,52291,106849,93537500,2009-10-29,Critical,5,88.31500,0.01,Regular Air,-72.40,20.99,0.99
1003,31910,753117,8368712,2009-10-29,Medium,6,187.63750,0.03,Regular Air,-190.03,35.99,5.00
3620,3395,326842,95284420,2009-10-29,Not Specified,29,623.02000,0.02,Regular Air,-255.66,20.89,11.52
4047,52291,308520,93537500,2009-10-29,Critical,48,287.54000,0.04,Regular Air,57.28,5.98,0.96
4548,56064,209835,54239905,2009-10-29,Medium,41,1169.26000,0.02,Regular Air,515.62,28.53,1.49
5354,3395,845743,95284420,2009-10-29,Not Specified,7,107.88000,0.02,Regular Air,25.59,15.57,1.39
2556,44134,1100539,20711305,2009-10-30,High,35,620.02000,0.05,Regular Air,50.04,17.67,8.99
5399,26627,317714,51065809,2009-10-30,Medium,25,38.37000,0.10,Regular Air,-13.88,1.60,1.29
6149,43554,707900,62992734,2009-10-30,Critical,9,34.18000,0.06,Regular Air,-5.46,3.60,2.20
6368,20229,430465,19029328,2009-10-30,Low,47,116.06000,0.10,Regular Air,25.20,2.62,0.80
416,24003,774393,26405324,2009-10-31,Critical,50,1318.49000,0.02,Regular Air,4.69,24.98,8.79
1119,24003,803900,7432978,2009-10-31,Critical,4,129.78650,0.05,Express Air,-116.51,35.99,5.99
1632,24003,154089,42701778,2009-10-31,Critical,9,11.89000,0.06,Regular Air,-6.12,1.26,0.70
3716,24003,592380,26405324,2009-10-31,Critical,49,87.44000,0.06,Regular Air,1.33,1.76,0.70
6150,28419,747572,62992734,2009-10-31,Low,9,133.85000,0.03,Express Air,-5.28,13.48,4.51
1162,38852,207983,19750832,2009-11-01,Not Specified,25,152.31000,0.03,Regular Air,38.08,5.98,1.49
123,38564,480920,40615970,2009-11-02,Critical,21,98.51000,0.10,Express Air,45.93,4.13,0.50
771,21314,182998,79423257,2009-11-02,Low,6,56.22000,0.04,Regular Air,-20.39,8.60,6.19
772,21314,671340,79423257,2009-11-02,Low,40,3169.99200,0.08,Delivery Truck,-973.30,105.49,41.64
1278,8103,612766,87691641,2009-11-02,Low,16,457.68000,0.07,Regular Air,107.38,29.17,6.27
2231,42338,924265,50857062,2009-11-02,Not Specified,14,63.91000,0.04,Regular Air,-44.47,4.14,6.60
2650,18178,1100539,59450419,2009-11-02,Low,10,187.46000,0.00,Regular Air,49.85,17.67,8.99
3571,38564,630917,40615970,2009-11-02,Critical,31,904.93000,0.08,Regular Air,-53.40,30.97,4.00
4259,18178,242307,59450419,2009-11-02,Low,43,235.09000,0.08,Regular Air,-1987.49,4.48,49.00
5033,38564,661224,33133679,2009-11-02,Critical,37,9517.60000,0.09,Delivery Truck,-1262.44,280.98,57.00
5594,42338,828775,50857062,2009-11-02,Not Specified,32,1909.00650,0.01,Regular Air,344.13,65.99,8.99
5661,21314,154899,79423257,2009-11-02,Low,30,107.96000,0.01,Regular Air,13.24,3.58,1.63
74,36896,464128,63582475,2009-11-03,Critical,12,34.01000,0.00,Regular Air,10.58,2.61,0.50
661,44231,251489,39086044,2009-11-03,Not Specified,24,2343.07600,0.06,Regular Air,311.64,115.99,8.99
664,44231,841915,39086044,2009-11-03,Not Specified,43,784.72000,0.01,Regular Air,-87.96,17.98,4.00
1342,28389,213268,70563874,2009-11-03,High,22,668.39000,0.07,Regular Air,344.61,30.93,3.92
1876,36896,980324,63582475,2009-11-03,Critical,41,1008.95000,0.04,Express Air,69.31,25.38,8.99
3728,50081,77414,51940252,2009-11-03,Not Specified,7,538.51000,0.00,Delivery Truck,-88.75,70.98,26.74
4261,28389,839366,70563874,2009-11-03,High,7,2097.94000,0.07,Delivery Truck,-404.05,296.18,54.12
5267,36896,242881,63582475,2009-11-03,Critical,21,3508.33000,0.04,Regular Air,-546.98,167.27,35.00
5551,32675,37176,58189342,2009-11-03,High,20,6865.19000,0.09,Delivery Truck,1541.68,349.45,60.00
5581,44231,953470,39086044,2009-11-03,Not Specified,11,1865.94000,0.04,Delivery Truck,116.10,160.98,30.00
6481,15105,797793,67300487,2009-11-03,Low,39,460.43000,0.07,Regular Air,-76.18,12.28,6.13
727,50336,963970,79221218,2009-11-04,Not Specified,9,58.98000,0.00,Regular Air,-17.79,5.77,4.97
1120,34883,803900,71098769,2009-11-04,Critical,31,906.01500,0.05,Regular Air,248.67,35.99,5.99
1391,3332,302731,34104001,2009-11-04,Critical,6,22.19000,0.01,Regular Air,-3.51,3.26,1.86
1566,37731,232452,13638622,2009-11-04,Critical,25,88.37000,0.09,Regular Air,33.68,3.75,0.50
3814,28259,124828,28609672,2009-11-04,High,22,249.24000,0.06,Regular Air,-92.10,10.97,6.50
4478,9057,725611,22838558,2009-11-04,Critical,20,160.29000,0.01,Regular Air,1.35,7.59,4.00
4895,40261,583300,48663618,2009-11-04,Critical,26,78.03000,0.05,Regular Air,0.51,2.94,1.05
6611,40261,999980,48663618,2009-11-04,Critical,36,331.37000,0.03,Express Air,-172.17,9.06,9.86
7387,37731,528466,41823417,2009-11-04,Critical,24,752.63000,0.01,Regular Air,172.94,30.98,9.18
1105,26374,933326,53790877,2009-11-05,Not Specified,5,90.94150,0.05,Regular Air,-109.42,20.99,3.30
2872,5856,490695,10575811,2009-11-05,High,42,10307.01000,0.00,Delivery Truck,3025.59,230.98,23.78
3328,32291,131291,43820994,2009-11-05,Medium,4,68.03000,0.02,Regular Air,-29.42,15.14,4.53
3684,18247,725611,65181272,2009-11-05,Not Specified,20,155.80000,0.00,Regular Air,27.22,7.59,4.00
6571,32291,452225,43820994,2009-11-05,Medium,13,183.22000,0.01,Regular Air,-100.89,12.99,14.37
1749,18533,560855,93179234,2009-11-06,Not Specified,5,53.73700,0.05,Express Air,-28.44,7.99,5.03
2936,18533,887573,93179234,2009-11-06,Not Specified,27,442.57000,0.01,Regular Air,-60.73,15.31,8.78
1332,26337,399302,29954408,2009-11-07,Critical,45,153.27000,0.08,Regular Air,60.29,3.69,0.50
1082,37793,863849,67912275,2009-11-08,Not Specified,16,224.47000,0.08,Regular Air,-49.31,13.90,7.59
1691,46151,182998,4514530,2009-11-08,Critical,23,203.91000,0.02,Regular Air,-35.44,8.60,6.19
4077,16679,188964,12932634,2009-11-08,Low,29,6481.95000,0.09,Delivery Truck,846.23,243.98,43.32
6860,31873,434079,39017689,2009-11-08,Low,14,2465.50150,0.06,Regular Air,13.01,205.99,8.99
6862,31873,240546,39017689,2009-11-08,Low,50,8558.47150,0.06,Regular Air,2539.46,205.99,8.99
6863,31873,181963,39017689,2009-11-08,Low,2,141.59000,0.05,Regular Air,-91.09,70.97,3.50
7981,31873,736435,39017689,2009-11-08,Low,42,236.89000,0.00,Regular Air,-125.29,5.28,6.26
7113,34788,591346,23795937,2009-11-09,High,4,30.47000,0.02,Regular Air,-10.70,5.98,5.15
692,56706,930660,88925672,2009-11-10,High,7,754.92000,0.00,Regular Air,-129.57,99.99,19.99
2259,46848,271693,28773850,2009-11-10,Medium,39,3842.99000,0.04,Regular Air,-67.68,95.43,19.99
4890,37025,457455,10582134,2009-11-10,High,37,641.89000,0.03,Regular Air,207.30,17.48,1.99
5174,53508,588162,16533423,2009-11-10,High,13,1072.22000,0.03,Regular Air,149.64,80.98,7.18
6438,41415,334736,77951322,2009-11-10,Low,10,80.92000,0.09,Regular Air,-20.16,7.64,5.83
6743,53508,250373,16533423,2009-11-10,High,25,342.85000,0.06,Regular Air,-32.42,13.99,7.51
7944,53508,5889,16533423,2009-11-10,High,4,62.48000,0.06,Regular Air,1.06,15.04,1.97
3249,21922,532104,31353881,2009-11-11,High,11,108.85000,0.08,Regular Air,10.58,9.77,6.02
4808,21922,528974,31353881,2009-11-11,High,17,8937.38000,0.01,Delivery Truck,2383.42,500.98,26.00
4811,21922,506093,31353881,2009-11-11,High,49,157.47000,0.09,Regular Air,8.07,3.28,0.98
6527,10562,1064589,72796983,2009-11-11,Not Specified,10,994.04000,0.03,Regular Air,-335.06,95.99,35.00
1890,28583,801720,56764115,2009-11-12,Critical,25,5811.72000,0.03,Regular Air,2431.60,223.98,15.01
4631,51392,647762,17497455,2009-11-12,Medium,10,254.89000,0.09,Regular Air,-106.58,26.31,5.89
5423,42144,462054,75322156,2009-11-12,Medium,10,670.03000,0.01,Express Air,-326.47,64.65,35.00
3066,27463,980324,56692640,2009-11-13,Medium,31,835.11000,0.00,Regular Air,213.79,25.38,8.99
7740,27463,195368,56692640,2009-11-13,Medium,10,54.52000,0.01,Regular Air,-20.57,4.98,4.72
1014,20263,586808,91345374,2009-11-14,Medium,33,553.56250,0.08,Regular Air,-76.86,20.99,1.25
1478,47943,188015,73337961,2009-11-14,Medium,12,61.09000,0.04,Regular Air,24.06,4.91,0.50
1479,47943,751450,73337961,2009-11-14,Medium,48,777.76000,0.02,Regular Air,63.46,15.94,5.45
2421,20263,240412,91345374,2009-11-14,Medium,8,473.70000,0.05,Regular Air,72.51,59.78,10.29
5670,13091,572974,12346524,2009-11-15,Medium,39,883.15000,0.01,Regular Air,-1148.19,20.34,35.00
7232,13091,621412,12346524,2009-11-15,Medium,12,81.43000,0.08,Regular Air,-44.66,6.48,7.03
1121,11332,803900,27211235,2009-11-16,Low,6,184.33100,0.07,Regular Air,-89.20,35.99,5.99
2896,32710,789960,20484349,2009-11-16,High,43,540.33000,0.04,Regular Air,-59.06,12.44,6.27
3444,55554,567128,24754584,2009-11-16,Critical,9,95.09000,0.09,Regular Air,-13.53,10.98,3.37
4132,11332,607575,27211235,2009-11-16,Low,23,1223.37950,0.08,Express Air,83.57,65.99,5.92
4883,49504,463313,32369615,2009-11-16,Not Specified,45,318.94000,0.10,Regular Air,-195.60,7.37,5.53
4920,55554,116812,24754584,2009-11-16,Critical,49,150.06000,0.02,Regular Air,30.97,2.88,0.70
5867,4931,609559,55032223,2009-11-16,Critical,45,4282.72500,0.03,Regular Air,1371.74,110.99,2.50
7361,4931,363937,55032223,2009-11-16,Critical,22,168.31000,0.10,Regular Air,46.49,8.17,1.69
7867,55554,473902,24754584,2009-11-16,Critical,6,122.09000,0.04,Regular Air,-15.20,18.97,9.54
179,7744,547380,102252318,2009-11-17,Low,1,8.34000,0.09,Regular Air,-3.44,7.64,1.39
482,9126,469515,103235308,2009-11-17,Medium,47,2799.70000,0.04,Regular Air,884.08,62.05,3.99
2593,22407,749689,70050666,2009-11-17,Not Specified,20,676.44000,0.07,Regular Air,48.76,34.54,14.72
3257,21445,392324,31645785,2009-11-17,Low,14,75.15000,0.02,Express Air,-63.53,4.06,6.89
3597,7744,1006802,102252318,2009-11-17,Low,26,4286.55000,0.07,Regular Air,1416.70,172.99,19.99
5943,22407,573539,70050666,2009-11-17,Not Specified,15,526.82000,0.06,Express Air,32.34,34.58,8.99
6545,21445,991431,31645785,2009-11-17,Low,43,400.45000,0.07,Regular Air,-38.58,9.49,5.76
7433,22407,50374,70050666,2009-11-17,Not Specified,10,128.02000,0.02,Regular Air,-7.90,12.28,6.47
273,17282,612766,72489079,2009-11-18,Low,37,988.42000,0.09,Regular Air,253.94,29.17,6.27
5346,56608,489579,73966703,2009-11-18,Critical,23,42.23000,0.10,Regular Air,-15.11,1.89,0.76
7883,14336,88473,24718220,2009-11-18,High,4,174.55000,0.05,Express Air,-114.39,39.99,10.25
2152,5920,149455,93726727,2009-11-19,High,4,582.59000,0.07,Regular Air,-121.75,155.06,7.07
3636,15139,279374,14548487,2009-11-19,High,17,5203.90000,0.07,Delivery Truck,636.20,300.98,64.73
5371,15139,945963,14548487,2009-11-19,High,33,744.12000,0.01,Delivery Truck,-1163.21,20.98,45.00
744,57409,403726,28773850,2009-11-20,Not Specified,34,6236.47550,0.03,Regular Air,1928.66,205.99,3.00
1084,40965,259517,61503030,2009-11-20,Medium,39,1836.18700,0.06,Regular Air,-139.84,55.99,5.00
1672,33189,428422,93660979,2009-11-20,Low,3,87.21000,0.02,Regular Air,-96.54,27.48,4.00
2371,25926,962312,56549626,2009-11-20,High,23,331.54000,0.05,Regular Air,9.41,14.27,7.27
2917,48198,338935,36470311,2009-11-20,Critical,45,2682.80000,0.01,Regular Air,860.22,60.22,3.50
3282,3042,821950,86434424,2009-11-20,Medium,26,103.87000,0.10,Regular Air,15.42,4.26,1.20
3901,57409,1019643,28773850,2009-11-20,Not Specified,1,90.88000,0.10,Regular Air,-259.63,100.98,7.18
4108,40965,948291,61503030,2009-11-20,Medium,48,7227.42000,0.09,Delivery Truck,-385.00,159.31,60.00
4728,12706,724277,55010642,2009-11-20,Critical,46,2494.69000,0.09,Delivery Truck,-937.06,58.14,36.61
6266,33189,468265,93660979,2009-11-20,Low,5,50.19000,0.08,Regular Air,0.15,10.06,2.06
6314,48198,105743,36470311,2009-11-20,Critical,7,2813.34000,0.10,Delivery Truck,-688.44,442.14,14.70
7271,40965,538069,68926150,2009-11-20,Medium,29,843.55000,0.08,Regular Air,168.76,30.98,8.74
113,10309,178608,48076280,2009-11-21,Low,23,496.15000,0.03,Regular Air,213.38,20.98,1.49
1293,646,577331,40629636,2009-11-21,High,18,173.20000,0.01,Regular Air,-10.90,9.31,3.98
3977,24614,332937,74076626,2009-11-21,Low,33,1644.59000,0.09,Regular Air,-52.92,50.98,6.50
5977,23971,607882,40381618,2009-11-21,Critical,5,66.63000,0.00,Regular Air,-16.92,11.97,4.98
1023,11584,196162,13158064,2009-11-22,Medium,48,1497.31750,0.01,Regular Air,836.51,35.99,0.99
2092,55045,111176,69981415,2009-11-22,High,20,632.05000,0.09,Regular Air,-626.61,32.48,35.00
5215,3585,744609,79430948,2009-11-22,High,34,54.69000,0.07,Regular Air,-35.75,1.68,1.57
6764,3585,468265,79430948,2009-11-22,High,27,259.72000,0.07,Regular Air,78.05,10.06,2.06
1494,19521,767300,34851166,2009-11-23,Not Specified,9,351.06000,0.02,Regular Air,-306.32,35.48,35.00
2502,6211,361951,100481316,2009-11-23,Critical,3,68.64000,0.07,Regular Air,-38.93,21.38,8.99
3160,3492,442073,91977284,2009-11-23,Low,35,2393.63000,0.04,Regular Air,524.88,67.28,19.99
4763,3492,924995,91977284,2009-11-23,Low,33,94.60000,0.04,Regular Air,-6.34,2.78,1.25
4765,3492,34354,91977284,2009-11-23,Low,49,6177.53000,0.10,Delivery Truck,-1195.12,130.98,54.74
4783,46052,924921,50446311,2009-11-23,Medium,37,2374.35000,0.05,Regular Air,878.21,63.94,14.48
5188,22885,238464,98169666,2009-11-23,Medium,4,56.47000,0.05,Regular Air,-29.90,12.88,4.59
5787,48295,200147,91345374,2009-11-23,Medium,48,10051.52000,0.05,Regular Air,4938.78,204.10,13.99
5881,6211,1029916,100481316,2009-11-23,Critical,28,67.72000,0.01,Regular Air,-142.67,2.16,6.05
6509,46052,607634,50446311,2009-11-23,Medium,39,729.21000,0.00,Express Air,194.15,17.78,5.03
6757,34689,203328,38345574,2009-11-23,Low,36,572.40000,0.07,Regular Air,-39.50,16.91,6.25
293,11909,106849,19890992,2009-11-24,Not Specified,11,194.17400,0.03,Regular Air,-20.91,20.99,0.99
865,19943,491105,41053630,2009-11-24,Critical,16,1959.92000,0.07,Delivery Truck,-374.96,124.49,51.94
2084,40835,995197,77418915,2009-11-24,High,26,393.59000,0.06,Regular Air,-8.08,15.01,8.40
3737,40835,375957,77418915,2009-11-24,High,14,551.18000,0.09,Regular Air,-326.97,40.48,19.99
3942,10183,870163,31290794,2009-11-24,Critical,48,1210.02000,0.06,Delivery Truck,-279.44,25.98,14.36
5465,40835,797793,77418915,2009-11-24,High,1,18.73000,0.05,Regular Air,-6.68,12.28,6.13
193,998,881139,31594679,2009-11-25,Not Specified,16,248.26000,0.07,Regular Air,93.80,15.74,1.39
1315,48710,30902,40381618,2009-11-25,Medium,4,29.24000,0.01,Regular Air,-1.73,6.98,1.60
2639,30726,138181,69252035,2009-11-25,Medium,35,725.15000,0.05,Regular Air,140.57,20.27,3.99
3903,17668,457455,103048242,2009-11-25,Medium,49,848.92000,0.04,Regular Air,296.06,17.48,1.99
4396,55875,725611,63590330,2009-11-25,Critical,50,413.86000,0.00,Regular Air,39.29,7.59,4.00
5646,17668,218863,103048242,2009-11-25,Medium,13,2219.73250,0.04,Express Air,-69.78,205.99,5.00
5647,17668,871182,103048242,2009-11-25,Medium,24,6930.97000,0.05,Regular Air,2574.12,300.98,13.99
6146,55875,539839,63590330,2009-11-25,Critical,31,178.45000,0.09,Regular Air,-104.96,5.98,4.69
6233,10884,748835,55591205,2009-11-25,Low,24,2525.98750,0.09,Regular Air,416.67,125.99,8.99
6537,32195,957636,102946420,2009-11-25,Medium,7,86.29000,0.05,Regular Air,-14.03,11.58,6.97
823,55906,783568,74002740,2009-11-26,Critical,15,120.52000,0.06,Regular Air,43.92,7.98,1.25
824,55906,731566,74002740,2009-11-26,Critical,49,276.30000,0.02,Regular Air,14.84,5.58,2.99
2314,55906,735275,74002740,2009-11-26,Critical,42,2269.01000,0.02,Regular Air,-19.37,54.10,19.99
2010,52035,205200,72058336,2009-11-27,High,29,20872.16000,0.03,Regular Air,-4437.91,699.99,24.49
1881,5511,779056,25507147,2009-11-28,Critical,46,129.44000,0.02,Express Air,-5.54,2.58,1.30
5279,5511,664514,25507147,2009-11-28,Critical,32,1829.38700,0.02,Regular Air,482.45,65.99,3.90
6717,39717,455572,77343403,2009-11-28,High,20,835.48000,0.06,Regular Air,-58.13,43.57,16.36
7577,15074,940550,63686255,2009-11-28,Not Specified,27,941.40000,0.05,Regular Air,369.48,35.44,5.09
1560,20710,464128,23905406,2009-11-29,High,26,67.40000,0.07,Regular Air,22.71,2.61,0.50
2195,38947,304170,58951505,2009-11-29,Critical,20,307.46000,0.02,Regular Air,4.91,14.58,7.40
2710,37924,742923,4035756,2009-11-29,High,49,8094.55000,0.05,Regular Air,2008.71,165.20,19.99
3985,37924,662058,40500528,2009-11-29,High,21,352.44000,0.09,Regular Air,-80.53,17.99,8.65
4433,20710,192351,23905406,2009-11-29,High,31,180.70000,0.10,Regular Air,-94.61,5.98,3.85
6472,36707,200320,51305287,2009-11-29,Medium,47,181.78000,0.02,Regular Air,71.56,3.78,0.71
1350,12258,519606,65013142,2009-11-30,Low,27,113.40000,0.05,Express Air,-5.02,3.95,2.00
1408,57061,428893,28941888,2009-11-30,Low,6,36.56000,0.07,Regular Air,6.22,6.30,0.50
1409,57061,877669,28941888,2009-11-30,Low,21,470.79000,0.04,Regular Air,-80.11,22.38,15.10
2655,12258,50693,65013142,2009-11-30,Low,2,55.60000,0.06,Regular Air,-52.54,3.25,49.00
5535,36416,545294,81275177,2009-11-30,Low,46,132.01000,0.04,Regular Air,6.93,2.88,1.01
6005,12258,251563,65013142,2009-11-30,Low,3,561.65000,0.04,Delivery Truck,-264.94,180.98,30.00
6007,12258,221286,65013142,2009-11-30,Low,22,2431.13000,0.01,Regular Air,660.63,110.98,13.99
6048,57061,607634,28941888,2009-11-30,Low,3,55.17000,0.06,Regular Air,46.84,17.78,5.03
7144,36416,1036589,81275177,2009-11-30,Low,44,276.00000,0.08,Regular Air,-98.53,6.48,5.82
50,6592,260010,74639533,2009-12-01,Low,29,194.29000,0.09,Regular Air,-177.17,6.84,8.37
793,38594,851117,76978560,2009-12-01,Medium,26,1011.90000,0.07,Regular Air,247.94,39.48,1.99
1202,52070,570526,86789397,2009-12-01,Not Specified,29,67.97000,0.06,Regular Air,-109.94,2.28,5.20
2274,39844,271693,74945261,2009-12-01,Not Specified,47,4387.24000,0.09,Regular Air,-286.47,95.43,19.99
5249,6592,845612,74639533,2009-12-01,Low,33,1621.10000,0.07,Express Air,-971.36,48.91,35.00
543,36355,89922,78769548,2009-12-02,Medium,9,61.43000,0.09,Express Air,-42.98,5.40,7.78
567,46113,217285,13226561,2009-12-02,Not Specified,18,2567.13000,0.02,Express Air,945.54,136.98,24.49
2201,21635,642280,104503994,2009-12-02,Low,2,65.31000,0.00,Regular Air,-34.42,24.92,12.98
3044,645,222984,10128489,2009-12-02,High,42,557.85000,0.05,Regular Air,89.45,12.95,4.98
3788,36355,134191,78769548,2009-12-02,Medium,43,90.93000,0.05,Regular Air,-72.50,2.08,2.56
3789,36355,855099,78769548,2009-12-02,Medium,10,125.95000,0.00,Regular Air,15.73,11.55,2.36
5519,36355,487515,78769548,2009-12-02,Medium,6,129.50000,0.02,Regular Air,65.49,20.28,6.68
6834,49668,428687,96127896,2009-12-02,Low,25,93.22000,0.06,Regular Air,-15.37,3.74,0.94
4574,17317,727825,104907203,2009-12-03,Not Specified,7,34.66000,0.06,Regular Air,-20.87,4.42,4.99
278,15040,704553,27242353,2009-12-04,Low,48,410.35000,0.10,Express Air,114.02,9.11,2.15
1894,29889,675127,44817590,2009-12-04,Not Specified,44,243.50000,0.09,Regular Air,23.87,5.98,1.67
3938,13479,391953,54628732,2009-12-04,High,13,2206.99100,0.04,Regular Air,-1.63,205.99,5.26
7239,13479,690859,54628732,2009-12-04,High,3,292.96000,0.09,Regular Air,-322.95,99.99,19.99
40,1444,757487,78224739,2009-12-05,Medium,24,416.40000,0.02,Regular Air,24.33,17.15,4.96
2205,1444,205200,45914050,2009-12-05,Medium,32,21717.36000,0.06,Express Air,8249.86,699.99,24.49
5229,16032,489031,65176427,2009-12-05,Low,35,436.98000,0.07,Regular Air,75.61,12.64,4.98
5556,1444,588803,85401643,2009-12-05,Medium,13,15823.27000,0.04,Delivery Truck,1759.34,1360.14,14.70
5816,36069,724251,24098604,2009-12-05,Low,15,2758.22000,0.00,Regular Air,966.81,170.98,13.99
5817,36069,1029312,24098604,2009-12-05,Low,13,453.09000,0.09,Regular Air,107.74,35.94,6.66
6365,50275,388220,19029328,2009-12-05,Medium,5,9704.37000,0.03,Express Air,-1565.91,1938.02,13.99
7157,1444,538069,85401643,2009-12-05,Medium,25,772.24000,0.07,Regular Air,181.98,30.98,8.74
7331,36069,584472,24098604,2009-12-05,Low,20,102.61000,0.09,Regular Air,-92.01,4.98,7.44
7686,50275,156272,19029328,2009-12-05,Medium,31,211.94000,0.05,Regular Air,-56.39,6.48,5.84
8048,1444,345717,48928701,2009-12-05,Medium,2,21.44000,0.02,Regular Air,-13.67,6.48,8.74
545,16480,89922,93726727,2009-12-06,Not Specified,14,87.23000,0.09,Express Air,-69.53,5.40,7.78
2286,24737,507788,93141025,2009-12-06,High,3,549.92000,0.09,Delivery Truck,-210.97,180.98,26.20
2632,45959,150664,35080446,2009-12-06,Medium,15,201.74000,0.08,Express Air,-2.63,12.53,7.17
2863,24455,456173,51145168,2009-12-06,Not Specified,41,152.59000,0.07,Regular Air,27.38,3.98,0.83
4469,45824,949076,104393625,2009-12-06,Not Specified,44,6123.48000,0.08,Regular Air,1232.79,140.81,24.49
4500,24455,116401,51145168,2009-12-06,Not Specified,8,169.11000,0.00,Regular Air,-10.59,20.89,1.99
5313,46528,802024,90514203,2009-12-06,Medium,43,2980.15000,0.05,Express Air,-865.98,70.71,37.58
6439,39015,582987,94228765,2009-12-06,Medium,13,5236.14000,0.05,Delivery Truck,567.59,399.98,12.06
6975,46528,473902,90514203,2009-12-06,Medium,23,476.04000,0.01,Regular Air,57.25,18.97,9.54
7234,24737,155203,93141025,2009-12-06,High,26,182.09000,0.00,Regular Air,-28.15,6.48,5.19
7374,41185,552704,83349693,2009-12-06,Critical,2,18.81000,0.08,Regular Air,-12.83,5.78,7.96
7455,45959,90051,35080446,2009-12-06,Medium,35,1822.13000,0.00,Regular Air,155.17,49.99,19.99
7749,39015,250992,94228765,2009-12-06,Medium,11,74.02000,0.07,Regular Air,-28.45,6.48,5.74
926,36992,865125,12373493,2009-12-07,Medium,34,459.08000,0.04,Express Air,61.57,12.98,3.14
3380,59365,272273,64709810,2009-12-07,Medium,1,534.30000,0.05,Delivery Truck,-1220.91,535.64,14.70
5436,35457,181963,19984778,2009-12-07,Low,45,3286.27000,0.02,Regular Air,1102.58,70.97,3.50
6138,8229,539131,67857024,2009-12-07,Medium,7,3565.27000,0.04,Delivery Truck,-502.81,510.14,14.70
6139,8229,829409,67857024,2009-12-07,Medium,50,241.01000,0.00,Regular Air,-4.69,4.76,3.01
2772,37700,83432,37575390,2009-12-08,Critical,27,3390.51000,0.05,Express Air,1169.71,122.99,19.99
4880,47617,518671,27896929,2009-12-08,Not Specified,17,5001.29000,0.09,Regular Air,1680.92,304.99,19.99
1516,8290,656848,67857024,2009-12-09,Critical,32,209.02000,0.04,Regular Air,101.80,6.30,0.50
1781,50754,560855,81884459,2009-12-09,Not Specified,9,64.03050,0.06,Regular Air,-58.34,7.99,5.03
1883,41765,392183,47450738,2009-12-09,Medium,41,204.99000,0.03,Regular Air,-95.99,4.98,4.95
3525,59297,1048806,85111166,2009-12-09,Medium,13,1582.47000,0.05,Delivery Truck,-205.02,119.99,56.14
3578,51233,725611,51874025,2009-12-09,Low,3,26.50000,0.05,Regular Air,20.12,7.59,4.00
5540,48483,616627,5044115,2009-12-10,Critical,18,47.55000,0.00,Express Air,10.01,2.21,1.00
7286,56803,940944,39350213,2009-12-10,Not Specified,42,258.19000,0.10,Regular Air,-103.27,6.48,5.90
989,7527,640587,19748793,2009-12-11,Medium,37,560.39000,0.05,Regular Air,186.87,15.68,3.73
1445,2818,640587,101893757,2009-12-11,Medium,37,565.91000,0.05,Regular Air,192.39,15.68,3.73
2708,2818,548833,101893757,2009-12-11,Medium,39,593.21000,0.00,Regular Air,44.71,14.98,8.99
5774,7527,973228,19748793,2009-12-11,Medium,42,7062.61600,0.02,Regular Air,2288.64,195.99,4.20
7228,39076,736435,50955308,2009-12-11,Critical,41,222.65000,0.02,Regular Air,-131.16,5.28,6.26
7519,2818,600953,101893757,2009-12-11,Medium,2,89.23000,0.02,Regular Air,-42.72,38.76,13.26
7626,49283,50374,82208002,2009-12-11,High,25,334.71000,0.01,Regular Air,31.74,12.28,6.47
347,36999,497741,32775334,2009-12-12,Medium,3,306.62050,0.08,Express Air,-479.08,115.99,5.99
934,12224,858029,28931462,2009-12-12,High,29,842.61350,0.10,Regular Air,-208.43,35.99,5.00
936,12224,491105,28931462,2009-12-12,High,2,302.91000,0.04,Delivery Truck,-186.13,124.49,51.94
1846,21091,539739,68464052,2009-12-12,High,32,270.73000,0.10,Express Air,-54.57,8.88,6.28
2800,35364,136430,12419685,2009-12-12,Critical,29,10338.93000,0.06,Delivery Truck,-871.52,376.13,85.63
2801,35364,594189,12419685,2009-12-12,Critical,37,15897.01000,0.06,Delivery Truck,455.02,424.21,110.20
3593,28037,308871,28130934,2009-12-12,High,31,203.53000,0.06,Regular Air,-101.28,6.68,6.93
3769,52391,326842,23795937,2009-12-12,High,39,857.84000,0.02,Regular Air,-309.43,20.89,11.52
5407,36999,339698,32775334,2009-12-12,Medium,28,14475.74000,0.06,Delivery Truck,4963.89,549.99,49.00
5505,52391,701926,23795937,2009-12-12,High,36,1072.36000,0.04,Regular Air,440.48,29.14,4.86
6175,35364,538394,12419685,2009-12-12,Critical,8,1265.29300,0.06,Regular Air,-554.44,195.99,8.99
6646,29857,698263,87328286,2009-12-12,Medium,41,5572.92000,0.07,Delivery Truck,-639.47,140.98,36.09
7576,35364,721136,12419685,2009-12-12,Critical,16,72.08000,0.04,Regular Air,-54.75,4.28,5.68
407,7845,368543,57347993,2009-12-13,Critical,22,118.56000,0.06,Express Air,-63.38,4.91,5.68
4981,16102,528974,99851365,2009-12-13,Not Specified,25,13255.93000,0.02,Delivery Truck,4089.27,500.98,26.00
7074,7845,1087413,57347993,2009-12-13,Critical,45,2145.05000,0.07,Express Air,1012.67,48.94,5.86
418,54468,464128,102101268,2009-12-14,High,15,40.75000,0.03,Regular Air,12.76,2.61,0.50
1929,38400,556506,20071951,2009-12-14,Not Specified,8,114.73000,0.03,Express Air,28.08,13.73,6.85
2817,38882,381761,91078763,2009-12-14,Critical,37,4411.50000,0.10,Delivery Truck,-1799.35,122.99,70.20
3455,13120,222984,34211408,2009-12-14,Low,46,590.43000,0.09,Regular Air,82.59,12.95,4.98
3456,13120,642280,34211408,2009-12-14,Low,8,216.33000,0.00,Regular Air,-17.37,24.92,12.98
3717,54468,730958,102101268,2009-12-14,High,35,424.09000,0.01,Regular Air,-114.18,11.66,7.95
6668,1891,612619,53512689,2009-12-14,Low,3,302.36000,0.09,Regular Air,290.31,107.53,5.81
7155,5765,574567,58189342,2009-12-14,Low,23,849.46000,0.04,Regular Air,9.06,35.44,19.99
7865,38882,215636,29599945,2009-12-14,Critical,40,2169.49000,0.06,Regular Air,1043.43,55.48,4.85
1813,59556,746518,27000509,2009-12-15,Not Specified,27,43.46000,0.00,Regular Air,6.81,1.48,0.70
6397,59556,240546,27000509,2009-12-15,Not Specified,5,927.98750,0.00,Regular Air,-615.91,205.99,8.99
1305,930,424146,39669813,2009-12-16,Critical,11,79.19000,0.00,Regular Air,13.91,6.88,2.00
1978,3110,621737,74518551,2009-12-16,High,13,1601.32000,0.04,Delivery Truck,377.81,119.99,14.00
2623,930,135665,39669813,2009-12-16,Critical,22,922.39000,0.03,Express Air,-41.64,41.32,58.66
6204,48192,698263,29025972,2009-12-16,Critical,15,2277.67000,0.00,Delivery Truck,-173.96,140.98,36.09
6230,19300,334736,24149383,2009-12-16,Critical,10,78.72000,0.10,Regular Air,-22.36,7.64,5.83
8035,58144,421821,36115195,2009-12-16,Low,29,778.38000,0.01,Regular Air,257.32,26.38,5.86
248,23936,805629,101777049,2009-12-17,Medium,27,71.39000,0.09,Regular Air,-39.33,2.60,2.40
4105,46341,744609,19652929,2009-12-17,High,23,39.13000,0.10,Regular Air,-23.14,1.68,1.57
4746,15111,269538,54281706,2009-12-17,Not Specified,13,970.47000,0.10,Regular Air,192.38,81.32,0.99
1375,22947,680802,20872558,2009-12-18,Low,19,216.25000,0.09,Regular Air,58.84,12.22,2.85
1579,359,491105,7210830,2009-12-18,Medium,30,3659.66000,0.08,Delivery Truck,-500.38,124.49,51.94
1764,47207,145931,39901794,2009-12-18,Low,15,437.87000,0.09,Express Air,-111.94,30.98,6.50
3297,51975,481236,28062620,2009-12-18,Low,12,1064.78650,0.10,Regular Air,-181.01,115.99,2.50
4193,31847,868096,79410087,2009-12-18,Low,46,1692.28000,0.10,Regular Air,61.00,39.98,4.00
7941,47203,253064,29764059,2009-12-18,Critical,44,1016.26000,0.06,Regular Air,337.97,22.84,5.47
522,26240,700324,11934383,2009-12-19,Critical,39,145.68000,0.04,Regular Air,12.00,3.70,1.61
523,26240,851117,11934383,2009-12-19,Critical,38,1483.44000,0.04,Regular Air,439.77,39.48,1.99
1692,38240,182998,24574802,2009-12-19,High,4,41.53000,0.04,Regular Air,-15.53,8.60,6.19
3199,6369,826113,8444931,2009-12-19,High,30,14922.16000,0.10,Delivery Truck,545.70,550.98,45.70
3384,40356,392324,27896929,2009-12-19,Not Specified,48,201.98000,0.05,Express Air,-245.67,4.06,6.89
3483,41607,87215,96643883,2009-12-19,Medium,36,4115.74000,0.10,Regular Air,1719.47,120.98,9.07
4667,36033,401561,45783303,2009-12-19,Not Specified,15,83.02000,0.06,Express Air,-54.01,4.98,4.62
5823,38240,760927,38551290,2009-12-19,High,42,1651.07000,0.09,Regular Air,-100.49,40.98,6.50
623,1411,344239,29419345,2009-12-20,High,47,6717.93250,0.09,Regular Air,1717.89,175.99,4.99
1337,20965,460438,69084540,2009-12-20,Critical,38,2315.11000,0.06,Regular Air,532.21,59.76,9.71
2404,10624,640984,76457359,2009-12-20,Critical,23,1082.43000,0.06,Regular Air,23.97,47.98,3.61
5998,20965,973228,69084540,2009-12-20,Critical,8,1264.23050,0.07,Regular Air,-444.69,195.99,4.20
6017,6562,588803,56674083,2009-12-20,Critical,12,17274.87000,0.02,Delivery Truck,2028.12,1360.14,14.70
6018,42852,999980,56674083,2009-12-20,Not Specified,13,129.90000,0.02,Regular Air,-63.51,9.06,9.86
6835,1411,1007862,12083055,2009-12-20,High,39,5748.20000,0.09,Delivery Truck,-459.86,160.98,35.02
5197,3458,678670,9690051,2009-12-21,High,41,627.91000,0.03,Regular Air,222.08,15.28,1.99
5198,3458,828731,9690051,2009-12-21,High,28,46.89000,0.09,Regular Air,-3.83,1.76,0.70
6578,13830,639545,62950076,2009-12-21,High,27,2609.53000,0.00,Regular Air,911.66,90.48,19.99
58,37888,178608,23051437,2009-12-22,Critical,31,639.19000,0.09,Regular Air,274.90,20.98,1.49
2989,36934,56287,91212283,2009-12-22,Medium,7,1120.86000,0.02,Express Air,17.40,150.98,13.99
3630,59845,850189,100099945,2009-12-22,Low,28,120.54000,0.06,Regular Air,6.52,4.20,2.26
5361,59845,568048,100099945,2009-12-22,Low,42,200.10000,0.04,Regular Air,3.02,4.71,0.70
7508,22279,385812,86396748,2009-12-22,Not Specified,43,2463.60000,0.03,Regular Air,1040.65,54.96,10.75
7700,36934,675603,91212283,2009-12-22,Medium,2,11.51000,0.10,Regular Air,-5.16,5.43,0.95
2338,36677,125839,64790573,2009-12-23,Low,38,23255.61000,0.00,Regular Air,-734.33,599.99,24.49
3295,10434,507788,64312175,2009-12-23,High,2,383.45000,0.06,Delivery Truck,-244.47,180.98,26.20
5149,9248,690604,4926578,2009-12-23,Not Specified,41,2811.70000,0.09,Regular Air,-3074.27,71.37,69.00
3220,18689,1003701,27064579,2009-12-24,Not Specified,10,194.65000,0.05,Regular Air,-3.78,18.97,9.03
5587,36834,288283,47872917,2009-12-24,Low,11,1935.10000,0.01,Delivery Truck,-42.96,170.98,35.89
7797,18689,523991,27064579,2009-12-24,Not Specified,38,281.17000,0.01,Regular Air,-78.37,7.10,6.05
26,44576,491105,21939120,2009-12-25,Not Specified,38,5016.25000,0.01,Delivery Truck,-189.35,124.49,51.94
27,47876,91978,21939120,2009-12-25,High,8,365.22000,0.04,Regular Air,58.08,46.89,5.10
505,44576,781795,89600502,2009-12-25,Not Specified,30,1653.60700,0.02,Regular Air,294.97,65.99,5.31
3057,45986,697651,15643761,2009-12-25,Low,20,71.07000,0.08,Regular Air,-15.09,3.69,2.50
3815,21442,724277,28609672,2009-12-25,Low,48,2962.96000,0.02,Delivery Truck,-612.94,58.14,36.61
5536,21442,845743,28609672,2009-12-25,Low,48,782.93000,0.03,Regular Air,401.07,15.57,1.39
6064,11777,823075,79197180,2009-12-25,Low,39,651.45000,0.07,Regular Air,-160.56,17.70,9.47
1958,37734,579387,17767864,2009-12-26,Critical,42,601.52000,0.00,Regular Air,171.98,13.40,4.95
2643,20262,105932,45162841,2009-12-26,Not Specified,27,652.24000,0.02,Regular Air,185.04,22.72,8.99
3608,37734,23721,17767864,2009-12-26,Critical,15,1393.39000,0.08,Regular Air,84.15,100.97,7.18
4799,32101,470743,107565533,2009-12-26,Low,48,14567.15000,0.04,Delivery Truck,3799.59,291.73,48.80
1575,13824,155970,39521544,2009-12-27,Low,19,55.27000,0.05,Regular Air,19.12,2.89,0.50
2840,53382,50693,98541198,2009-12-27,Not Specified,13,88.17000,0.10,Regular Air,-572.49,3.25,49.00
4481,53382,279374,98541198,2009-12-27,Not Specified,15,4760.02000,0.00,Delivery Truck,658.88,300.98,64.73
6605,40485,967595,16724484,2009-12-27,Not Specified,7,388.71350,0.01,Regular Air,-190.42,65.99,3.99
7853,40485,333937,16724484,2009-12-27,Not Specified,36,222.25000,0.05,Regular Air,-63.77,5.98,5.46
2365,4550,670585,10766748,2009-12-28,High,32,3730.54000,0.07,Delivery Truck,1369.09,119.99,16.80
4100,57378,695980,107838267,2009-12-28,Not Specified,10,38.44000,0.01,Express Air,-26.19,3.28,3.97
5130,47201,401561,53132484,2009-12-28,Critical,18,99.55000,0.03,Express Air,-60.90,4.98,4.62
5167,11206,209835,99662735,2009-12-28,Low,6,177.67000,0.03,Regular Air,39.63,28.53,1.49
7007,44962,937092,79755549,2009-12-28,Medium,27,575.74000,0.06,Regular Air,152.60,22.24,1.99
7334,57378,247078,107838267,2009-12-28,Not Specified,9,266.27000,0.02,Regular Air,-5.70,29.89,1.99
7852,59937,1021964,30770816,2009-12-28,High,7,235.98000,0.02,Regular Air,-32.28,30.98,17.08
8060,11206,90051,77906630,2009-12-28,Low,26,1285.55000,0.09,Regular Air,-17.03,49.99,19.99
5992,6241,575546,29954408,2009-12-29,Low,24,133.94000,0.08,Express Air,45.00,5.84,1.00
5993,6241,434079,29954408,2009-12-29,Low,29,5433.08950,0.00,Regular Air,1365.28,205.99,8.99
2241,26432,800064,92656557,2009-12-30,Low,37,1420.89000,0.06,Regular Air,389.67,38.06,4.50
3882,26432,1005949,92656557,2009-12-30,Low,48,27820.34000,0.08,Regular Air,11630.15,599.99,24.49
7197,26432,538736,92656557,2009-12-30,Low,11,45.18000,0.10,Express Air,-10.77,3.98,2.97
2105,46597,222984,33681614,2009-12-31,Not Specified,10,130.36000,0.06,Regular Air,2.43,12.95,4.98
2106,46597,381761,33681614,2009-12-31,Not Specified,1,200.57000,0.00,Delivery Truck,-83.63,122.99,70.20
5489,46597,538394,33681614,2009-12-31,Not Specified,47,8216.59300,0.01,Regular Air,2463.46,195.99,8.99
